distance,cab_type,time_stamp,destination,source,price,surge_multiplier,name,ts_hour
4.51,Lyft,2018-12-15 06:35:07.613,Fenway,Financial District,7.0,1.0,Shared,2018-12-15 06:00:00
2.8,Uber,2018-12-17 00:00:12.832,Boston University,West End,10.5,1.0,WAV,2018-12-17 00:00:00
1.09,Lyft,2018-12-03 12:17:59.713,Theatre District,South Station,7.0,1.0,Lyft,2018-12-03 12:00:00
0.92,Uber,2018-11-27 03:45:22.219,Haymarket Square,Financial District,15.5,1.0,Black,2018-11-27 03:00:00
1.12,Lyft,2018-11-29 09:03:03.492,North Station,North End,16.5,1.0,Lux Black,2018-11-29 09:00:00
5.56,Uber,2018-12-01 10:38:04.848,Boston University,Financial District,15.0,1.0,WAV,2018-12-01 10:00:00
3.4,Lyft,2018-12-15 17:40:06.427,Northeastern University,Financial District,19.5,1.0,Lyft XL,2018-12-15 17:00:00
0.73,Lyft,2018-12-14 06:30:10.210,Haymarket Square,North Station,11.0,1.0,Lux,2018-12-14 06:00:00
2.45,Uber,2018-11-27 12:54:22.573,Theatre District,Boston University,11.0,1.0,UberX,2018-11-27 12:00:00
2.8,Uber,2018-12-13 23:15:03.684,Boston University,West End,28.5,1.0,Black SUV,2018-12-13 23:00:00
2.82,Uber,2018-11-29 09:13:03.025,West End,South Station,9.5,1.0,WAV,2018-11-29 09:00:00
5.7,Uber,2018-12-03 09:38:04.180,Boston University,Financial District,16.0,1.0,WAV,2018-12-03 09:00:00
1.16,Uber,2018-11-30 00:53:03.613,Theatre District,Haymarket Square,6.5,1.0,UberPool,2018-11-30 00:00:00
1.57,Uber,2018-11-27 19:42:22.644,North End,Theatre District,7.5,1.0,UberX,2018-11-27 19:00:00
2.69,Lyft,2018-12-14 10:10:10.966,Theatre District,Fenway,7.0,1.0,Shared,2018-12-14 10:00:00
2.27,Uber,2018-11-29 04:29:22.428,Boston University,Beacon Hill,9.5,1.0,UberX,2018-11-29 04:00:00
3.44,Uber,2018-12-13 04:15:06.488,Back Bay,South Station,26.0,1.0,Black,2018-12-13 04:00:00
4.72,Lyft,2018-12-13 03:45:07.100,Boston University,Theatre District,16.5,1.0,Shared,2018-12-13 03:00:00
2.37,Lyft,2018-12-18 11:25:09.279,Back Bay,Haymarket Square,27.5,1.0,Lux Black XL,2018-12-18 11:00:00
3.22,Uber,2018-12-04 02:58:02.538,North Station,Northeastern University,39.5,1.0,Black SUV,2018-12-04 02:00:00
2.4,Lyft,2018-11-27 10:00:22.209,Back Bay,Haymarket Square,16.5,1.0,Lux,2018-11-27 10:00:00
1.79,Uber,2018-11-28 23:53:40.750,Back Bay,Haymarket Square,8.5,1.0,WAV,2018-11-28 23:00:00
3.8,Uber,2018-11-29 13:38:03.378,Back Bay,Haymarket Square,11.5,1.0,UberX,2018-11-29 13:00:00
2.39,Lyft,2018-11-30 03:52:59.334,South Station,Beacon Hill,30.0,1.0,Lux Black XL,2018-11-30 03:00:00
2.33,Uber,2018-12-16 02:55:05.157,North End,Back Bay,9.5,1.0,UberX,2018-12-16 02:00:00
1.24,Lyft,2018-12-17 22:45:05.353,Back Bay,Northeastern University,11.0,1.0,Lyft XL,2018-12-17 22:00:00
1.48,Lyft,2018-12-15 16:20:08.652,Boston University,Back Bay,3.5,1.0,Shared,2018-12-15 16:00:00
0.92,Uber,2018-12-15 16:35:12.471,Haymarket Square,Financial District,8.5,1.0,WAV,2018-12-15 16:00:00
2.83,Lyft,2018-12-01 05:43:03.931,West End,Fenway,19.5,1.0,Lux,2018-12-01 05:00:00
1.15,Lyft,2018-11-27 23:45:23.881,Financial District,North End,16.5,1.0,Lux Black,2018-11-27 23:00:00
1.53,Lyft,2018-12-17 18:25:11.569,Theatre District,North End,3.5,1.0,Shared,2018-12-17 18:00:00
2.7,Uber,2018-12-17 20:55:05.469,North End,Back Bay,10.5,1.0,UberX,2018-12-17 20:00:00
1.61,Uber,2018-11-26 12:20:10.381,Haymarket Square,Theatre District,16.0,1.0,Black,2018-11-26 12:00:00
3.45,Uber,2018-11-29 16:47:59.653,South Station,Back Bay,35.0,1.0,Black SUV,2018-11-29 16:00:00
1.45,Lyft,2018-12-14 20:55:05.618,North End,Beacon Hill,26.0,1.0,Lux Black XL,2018-12-14 20:00:00
1.66,Lyft,2018-12-17 02:40:06.490,West End,South Station,9.0,1.0,Lyft,2018-12-17 02:00:00
1.2,Lyft,2018-11-26 23:21:14.228,Theatre District,Haymarket Square,19.5,1.0,Lux Black,2018-11-26 23:00:00
3.16,Uber,2018-12-13 08:20:12.681,North End,Back Bay,10.5,1.0,UberX,2018-12-13 08:00:00
2.72,Lyft,2018-11-30 10:08:03.383,Beacon Hill,Boston University,22.5,1.0,Lux Black,2018-11-30 10:00:00
2.17,Uber,2018-12-16 10:25:07.491,South Station,North Station,8.5,1.0,WAV,2018-12-16 10:00:00
1.44,Uber,2018-11-29 00:17:09.913,Boston University,Back Bay,8.0,1.0,WAV,2018-11-29 00:00:00
1.57,Uber,2018-11-28 18:21:25.317,North End,Theatre District,8.5,1.0,WAV,2018-11-28 18:00:00
2.86,Uber,2018-12-15 03:30:13.031,West End,Northeastern University,8.0,1.0,UberX,2018-12-15 03:00:00
2.28,Lyft,2018-11-28 22:48:40.348,North Station,South Station,13.5,1.0,Lyft XL,2018-11-28 22:00:00
4.68,Lyft,2018-12-17 12:05:03.772,Financial District,Boston University,42.5,1.75,Lux,2018-12-17 12:00:00
2.46,Uber,2018-12-17 22:15:13.929,Beacon Hill,Fenway,8.5,1.0,UberX,2018-12-17 22:00:00
0.39,Uber,2018-12-04 05:22:56.053,South Station,Financial District,15.0,1.0,Black,2018-12-04 05:00:00
2.84,Uber,2018-12-16 17:05:08.866,Back Bay,North End,10.5,1.0,WAV,2018-12-16 17:00:00
2.27,Uber,2018-12-03 12:27:59.986,Boston University,Beacon Hill,27.0,1.0,Black SUV,2018-12-03 12:00:00
2.45,Lyft,2018-11-29 16:58:02.834,Beacon Hill,South Station,16.5,1.0,Lux,2018-11-29 16:00:00
2.05,Lyft,2018-12-14 07:15:11.414,Theatre District,Northeastern University,32.5,1.0,Lux Black XL,2018-12-14 07:00:00
2.52,Lyft,2018-12-02 09:53:04.916,Northeastern University,Beacon Hill,16.5,1.0,Lux,2018-12-02 09:00:00
2.86,Lyft,2018-12-18 17:10:03.542,Boston University,West End,16.5,1.0,Lyft XL,2018-12-18 17:00:00
1.56,Uber,2018-11-27 14:15:23.490,Back Bay,Boston University,8.0,1.0,UberX,2018-11-27 14:00:00
1.22,Lyft,2018-11-29 04:02:08.050,Theatre District,South Station,10.5,1.0,Lyft XL,2018-11-29 04:00:00
2.79,Lyft,2018-11-28 15:56:26.591,West End,Fenway,16.5,1.0,Lyft XL,2018-11-28 15:00:00
2.88,Lyft,2018-12-15 10:10:12.815,Boston University,West End,7.0,1.0,Shared,2018-12-15 10:00:00
2.68,Lyft,2018-12-15 04:50:10.055,Beacon Hill,Boston University,22.5,1.0,Lux Black,2018-12-15 04:00:00
1.72,Lyft,2018-11-29 02:54:21.438,Haymarket Square,Theatre District,27.5,1.0,Lux Black XL,2018-11-29 02:00:00
2.44,Lyft,2018-11-26 20:44:10.630,Fenway,Beacon Hill,22.5,1.0,Lux Black,2018-11-26 20:00:00
4.61,Lyft,2018-11-29 03:53:07.921,Boston University,Theatre District,34.0,1.0,Lux Black,2018-11-29 03:00:00
2.33,Lyft,2018-11-28 20:20:07.885,Haymarket Square,Back Bay,11.0,1.0,Lyft,2018-11-28 20:00:00
3.41,Lyft,2018-11-28 18:02:08.411,Back Bay,North End,30.0,1.0,Lux Black,2018-11-28 18:00:00
2.14,Uber,2018-12-15 08:25:09.309,South Station,West End,7.5,1.0,UberPool,2018-12-15 08:00:00
2.61,Lyft,2018-12-14 17:00:11.066,Theatre District,Fenway,19.5,1.0,Lyft XL,2018-12-14 17:00:00
4.4,Uber,2018-11-28 10:46:25.150,Financial District,Fenway,19.0,1.0,UberXL,2018-11-28 10:00:00
4.72,Uber,2018-12-03 16:23:03.263,Financial District,Boston University,14.0,1.0,UberX,2018-12-03 16:00:00
1.53,Lyft,2018-11-26 20:11:12.918,Back Bay,Boston University,16.5,1.0,Lux Black,2018-11-26 20:00:00
1.44,Lyft,2018-12-15 03:00:05.583,Back Bay,Fenway,13.5,1.0,Lux,2018-12-15 03:00:00
1.44,Uber,2018-11-27 09:42:22.107,Boston University,Back Bay,26.5,1.0,Black SUV,2018-11-27 09:00:00
3.4,Uber,2018-11-27 01:17:23.614,North End,Back Bay,26.0,1.0,Black,2018-11-27 01:00:00
1.35,Lyft,2018-11-29 09:57:58.662,South Station,Back Bay,5.0,1.0,Shared,2018-11-29 09:00:00
2.66,Uber,2018-12-01 07:32:57.337,Fenway,Theatre District,9.0,1.0,WAV,2018-12-01 07:00:00
1.76,Lyft,2018-12-13 18:55:13.675,North End,Theatre District,30.0,1.0,Lux Black XL,2018-12-13 18:00:00
3.23,Lyft,2018-11-28 11:41:25.581,Fenway,Theatre District,26.0,1.0,Lux Black,2018-11-28 11:00:00
1.81,Uber,2018-12-18 07:25:08.806,Northeastern University,Theatre District,14.0,1.0,UberXL,2018-12-18 07:00:00
2.63,Uber,2018-12-14 22:15:12.188,Beacon Hill,Northeastern University,9.0,1.0,UberPool,2018-12-14 22:00:00
1.21,Uber,2018-12-03 12:52:58.642,North End,Financial District,27.0,1.0,Black SUV,2018-12-03 12:00:00
1.82,Lyft,2018-11-26 04:43:18.387,Beacon Hill,North End,19.5,1.0,Lux,2018-11-26 04:00:00
1.47,Lyft,2018-12-16 17:15:03.663,Boston University,Back Bay,7.0,1.0,Lyft,2018-12-16 17:00:00
2.77,Lyft,2018-11-29 18:08:02.165,West End,Northeastern University,16.5,1.0,Lux,2018-11-29 18:00:00
0.39,Uber,2018-11-26 09:32:10.175,South Station,Financial District,26.0,1.0,Black SUV,2018-11-26 09:00:00
3.4,Lyft,2018-11-29 12:18:01.509,Northeastern University,Financial District,38.5,1.0,Lux Black XL,2018-11-29 12:00:00
4.4,Uber,2018-11-28 16:56:23.553,Financial District,Fenway,41.0,1.0,Black SUV,2018-11-28 16:00:00
2.46,Uber,2018-11-28 23:13:41.569,Beacon Hill,Fenway,8.5,1.0,UberX,2018-11-28 23:00:00
2.14,Uber,2018-12-14 03:35:08.550,South Station,West End,28.0,1.0,Black SUV,2018-12-14 03:00:00
1.16,Uber,2018-11-27 17:09:22.401,West End,North End,7.0,1.0,UberX,2018-11-27 17:00:00
2.24,Uber,2018-12-14 13:50:05.759,North Station,South Station,8.0,1.0,UberPool,2018-12-14 13:00:00
0.99,Uber,2018-12-14 08:35:11.264,Financial District,Haymarket Square,27.0,1.0,Black SUV,2018-12-14 08:00:00
1.21,Uber,2018-12-04 06:17:56.390,North End,Financial District,26.0,1.0,Black SUV,2018-12-04 06:00:00
2.93,Lyft,2018-12-02 15:17:58.897,Theatre District,Boston University,11.0,1.0,Lyft,2018-12-02 15:00:00
2.66,Uber,2018-12-01 01:13:08.693,Theatre District,Fenway,9.5,1.0,UberPool,2018-12-01 01:00:00
1.16,Uber,2018-12-18 17:15:08.519,West End,North End,15.0,1.0,Black,2018-12-18 17:00:00
0.57,Lyft,2018-11-27 01:48:22.447,North Station,Haymarket Square,5.0,1.0,Shared,2018-11-27 01:00:00
1.68,Uber,2018-12-18 10:00:16.094,South Station,Back Bay,26.0,1.0,Black SUV,2018-12-18 10:00:00
2.96,Lyft,2018-12-02 17:47:56.921,Fenway,West End,9.0,1.0,Lyft,2018-12-02 17:00:00
2.27,Uber,2018-12-01 23:07:56.467,Boston University,Beacon Hill,9.5,1.0,WAV,2018-12-01 23:00:00
1.08,Lyft,2018-12-03 08:12:58.049,North End,West End,16.5,1.0,Lux Black,2018-12-03 08:00:00
4.69,Lyft,2018-11-30 00:22:57.417,Financial District,Boston University,32.5,1.25,Lux,2018-11-30 00:00:00
2.48,Uber,2018-12-18 13:05:10.837,South Station,Beacon Hill,29.5,1.0,Black SUV,2018-12-18 13:00:00
1.08,Lyft,2018-12-03 21:38:01.291,Theatre District,South Station,19.5,1.0,Lux Black,2018-12-03 21:00:00
1.46,Lyft,2018-12-18 02:40:09.025,Back Bay,Fenway,10.5,1.0,Lyft XL,2018-12-18 02:00:00
2.86,Uber,2018-11-29 18:37:58.177,West End,Northeastern University,9.5,1.0,WAV,2018-11-29 18:00:00
3.39,Uber,2018-12-18 02:05:10.043,North Station,Boston University,18.5,1.0,UberXL,2018-12-18 02:00:00
1.23,Lyft,2018-12-17 20:15:12.646,Theatre District,South Station,5.0,1.0,Shared,2018-12-17 20:00:00
2.81,Lyft,2018-12-14 13:45:14.451,West End,Fenway,67.5,2.0,Lux Black XL,2018-12-14 13:00:00
2.66,Uber,2018-12-18 09:15:10.562,Fenway,Theatre District,9.5,1.0,UberX,2018-12-18 09:00:00
0.54,Uber,2018-12-14 17:15:05.546,Financial District,South Station,9.5,1.0,UberXL,2018-12-14 17:00:00
0.55,Uber,2018-12-03 12:52:58.297,South Station,Theatre District,9.5,1.0,UberXL,2018-12-03 12:00:00
3.22,Uber,2018-12-14 22:25:15.721,North Station,Northeastern University,19.0,1.0,UberXL,2018-12-14 22:00:00
2.4,Lyft,2018-11-28 17:36:23.343,Back Bay,South Station,10.5,1.0,Lyft,2018-11-28 17:00:00
1.5,Uber,2018-11-30 21:33:09.111,Back Bay,Fenway,7.0,1.0,WAV,2018-11-30 21:00:00
2.9,Lyft,2018-11-28 13:23:07.919,Back Bay,North End,9.0,1.0,Shared,2018-11-28 13:00:00
3.08,Uber,2018-11-26 21:11:10.678,North Station,Fenway,11.5,1.0,UberX,2018-11-26 21:00:00
1.65,Uber,2018-11-30 02:27:56.015,Beacon Hill,North End,20.5,1.0,Black,2018-11-30 02:00:00
0.59,Lyft,2018-11-28 16:35:07.692,South Station,Theatre District,3.0,1.0,Shared,2018-11-28 16:00:00
1.82,Lyft,2018-11-26 09:29:09.818,Beacon Hill,North End,16.5,1.0,Lux,2018-11-26 09:00:00
2.8,Uber,2018-12-13 21:15:03.838,Boston University,West End,9.5,1.0,UberX,2018-12-13 21:00:00
1.02,Lyft,2018-12-15 22:05:07.344,Haymarket Square,Financial District,27.5,1.0,Lux Black XL,2018-12-15 22:00:00
2.62,Uber,2018-11-30 23:28:02.340,Back Bay,North End,20.5,1.0,UberXL,2018-11-30 23:00:00
2.8,Lyft,2018-12-03 20:43:00.776,Back Bay,North End,22.5,1.0,Lux,2018-12-03 20:00:00
2.48,Uber,2018-12-14 13:30:11.295,South Station,Beacon Hill,8.5,1.0,WAV,2018-12-14 13:00:00
1.92,Lyft,2018-12-03 19:03:06.011,North Station,South Station,10.5,1.0,Lyft,2018-12-03 19:00:00
3.04,Uber,2018-12-01 04:37:58.244,West End,Boston University,9.0,1.0,UberPool,2018-12-01 04:00:00
1.12,Uber,2018-12-18 17:20:03.549,Fenway,Theatre District,7.5,1.0,UberPool,2018-12-18 17:00:00
0.78,Lyft,2018-11-28 18:47:08.094,Haymarket Square,West End,3.0,1.0,Shared,2018-11-28 18:00:00
0.49,Uber,2018-11-26 23:00:10.762,North Station,Haymarket Square,8.5,1.0,WAV,2018-11-26 23:00:00
3.37,Uber,2018-12-16 10:00:03.529,Northeastern University,North Station,18.0,1.0,UberXL,2018-12-16 10:00:00
1.28,Lyft,2018-12-03 03:48:02.554,Theatre District,Haymarket Square,11.0,1.0,Lyft XL,2018-12-03 03:00:00
3.09,Lyft,2018-11-27 19:24:22.318,Northeastern University,West End,16.5,1.0,Lyft XL,2018-11-27 19:00:00
1.34,Lyft,2018-12-14 05:55:14.234,South Station,Back Bay,13.5,1.0,Lux,2018-12-14 05:00:00
3.08,Uber,2018-11-28 00:15:22.343,Northeastern University,West End,17.0,1.0,UberXL,2018-11-28 00:00:00
1.1,Uber,2018-11-28 11:11:24.528,Northeastern University,Back Bay,7.5,1.0,UberPool,2018-11-28 11:00:00
1.08,Uber,2018-12-13 18:50:07.475,North End,North Station,9.0,1.0,UberPool,2018-12-13 18:00:00
3.01,Uber,2018-12-14 06:45:07.271,Boston University,North Station,25.0,1.0,Black,2018-12-14 06:00:00
2.89,Lyft,2018-12-13 13:55:13.196,Boston University,West End,16.5,1.0,Lyft XL,2018-12-13 13:00:00
4.48,Uber,2018-12-17 22:50:11.469,Fenway,Financial District,31.5,1.0,Black,2018-12-17 22:00:00
4.45,Lyft,2018-11-30 06:57:57.891,Financial District,Fenway,3.5,1.0,Shared,2018-11-30 06:00:00
1.36,Lyft,2018-11-30 09:08:02.375,South Station,Back Bay,11.0,1.0,Lyft XL,2018-11-30 09:00:00
2.3,Lyft,2018-12-04 03:33:01.464,Boston University,Beacon Hill,30.0,1.0,Lux Black XL,2018-12-04 03:00:00
1.16,Uber,2018-11-30 20:47:58.986,West End,North End,8.5,1.0,WAV,2018-11-30 20:00:00
3.2,Uber,2018-11-30 16:48:01.033,Northeastern University,West End,18.0,1.0,UberXL,2018-11-30 16:00:00
1.06,Uber,2018-12-18 18:25:03.590,North End,West End,7.5,1.0,WAV,2018-12-18 18:00:00
3.03,Lyft,2018-12-14 03:45:13.352,Theatre District,Boston University,34.0,1.0,Lux Black XL,2018-12-14 03:00:00
0.73,Lyft,2018-12-01 00:18:04.949,Haymarket Square,West End,7.0,1.0,Lyft,2018-12-01 00:00:00
1.36,Uber,2018-11-27 07:12:22.060,Beacon Hill,Haymarket Square,13.0,1.0,UberXL,2018-11-27 07:00:00
1.03,Uber,2018-12-14 08:35:06.570,North Station,North End,8.0,1.0,WAV,2018-12-14 08:00:00
4.4,Uber,2018-12-04 00:47:57.405,Financial District,Fenway,37.5,1.0,Black SUV,2018-12-04 00:00:00
2.41,Lyft,2018-11-27 14:27:22.590,Fenway,Beacon Hill,5.0,1.0,Shared,2018-11-27 14:00:00
1.12,Lyft,2018-12-17 13:35:14.518,North Station,North End,16.5,1.0,Lux Black,2018-12-17 13:00:00
3.22,Uber,2018-11-27 03:33:22.217,North Station,Northeastern University,11.5,1.0,UberX,2018-11-27 03:00:00
0.71,Lyft,2018-11-27 04:48:22.079,Haymarket Square,West End,10.5,1.0,Lux,2018-11-27 04:00:00
3.3,Uber,2018-12-03 17:18:07.068,Northeastern University,North Station,10.0,1.0,UberPool,2018-12-03 17:00:00
3.05,Uber,2018-12-03 12:48:01.177,Fenway,North Station,25.0,1.0,Black,2018-12-03 12:00:00
1.49,Uber,2018-12-15 22:25:05.709,Back Bay,Northeastern University,7.5,1.0,UberPool,2018-12-15 22:00:00
2.19,Uber,2018-11-28 22:53:07.985,North End,Beacon Hill,13.5,1.0,UberXL,2018-11-28 22:00:00
4.55,Lyft,2018-12-02 19:33:00.714,Fenway,Financial District,10.5,1.0,Shared,2018-12-02 19:00:00
3.08,Uber,2018-12-01 03:37:57.009,North Station,Fenway,16.5,1.0,UberX,2018-12-01 03:00:00
2.4,Lyft,2018-12-16 06:50:11.788,Beacon Hill,Northeastern University,7.0,1.0,Shared,2018-12-16 06:00:00
3.26,Lyft,2018-11-26 06:49:04.665,North Station,Northeastern University,32.5,1.5,Lux,2018-11-26 06:00:00
1.55,Lyft,2018-11-28 10:53:07.130,North End,Beacon Hill,7.0,1.0,Lyft,2018-11-28 10:00:00
3.09,Lyft,2018-11-29 21:53:06.558,Boston University,North Station,16.5,1.0,Lyft XL,2018-11-29 21:00:00
2.79,Uber,2018-12-13 12:05:11.951,Beacon Hill,Boston University,19.5,1.0,Black,2018-12-13 12:00:00
1.18,Lyft,2018-12-15 16:00:09.402,Haymarket Square,Financial District,45.5,1.75,Lux Black XL,2018-12-15 16:00:00
0.99,Uber,2018-11-28 23:08:42.490,Financial District,Haymarket Square,26.0,1.0,Black SUV,2018-11-28 23:00:00
0.42,Lyft,2018-12-03 04:28:04.602,North Station,Haymarket Square,10.5,1.0,Lux,2018-12-03 04:00:00
1.27,Lyft,2018-12-03 09:07:58.640,Back Bay,Northeastern University,16.5,1.0,Lux Black,2018-12-03 09:00:00
2.71,Lyft,2018-11-26 13:44:10.966,Theatre District,Fenway,16.5,1.0,Lyft XL,2018-11-26 13:00:00
1.1,Uber,2018-11-29 23:08:01.901,Northeastern University,Back Bay,7.0,1.0,UberX,2018-11-29 23:00:00
3.32,Lyft,2018-11-27 22:18:23.766,Northeastern University,North Station,19.5,1.0,Lyft XL,2018-11-27 22:00:00
3.03,Lyft,2018-11-27 17:09:22.183,West End,Boston University,9.0,1.0,Shared,2018-11-27 17:00:00
2.66,Lyft,2018-11-27 12:54:23.774,Beacon Hill,Boston University,3.0,1.0,Shared,2018-11-27 12:00:00
3.13,Lyft,2018-11-28 15:36:23.234,West End,Boston University,16.5,1.5,Lyft,2018-11-28 15:00:00
1.31,Uber,2018-12-15 08:35:07.550,Fenway,Beacon Hill,16.0,1.0,Black,2018-12-15 08:00:00
1.25,Uber,2018-12-17 21:55:10.364,Haymarket Square,Financial District,7.0,1.0,WAV,2018-12-17 21:00:00
2.48,Uber,2018-11-28 16:14:07.772,Beacon Hill,Fenway,8.5,1.0,UberPool,2018-11-28 16:00:00
3.44,Uber,2018-11-28 16:02:07.167,Back Bay,South Station,14.0,1.0,UberPool,2018-11-28 16:00:00
2.3,Lyft,2018-12-16 11:55:14.266,Boston University,Beacon Hill,30.0,1.0,Lux Black XL,2018-12-16 11:00:00
2.57,Uber,2018-12-16 04:00:13.024,Northeastern University,Beacon Hill,21.5,1.0,Black,2018-12-16 04:00:00
2.66,Uber,2018-11-29 06:49:50.128,Fenway,Theatre District,32.0,1.0,Black SUV,2018-11-29 06:00:00
2.27,Uber,2018-12-01 07:13:00.113,Boston University,Beacon Hill,15.0,1.0,UberXL,2018-12-01 07:00:00
1.41,Uber,2018-12-14 19:50:12.365,Theatre District,North End,9.5,1.0,UberPool,2018-12-14 19:00:00
2.96,Lyft,2018-12-14 13:40:12.871,Fenway,West End,19.5,1.0,Lux,2018-12-14 13:00:00
2.39,Lyft,2018-11-26 23:27:16.879,South Station,Beacon Hill,7.0,1.0,Shared,2018-11-26 23:00:00
2.37,Lyft,2018-12-16 16:30:03.413,Boston University,Beacon Hill,9.0,1.0,Lyft,2018-12-16 16:00:00
1.88,Uber,2018-12-17 04:55:11.822,North End,North Station,13.0,1.0,UberXL,2018-12-17 04:00:00
1.23,Uber,2018-12-14 16:30:10.524,North End,West End,17.0,1.0,Black,2018-12-14 16:00:00
4.42,Uber,2018-11-27 07:18:22.237,Financial District,Fenway,15.0,1.0,WAV,2018-11-27 07:00:00
1.51,Uber,2018-11-30 05:57:59.111,Back Bay,Boston University,14.0,1.0,UberXL,2018-11-30 05:00:00
1.16,Uber,2018-11-27 02:06:23.793,Theatre District,Haymarket Square,26.0,1.0,Black SUV,2018-11-27 02:00:00
2.84,Uber,2018-12-14 00:45:09.291,Fenway,West End,32.0,1.0,Black SUV,2018-12-14 00:00:00
2.34,Lyft,2018-12-01 03:43:02.693,Fenway,Beacon Hill,32.5,1.0,Lux Black XL,2018-12-01 03:00:00
0.43,Lyft,2018-12-16 13:00:15.761,South Station,Financial District,3.0,1.0,Shared,2018-12-16 13:00:00
0.91,Uber,2018-12-03 16:23:03.767,Beacon Hill,Haymarket Square,10.5,1.0,UberXL,2018-12-03 16:00:00
0.49,Uber,2018-12-14 07:00:10.945,North Station,Haymarket Square,27.5,1.0,Black SUV,2018-12-14 07:00:00
3.09,Lyft,2018-12-02 03:17:56.321,Financial District,Northeastern University,9.0,1.0,Shared,2018-12-02 03:00:00
2.38,Uber,2018-11-28 17:56:24.265,Boston University,Beacon Hill,9.0,1.0,UberPool,2018-11-28 17:00:00
1.03,Uber,2018-12-14 21:25:13.787,North Station,North End,7.5,1.0,WAV,2018-12-14 21:00:00
2.79,Uber,2018-11-28 11:06:25.163,Beacon Hill,Boston University,19.5,1.0,Black,2018-11-28 11:00:00
1.81,Uber,2018-12-03 20:28:01.273,Northeastern University,Theatre District,19.0,1.0,Black,2018-12-03 20:00:00
3.53,Uber,2018-11-28 16:20:07.796,Back Bay,South Station,27.5,1.0,Black,2018-11-28 16:00:00
1.23,Lyft,2018-12-15 14:30:04.593,West End,North End,26.0,1.0,Lux Black XL,2018-12-15 14:00:00
2.32,Uber,2018-12-14 01:50:13.012,Fenway,Beacon Hill,9.5,1.0,UberX,2018-12-14 01:00:00
2.65,Lyft,2018-12-17 02:00:11.264,North End,Back Bay,16.5,1.0,Lyft XL,2018-12-17 02:00:00
3.39,Uber,2018-12-01 21:48:03.262,North Station,Boston University,38.5,1.0,Black SUV,2018-12-01 21:00:00
1.03,Lyft,2018-11-28 23:14:08.243,North End,Financial District,27.5,1.0,Lux Black XL,2018-11-28 23:00:00
2.61,Lyft,2018-11-30 16:23:02.564,South Station,Back Bay,7.0,1.0,Shared,2018-11-30 16:00:00
0.4,Lyft,2018-11-27 16:48:24.517,South Station,Financial District,9.0,1.0,Lyft XL,2018-11-27 16:00:00
3.44,Lyft,2018-12-13 14:45:13.043,Back Bay,North End,38.0,1.0,Lux Black XL,2018-12-13 14:00:00
2.89,Lyft,2018-12-03 02:48:00.607,Boston University,West End,7.0,1.0,Shared,2018-12-03 02:00:00
4.65,Lyft,2018-11-27 01:00:21.966,Financial District,Boston University,42.5,1.0,Lux Black XL,2018-11-27 01:00:00
1.2,Lyft,2018-12-13 22:10:04.913,Theatre District,South Station,27.5,1.0,Lux Black XL,2018-12-13 22:00:00
1.15,Lyft,2018-11-27 18:00:22.185,Theatre District,South Station,13.5,1.0,Lux,2018-11-27 18:00:00
4.78,Lyft,2018-12-01 07:53:05.685,Boston University,Theatre District,32.5,1.0,Lux Black,2018-12-01 07:00:00
2.14,Lyft,2018-12-16 19:50:13.075,North End,Beacon Hill,13.5,1.0,Lyft XL,2018-12-16 19:00:00
2.79,Uber,2018-11-29 10:03:01.167,Beacon Hill,Boston University,15.5,1.0,UberXL,2018-11-29 10:00:00
3.07,Uber,2018-11-28 10:23:07.905,North Station,Fenway,11.5,1.0,WAV,2018-11-28 10:00:00
2.3,Uber,2018-12-13 15:45:06.376,Back Bay,Haymarket Square,9.5,1.0,WAV,2018-12-13 15:00:00
0.66,Lyft,2018-12-13 23:55:10.939,Financial District,South Station,11.0,1.0,Lux,2018-12-13 23:00:00
1.5,Lyft,2018-11-28 15:31:24.584,Back Bay,Boston University,10.5,1.0,Lyft XL,2018-11-28 15:00:00
0.49,Uber,2018-12-15 05:30:12.751,North Station,Haymarket Square,5.5,1.0,UberPool,2018-12-15 05:00:00
2.62,Uber,2018-12-03 14:07:58.735,Boston University,Theatre District,17.0,1.0,UberXL,2018-12-03 14:00:00
2.82,Uber,2018-12-01 20:47:56.381,West End,South Station,9.5,1.0,UberX,2018-12-01 20:00:00
1.56,Uber,2018-12-03 11:08:08.743,Back Bay,Boston University,26.5,1.0,Black SUV,2018-12-03 11:00:00
3.16,Lyft,2018-11-28 12:05:08.290,Fenway,North Station,34.0,1.0,Lux Black XL,2018-11-28 12:00:00
2.33,Uber,2018-12-18 07:30:09.992,North End,Back Bay,9.5,1.0,UberX,2018-12-18 07:00:00
0.39,Uber,2018-12-16 18:25:07.852,South Station,Financial District,26.0,1.0,Black SUV,2018-12-16 18:00:00
2.58,Uber,2018-12-01 10:37:56.708,Beacon Hill,South Station,31.5,1.0,Black SUV,2018-12-01 10:00:00
3.64,Lyft,2018-12-17 14:00:05.174,Financial District,Fenway,11.0,1.0,Lyft,2018-12-17 14:00:00
2.71,Lyft,2018-11-28 16:56:09.002,Theatre District,Fenway,26.0,1.0,Lux Black,2018-11-28 16:00:00
0.46,Lyft,2018-11-30 03:18:01.914,South Station,Financial District,26.0,1.0,Lux Black XL,2018-11-30 03:00:00
3.15,Lyft,2018-12-15 00:20:03.634,Boston University,North Station,27.5,1.0,Lux Black,2018-12-15 00:00:00
4.4,Uber,2018-11-26 23:48:14.816,Financial District,Fenway,21.5,1.0,UberXL,2018-11-26 23:00:00
1.57,Uber,2018-12-16 12:15:05.314,North End,Theatre District,12.0,1.0,UberXL,2018-12-16 12:00:00
2.96,Lyft,2018-11-27 17:39:22.399,Fenway,West End,7.0,1.0,Shared,2018-11-27 17:00:00
3.01,Uber,2018-12-01 12:13:03.052,Boston University,North Station,16.5,1.0,UberXL,2018-12-01 12:00:00
1.89,Uber,2018-11-26 22:29:44.104,Beacon Hill,North End,15.0,1.0,UberXL,2018-11-26 22:00:00
3.05,Uber,2018-12-16 02:25:09.926,Fenway,North Station,12.0,1.0,UberX,2018-12-16 02:00:00
0.64,Lyft,2018-11-28 18:26:26.159,South Station,Theatre District,10.5,1.0,Lux,2018-11-28 18:00:00
2.19,Uber,2018-12-16 17:50:06.159,North End,Beacon Hill,8.5,1.0,UberX,2018-12-16 17:00:00
1.34,Uber,2018-11-27 11:36:22.117,Fenway,Back Bay,27.0,1.0,Black SUV,2018-11-27 11:00:00
1.46,Lyft,2018-12-02 11:27:56.988,Fenway,Back Bay,26.0,1.0,Lux Black XL,2018-12-02 11:00:00
1.26,Uber,2018-12-16 14:35:12.728,Northeastern University,Back Bay,15.0,1.0,Black,2018-12-16 14:00:00
2.62,Uber,2018-12-14 06:40:08.186,Boston University,Theatre District,9.5,1.0,UberX,2018-12-14 06:00:00
2.57,Lyft,2018-12-03 16:53:01.214,Beacon Hill,South Station,7.0,1.0,Shared,2018-12-03 16:00:00
1.26,Lyft,2018-11-28 20:53:07.973,North End,Financial District,3.0,1.0,Shared,2018-11-28 20:00:00
0.61,Uber,2018-11-30 22:48:06.637,West End,Haymarket Square,7.5,1.0,UberX,2018-11-30 22:00:00
1.18,Lyft,2018-12-16 20:15:05.730,Beacon Hill,Haymarket Square,5.0,1.0,Shared,2018-12-16 20:00:00
3.04,Uber,2018-11-30 19:57:57.677,West End,Boston University,24.0,1.0,Black,2018-11-30 19:00:00
7.46,Uber,2018-12-01 18:12:59.702,Northeastern University,Financial District,14.5,1.0,UberPool,2018-12-01 18:00:00
3.53,Uber,2018-12-15 02:30:04.089,Back Bay,South Station,11.0,1.0,UberPool,2018-12-15 02:00:00
1.61,Uber,2018-12-17 08:35:06.140,Haymarket Square,Theatre District,18.5,1.0,Black,2018-12-17 08:00:00
3.07,Lyft,2018-11-29 06:41:43.768,West End,Boston University,7.0,1.0,Shared,2018-11-29 06:00:00
1.91,Uber,2018-11-30 16:23:03.956,Theatre District,Northeastern University,8.5,1.0,WAV,2018-11-30 16:00:00
1.16,Uber,2018-11-27 14:09:22.552,Theatre District,Haymarket Square,11.5,1.0,UberXL,2018-11-27 14:00:00
3.07,Uber,2018-11-27 19:57:21.952,North Station,Fenway,36.5,1.0,Black SUV,2018-11-27 19:00:00
3.22,Uber,2018-11-28 14:02:07.332,North Station,Northeastern University,11.5,1.0,UberX,2018-11-28 14:00:00
3.02,Lyft,2018-11-30 07:32:58.518,North End,Back Bay,19.5,1.0,Lux,2018-11-30 07:00:00
2.29,Uber,2018-12-15 12:35:05.213,North Station,South Station,14.0,1.0,UberXL,2018-12-15 12:00:00
1.16,Uber,2018-12-04 06:38:05.236,Theatre District,Haymarket Square,8.0,1.0,UberPool,2018-12-04 06:00:00
2.66,Uber,2018-12-13 12:25:10.881,Fenway,Theatre District,10.5,1.0,UberX,2018-12-13 12:00:00
3.04,Uber,2018-12-03 16:43:04.068,West End,Boston University,31.5,1.0,Black SUV,2018-12-03 16:00:00
1.11,Uber,2018-12-14 02:10:11.436,West End,North End,7.5,1.0,UberPool,2018-12-14 02:00:00
0.66,Lyft,2018-11-27 13:36:23.449,Financial District,South Station,11.0,1.25,Lyft XL,2018-11-27 13:00:00
1.61,Uber,2018-11-29 08:58:00.122,Haymarket Square,Theatre District,13.0,1.0,UberXL,2018-11-29 08:00:00
1.49,Lyft,2018-11-28 12:32:08.365,Back Bay,Boston University,5.0,1.0,Shared,2018-11-28 12:00:00
3.05,Uber,2018-12-01 13:48:01.816,West End,Boston University,10.5,1.0,UberX,2018-12-01 13:00:00
0.72,Uber,2018-11-28 13:21:25.291,Haymarket Square,West End,9.5,1.0,UberX,2018-11-28 13:00:00
0.8,Uber,2018-12-17 13:50:06.466,Financial District,Haymarket Square,11.5,1.0,UberXL,2018-12-17 13:00:00
2.69,Lyft,2018-11-27 05:15:22.647,South Station,Back Bay,26.0,1.75,Lyft XL,2018-11-27 05:00:00
0.49,Uber,2018-12-02 12:58:02.057,North Station,Haymarket Square,26.0,1.0,Black SUV,2018-12-02 12:00:00
1.47,Lyft,2018-11-28 14:41:08.103,Back Bay,Northeastern University,7.0,1.0,Lyft,2018-11-28 14:00:00
1.5,Uber,2018-12-15 08:30:12.332,Back Bay,Fenway,7.0,1.0,WAV,2018-12-15 08:00:00
3.16,Lyft,2018-12-02 17:48:02.145,Fenway,Theatre District,7.0,1.0,Shared,2018-12-02 17:00:00
1.57,Uber,2018-11-30 17:53:03.146,North End,Theatre District,28.0,1.0,Black SUV,2018-11-30 17:00:00
0.56,Uber,2018-12-13 06:10:05.194,Haymarket Square,North Station,10.5,1.0,UberXL,2018-12-13 06:00:00
1.39,Lyft,2018-12-01 02:28:00.927,Haymarket Square,Beacon Hill,3.5,1.0,Shared,2018-12-01 02:00:00
3.21,Lyft,2018-12-17 14:35:12.019,North Station,Fenway,32.5,1.0,Lux Black XL,2018-12-17 14:00:00
1.41,Uber,2018-12-14 10:05:08.433,Theatre District,North End,19.5,1.0,Black,2018-12-14 10:00:00
0.54,Lyft,2018-12-15 05:25:03.687,North Station,Haymarket Square,27.5,1.0,Lux Black XL,2018-12-15 05:00:00
2.41,Lyft,2018-11-27 11:21:22.339,Haymarket Square,Back Bay,19.5,1.0,Lux,2018-11-27 11:00:00
2.27,Uber,2018-12-14 10:25:03.723,Boston University,Beacon Hill,20.5,1.0,Black,2018-12-14 10:00:00
2.48,Lyft,2018-12-16 01:45:05.348,Theatre District,Fenway,13.5,1.25,Lyft,2018-12-16 01:00:00
1.03,Lyft,2018-12-14 21:20:11.687,Haymarket Square,Financial District,7.0,1.0,Lyft,2018-12-14 21:00:00
1.64,Uber,2018-12-14 11:00:07.177,Back Bay,Northeastern University,26.5,1.0,Black SUV,2018-12-14 11:00:00
2.5,Lyft,2018-12-03 13:38:02.575,Northeastern University,Beacon Hill,16.5,1.0,Lux,2018-12-03 13:00:00
1.08,Uber,2018-12-04 06:38:01.358,North End,North Station,26.0,1.0,Black SUV,2018-12-04 06:00:00
3.4,Lyft,2018-12-15 22:00:04.805,Northeastern University,Financial District,11.0,1.0,Lyft,2018-12-15 22:00:00
0.92,Uber,2018-12-16 17:15:12.746,North Station,North End,26.0,1.0,Black SUV,2018-12-16 17:00:00
3.15,Lyft,2018-12-18 14:30:13.021,Boston University,North Station,26.0,1.0,Lux Black,2018-12-18 14:00:00
1.36,Lyft,2018-12-16 00:25:11.808,South Station,Back Bay,11.0,1.0,Lyft XL,2018-12-16 00:00:00
3.02,Lyft,2018-12-03 09:12:56.319,North End,Back Bay,11.0,1.0,Lyft,2018-12-03 09:00:00
1.8,Uber,2018-12-02 18:38:05.573,Northeastern University,Theatre District,29.5,1.0,Black SUV,2018-12-02 18:00:00
1.34,Uber,2018-12-18 05:50:10.131,Fenway,Back Bay,11.5,1.0,UberXL,2018-12-18 05:00:00
1.99,Uber,2018-12-01 09:13:01.173,Theatre District,Northeastern University,13.5,1.0,UberXL,2018-12-01 09:00:00
4.72,Uber,2018-12-16 12:50:10.805,Financial District,Boston University,11.0,1.0,UberPool,2018-12-16 12:00:00
0.91,Uber,2018-11-28 23:41:07.830,Beacon Hill,Haymarket Square,7.0,1.0,UberPool,2018-11-28 23:00:00
3.01,Lyft,2018-12-14 05:00:03.598,Northeastern University,Theatre District,32.5,1.0,Lux Black XL,2018-12-14 05:00:00
2.39,Lyft,2018-11-30 23:03:11.937,South Station,Beacon Hill,32.5,1.0,Lux Black XL,2018-11-30 23:00:00
2.27,Uber,2018-11-30 06:23:02.882,Boston University,Beacon Hill,9.5,1.0,UberX,2018-11-30 06:00:00
2.15,Lyft,2018-11-29 08:13:01.072,Northeastern University,Theatre District,22.5,1.25,Lux,2018-11-29 08:00:00
3.24,Lyft,2018-12-01 01:42:57.950,North Station,Northeastern University,19.5,1.0,Lyft XL,2018-12-01 01:00:00
2.94,Lyft,2018-12-02 06:13:03.837,Fenway,West End,16.5,1.0,Lyft XL,2018-12-02 06:00:00
1.19,Lyft,2018-12-18 01:15:06.004,West End,North End,27.5,1.0,Lux Black XL,2018-12-18 01:00:00
2.41,Lyft,2018-12-02 10:58:00.650,Beacon Hill,Northeastern University,13.5,1.0,Lyft XL,2018-12-02 10:00:00
1.35,Lyft,2018-12-01 19:07:56.217,Beacon Hill,Haymarket Square,7.0,1.0,Lyft,2018-12-01 19:00:00
1.49,Uber,2018-11-28 20:53:08.337,North End,Beacon Hill,27.0,1.0,Black SUV,2018-11-28 20:00:00
2.42,Lyft,2018-12-13 03:45:05.471,Beacon Hill,South Station,10.5,1.0,Lyft,2018-12-13 03:00:00
4.32,Lyft,2018-11-28 23:44:08.273,Financial District,Boston University,52.5,1.5,Lux Black,2018-11-28 23:00:00
2.31,Lyft,2018-11-27 16:24:22.468,Haymarket Square,Back Bay,9.0,1.0,Lyft,2018-11-27 16:00:00
0.65,Lyft,2018-11-28 14:56:25.619,South Station,Theatre District,16.5,1.0,Lux Black,2018-11-28 14:00:00
1.51,Uber,2018-12-03 11:27:57.739,North End,Beacon Hill,14.0,1.0,UberXL,2018-12-03 11:00:00
3.26,Lyft,2018-11-26 17:53:09.729,Northeastern University,North Station,3.0,1.0,Shared,2018-11-26 17:00:00
2.89,Lyft,2018-11-26 06:28:02.471,Back Bay,North End,32.5,1.0,Lux Black XL,2018-11-26 06:00:00
4.27,Lyft,2018-12-14 18:45:16.128,Fenway,Theatre District,22.5,2.0,Lyft,2018-12-14 18:00:00
1.72,Lyft,2018-12-01 13:08:00.173,South Station,North Station,13.5,1.0,Lyft XL,2018-12-01 13:00:00
0.71,Lyft,2018-12-16 00:10:10.612,Haymarket Square,North Station,5.0,1.0,Shared,2018-12-16 00:00:00
2.86,Uber,2018-12-16 22:55:11.603,Boston University,West End,26.0,1.0,Black,2018-12-16 22:00:00
3.39,Uber,2018-12-17 22:05:03.580,North Station,Boston University,36.0,1.0,Black SUV,2018-12-17 22:00:00
1.35,Uber,2018-11-27 10:33:23.341,Haymarket Square,Beacon Hill,9.0,1.0,UberPool,2018-11-27 10:00:00
1.47,Lyft,2018-12-13 12:30:10.350,Boston University,Back Bay,22.5,1.25,Lux Black,2018-12-13 12:00:00
4.9,Uber,2018-11-29 00:43:41.257,Financial District,Boston University,29.5,1.0,WAV,2018-11-29 00:00:00
1.71,Lyft,2018-12-14 09:50:06.285,West End,South Station,16.5,1.0,Lux,2018-12-14 09:00:00
1.41,Uber,2018-11-28 23:32:08.290,Theatre District,North End,17.5,1.0,Black,2018-11-28 23:00:00
2.2,Uber,2018-11-28 11:53:07.917,Haymarket Square,Back Bay,15.5,1.0,UberXL,2018-11-28 11:00:00
0.77,Lyft,2018-12-13 15:35:06.801,Haymarket Square,West End,10.5,1.0,Lux,2018-12-13 15:00:00
4.55,Lyft,2018-12-04 02:12:57.505,Fenway,Financial District,34.0,1.0,Lux Black,2018-12-04 02:00:00
4.44,Uber,2018-11-27 23:45:24.055,Boston University,Financial District,32.5,1.0,Black,2018-11-27 23:00:00
1.87,Uber,2018-12-14 11:55:14.692,North End,Beacon Hill,9.0,1.0,UberPool,2018-12-14 11:00:00
1.72,Lyft,2018-11-27 07:51:23.742,Beacon Hill,North End,22.5,1.0,Lux Black,2018-11-27 07:00:00
1.03,Lyft,2018-11-30 01:12:56.282,North End,Financial District,5.0,1.0,Shared,2018-11-30 01:00:00
2.64,Lyft,2018-12-01 14:52:59.383,South Station,Back Bay,7.0,1.0,Shared,2018-12-01 14:00:00
2.62,Lyft,2018-12-14 21:20:07.822,North End,Back Bay,16.5,1.0,Lux,2018-12-14 21:00:00
1.58,Lyft,2018-12-01 19:38:00.893,North End,Beacon Hill,9.0,1.0,Lyft,2018-12-01 19:00:00
1.34,Uber,2018-11-30 08:58:02.504,Fenway,Back Bay,23.0,1.0,Black SUV,2018-11-30 08:00:00
3.01,Uber,2018-11-26 22:54:10.531,Boston University,North Station,25.0,1.0,Black,2018-11-26 22:00:00
4.48,Uber,2018-11-30 13:47:59.972,Fenway,Financial District,11.5,1.0,WAV,2018-11-30 13:00:00
2.84,Uber,2018-12-03 19:03:05.800,Fenway,West End,10.5,1.0,UberX,2018-12-03 19:00:00
1.25,Lyft,2018-12-16 14:25:07.456,Back Bay,Northeastern University,16.5,1.0,Lux Black,2018-12-16 14:00:00
1.07,Lyft,2018-11-26 10:53:09.601,Financial District,North End,13.5,1.0,Lux,2018-11-26 10:00:00
2.38,Lyft,2018-12-15 03:20:08.038,Beacon Hill,Fenway,30.0,1.0,Lux Black XL,2018-12-15 03:00:00
2.27,Lyft,2018-11-27 17:15:22.643,Boston University,Beacon Hill,22.5,1.0,Lux Black,2018-11-27 17:00:00
0.76,Lyft,2018-11-28 20:23:08.311,Haymarket Square,West End,7.0,1.0,Shared,2018-11-28 20:00:00
1.19,Uber,2018-12-03 22:42:58.794,North End,North Station,7.5,1.0,WAV,2018-12-03 22:00:00
2.46,Uber,2018-12-15 23:05:17.719,Beacon Hill,Fenway,7.5,1.0,UberPool,2018-12-15 23:00:00
0.72,Uber,2018-12-17 12:15:06.373,Haymarket Square,West End,15.5,1.0,Black,2018-12-17 12:00:00
1.2,Lyft,2018-12-17 21:00:10.739,Financial District,North End,7.0,1.0,Lyft,2018-12-17 21:00:00
3.15,Lyft,2018-12-13 09:50:05.464,Boston University,North Station,9.0,1.0,Shared,2018-12-13 09:00:00
1.03,Uber,2018-11-27 10:45:24.186,North Station,North End,11.5,1.0,UberXL,2018-11-27 10:00:00
3.01,Uber,2018-11-27 12:30:22.370,Boston University,North Station,23.5,1.0,Black,2018-11-27 12:00:00
3.18,Lyft,2018-12-16 07:20:11.706,Boston University,North Station,11.0,1.0,Lyft,2018-12-16 07:00:00
2.5,Lyft,2018-12-02 06:18:01.750,Northeastern University,Beacon Hill,22.5,1.25,Lux,2018-12-02 06:00:00
0.92,Uber,2018-12-04 02:33:04.405,Haymarket Square,Financial District,11.5,1.0,UberXL,2018-12-04 02:00:00
1.04,Uber,2018-12-01 17:03:04.367,Financial District,North End,9.0,1.0,UberPool,2018-12-01 17:00:00
2.31,Lyft,2018-12-02 17:28:02.312,Fenway,Beacon Hill,30.0,1.0,Lux Black XL,2018-12-02 17:00:00
4.55,Lyft,2018-11-26 09:23:11.371,Fenway,Financial District,19.5,1.0,Lyft XL,2018-11-26 09:00:00
3.08,Lyft,2018-12-15 13:35:08.655,West End,Boston University,34.0,1.0,Lux Black XL,2018-12-15 13:00:00
3.03,Lyft,2018-11-28 11:59:07.990,Theatre District,Boston University,19.5,1.0,Lux,2018-11-28 11:00:00
7.46,Uber,2018-12-15 23:35:13.126,Northeastern University,Financial District,46.0,1.0,Black SUV,2018-12-15 23:00:00
3.67,Lyft,2018-11-28 12:41:26.042,Financial District,Boston University,27.5,1.0,Lux,2018-11-28 12:00:00
2.48,Uber,2018-12-02 11:38:02.961,South Station,Beacon Hill,8.5,1.0,WAV,2018-12-02 11:00:00
1.04,Uber,2018-12-16 12:50:12.602,Financial District,North End,8.5,1.0,WAV,2018-12-16 12:00:00
2.32,Uber,2018-12-02 15:43:03.125,Fenway,Beacon Hill,26.0,1.0,Black SUV,2018-12-02 15:00:00
1.23,Lyft,2018-12-14 19:05:05.249,Theatre District,Haymarket Square,9.0,1.0,Lyft,2018-12-14 19:00:00
3.61,Uber,2018-12-03 05:02:57.587,Back Bay,North End,9.0,1.0,UberPool,2018-12-03 05:00:00
2.86,Uber,2018-12-13 10:25:08.286,West End,Northeastern University,20.5,1.0,Black,2018-12-13 10:00:00
1.81,Uber,2018-12-15 14:05:13.271,Northeastern University,Theatre District,10.5,1.0,WAV,2018-12-15 14:00:00
1.26,Lyft,2018-11-29 07:03:04.921,North End,Financial District,10.5,1.0,Lyft XL,2018-11-29 07:00:00
2.45,Lyft,2018-11-28 19:08:08.102,Beacon Hill,Fenway,13.5,1.0,Lyft XL,2018-11-28 19:00:00
1.17,Lyft,2018-12-14 23:25:11.262,Theatre District,South Station,7.0,1.0,Shared,2018-12-14 23:00:00
1.61,Uber,2018-11-26 13:32:09.822,Haymarket Square,Theatre District,29.0,1.0,Black SUV,2018-11-26 13:00:00
3.46,Lyft,2018-12-03 00:03:04.258,Back Bay,North End,22.5,1.0,Lux,2018-12-03 00:00:00
1.15,Lyft,2018-12-02 23:08:02.234,Financial District,North End,7.0,1.0,Lyft,2018-12-02 23:00:00
1.44,Uber,2018-12-13 08:20:11.016,South Station,West End,29.0,1.0,Black SUV,2018-12-13 08:00:00
1.25,Lyft,2018-12-17 13:50:12.178,Theatre District,Haymarket Square,27.5,1.0,Lux Black XL,2018-12-17 13:00:00
1.01,Lyft,2018-12-03 19:53:02.047,North End,North Station,13.5,1.0,Lux,2018-12-03 19:00:00
1.57,Lyft,2018-11-27 21:03:23.432,Beacon Hill,North End,5.0,1.0,Shared,2018-11-27 21:00:00
1.56,Uber,2018-11-29 17:07:55.904,Back Bay,Boston University,8.0,1.0,UberX,2018-11-29 17:00:00
1.56,Uber,2018-11-26 06:27:02.605,Back Bay,Boston University,8.0,1.0,WAV,2018-11-26 06:00:00
2.73,Lyft,2018-12-03 18:07:56.734,Theatre District,Fenway,32.5,1.0,Lux Black XL,2018-12-03 18:00:00
2.58,Uber,2018-12-15 03:30:07.415,West End,Northeastern University,16.0,1.0,UberXL,2018-12-15 03:00:00
1.02,Lyft,2018-12-02 06:13:05.097,North End,Financial District,11.0,1.0,Lyft XL,2018-12-02 06:00:00
0.56,Lyft,2018-12-03 23:53:01.630,North Station,Haymarket Square,38.5,1.5,Lux Black XL,2018-12-03 23:00:00
1.59,Lyft,2018-12-02 05:23:06.606,Back Bay,Boston University,7.0,1.0,Lyft,2018-12-02 05:00:00
2.17,Lyft,2018-12-03 10:23:02.091,Northeastern University,Theatre District,9.0,1.0,Lyft,2018-12-03 10:00:00
1.94,Uber,2018-12-01 17:17:56.246,Theatre District,Northeastern University,13.0,1.0,WAV,2018-12-01 17:00:00
1.0,Uber,2018-12-13 20:55:10.162,North End,West End,27.0,1.0,Black SUV,2018-12-13 20:00:00
1.5,Uber,2018-11-30 09:42:57.773,North Station,South Station,8.0,1.0,UberX,2018-11-30 09:00:00
0.69,Lyft,2018-11-29 15:33:05.600,West End,Haymarket Square,7.0,1.0,Lyft,2018-11-29 15:00:00
1.08,Uber,2018-12-15 13:35:08.319,North End,North Station,8.5,1.0,WAV,2018-12-15 13:00:00
0.39,Uber,2018-11-29 02:34:20.111,South Station,Financial District,15.0,1.0,Black,2018-11-29 02:00:00
2.8,Uber,2018-11-28 14:11:07.778,Boston University,West End,28.5,1.0,Black SUV,2018-11-28 14:00:00
3.45,Uber,2018-12-18 18:10:11.232,South Station,Back Bay,22.0,1.0,Black,2018-12-18 18:00:00
1.89,Uber,2018-12-03 12:33:06.296,Back Bay,South Station,23.0,1.0,Black,2018-12-03 12:00:00
2.84,Uber,2018-12-17 15:15:10.096,Back Bay,North End,25.0,1.0,Black,2018-12-17 15:00:00
3.04,Lyft,2018-12-13 11:20:08.602,West End,Boston University,16.5,1.0,Lyft XL,2018-12-13 11:00:00
2.48,Uber,2018-12-02 11:38:02.961,South Station,Beacon Hill,9.0,1.0,UberPool,2018-12-02 11:00:00
2.94,Lyft,2018-11-30 19:13:02.255,Fenway,West End,26.0,1.0,Lux Black,2018-11-30 19:00:00
1.3,Uber,2018-12-03 06:43:03.958,Theatre District,South Station,11.5,1.0,UberXL,2018-12-03 06:00:00
2.93,Lyft,2018-11-30 06:38:00.160,Theatre District,Fenway,7.0,1.0,Shared,2018-11-30 06:00:00
3.22,Uber,2018-11-27 20:33:22.711,North Station,Northeastern University,10.5,1.0,UberX,2018-11-27 20:00:00
1.19,Lyft,2018-12-17 17:45:03.667,North End,Financial District,10.5,1.0,Lux,2018-12-17 17:00:00
1.41,Uber,2018-12-15 06:55:14.848,Theatre District,North End,8.0,1.0,WAV,2018-12-15 06:00:00
1.01,Lyft,2018-12-14 09:45:10.965,Haymarket Square,Financial District,10.5,1.0,Lux,2018-12-14 09:00:00
2.4,Lyft,2018-12-16 18:55:06.489,Beacon Hill,Fenway,13.5,1.0,Lyft XL,2018-12-16 18:00:00
2.96,Lyft,2018-12-04 00:43:00.835,Theatre District,Boston University,10.5,1.0,Lyft,2018-12-04 00:00:00
2.32,Uber,2018-12-01 21:58:02.603,Fenway,Beacon Hill,9.5,1.0,UberX,2018-12-01 21:00:00
3.21,Lyft,2018-12-03 12:28:00.914,North Station,Northeastern University,27.5,1.0,Lux Black,2018-12-03 12:00:00
1.41,Uber,2018-11-27 16:03:23.567,Theatre District,North End,10.5,1.0,UberX,2018-11-27 16:00:00
1.34,Uber,2018-12-14 07:30:03.308,Fenway,Back Bay,15.0,1.0,Black,2018-12-14 07:00:00
6.26,Uber,2018-11-28 09:49:35.156,South Station,Back Bay,19.5,1.0,UberXL,2018-11-28 09:00:00
2.86,Uber,2018-11-27 09:27:23.398,West End,Northeastern University,17.5,1.0,WAV,2018-11-27 09:00:00
2.13,Lyft,2018-11-28 18:29:08.460,Back Bay,South Station,16.5,1.0,Lux,2018-11-28 18:00:00
1.05,Lyft,2018-11-27 15:54:23.550,Financial District,Haymarket Square,3.5,1.0,Shared,2018-11-27 15:00:00
3.1,Uber,2018-12-15 21:50:03.661,Northeastern University,West End,11.5,1.0,WAV,2018-12-15 21:00:00
3.39,Uber,2018-11-28 15:16:26.565,North Station,Boston University,9.5,1.0,WAV,2018-11-28 15:00:00
2.8,Uber,2018-12-01 18:47:56.492,Boston University,West End,33.0,1.0,Black SUV,2018-12-01 18:00:00
3.39,Uber,2018-12-09 23:53:04.196,North Station,Boston University,10.0,1.0,UberPool,2018-12-09 23:00:00
1.35,Uber,2018-12-14 22:30:09.077,Haymarket Square,Beacon Hill,17.5,1.0,Black,2018-12-14 22:00:00
2.34,Lyft,2018-12-03 12:38:02.091,Haymarket Square,Back Bay,11.0,1.0,Lyft,2018-12-03 12:00:00
1.5,Uber,2018-11-29 17:08:03.471,Back Bay,Fenway,15.0,1.0,Black,2018-11-29 17:00:00
1.08,Uber,2018-12-03 16:32:56.627,North End,North Station,15.0,1.0,Black,2018-12-03 16:00:00
2.62,Uber,2018-11-29 00:11:09.469,Boston University,Theatre District,28.5,1.0,Black SUV,2018-11-29 00:00:00
3.16,Lyft,2018-11-28 00:30:22.069,Fenway,Theatre District,32.5,1.0,Lux Black XL,2018-11-28 00:00:00
2.84,Lyft,2018-12-18 14:55:03.703,West End,Northeastern University,32.5,1.0,Lux Black XL,2018-12-18 14:00:00
2.41,Lyft,2018-12-03 20:07:59.079,North End,Back Bay,22.5,1.0,Lux Black,2018-12-03 20:00:00
1.24,Lyft,2018-12-14 15:10:13.591,Beacon Hill,Haymarket Square,16.5,1.0,Lux Black,2018-12-14 15:00:00
0.61,Uber,2018-12-15 08:40:13.083,West End,Haymarket Square,7.5,1.0,WAV,2018-12-15 08:00:00
1.21,Uber,2018-11-29 04:05:08.305,North End,Financial District,11.5,1.0,UberXL,2018-11-29 04:00:00
2.84,Lyft,2018-11-28 20:38:08.031,West End,Fenway,10.5,1.25,Lyft,2018-11-28 20:00:00
1.29,Lyft,2018-12-16 14:20:10.459,Theatre District,Haymarket Square,13.5,1.0,Lux,2018-12-16 14:00:00
2.63,Lyft,2018-12-17 23:05:06.791,Beacon Hill,Boston University,22.5,1.0,Lux Black,2018-12-17 23:00:00
0.39,Uber,2018-12-15 09:20:08.850,South Station,Financial District,15.0,1.0,Black,2018-12-15 09:00:00
0.98,Lyft,2018-11-30 15:03:00.733,North Station,North End,27.5,1.0,Lux Black XL,2018-11-30 15:00:00
1.07,Lyft,2018-12-09 23:13:29.288,North End,North Station,16.5,1.0,Lux Black,2018-12-09 23:00:00
1.34,Uber,2018-12-15 21:50:07.008,Fenway,Back Bay,18.0,1.0,UberXL,2018-12-15 21:00:00
1.06,Lyft,2018-12-14 21:30:07.843,North End,North Station,7.0,1.0,Lyft,2018-12-14 21:00:00
4.61,Lyft,2018-11-29 21:26:56.470,Financial District,Boston University,22.5,1.0,Lyft XL,2018-11-29 21:00:00
1.5,Lyft,2018-12-17 04:25:14.290,Back Bay,Boston University,7.0,1.0,Lyft,2018-12-17 04:00:00
2.12,Lyft,2018-11-27 08:24:23.305,Back Bay,South Station,11.0,1.25,Lyft,2018-11-27 08:00:00
0.53,Lyft,2018-12-16 05:20:12.798,North Station,Haymarket Square,7.0,1.0,Lyft,2018-12-16 05:00:00
0.39,Uber,2018-12-03 03:28:02.129,South Station,Financial District,37.5,1.0,Black SUV,2018-12-03 03:00:00
2.8,Uber,2018-12-13 07:00:12.899,Boston University,West End,10.5,1.0,WAV,2018-12-13 07:00:00
1.03,Uber,2018-11-29 00:43:41.730,North Station,North End,27.5,1.0,Black SUV,2018-11-29 00:00:00
1.5,Uber,2018-12-01 20:53:01.231,Back Bay,Fenway,15.0,1.0,Black,2018-12-01 20:00:00
1.84,Uber,2018-12-14 21:20:11.509,North Station,South Station,8.5,1.0,WAV,2018-12-14 21:00:00
2.58,Uber,2018-11-30 06:18:03.442,Back Bay,North End,13.0,1.0,UberX,2018-11-30 06:00:00
1.21,Uber,2018-12-03 10:08:02.195,North End,Financial District,7.0,1.0,UberX,2018-12-03 10:00:00
2.59,Lyft,2018-12-16 13:45:09.868,Beacon Hill,South Station,16.5,1.0,Lyft XL,2018-12-16 13:00:00
4.48,Uber,2018-12-03 17:48:05.008,Fenway,Financial District,41.5,1.0,Black SUV,2018-12-03 17:00:00
0.73,Lyft,2018-12-17 09:00:06.254,West End,Haymarket Square,7.0,1.0,Lyft,2018-12-17 09:00:00
0.64,Lyft,2018-11-29 20:43:03.436,Haymarket Square,North Station,27.5,1.0,Lux Black XL,2018-11-29 20:00:00
2.31,Lyft,2018-12-18 16:15:14.652,Haymarket Square,Back Bay,30.0,1.75,Lyft XL,2018-12-18 16:00:00
1.22,Uber,2018-12-16 13:15:09.516,Northeastern University,Back Bay,7.0,1.0,UberX,2018-12-16 13:00:00
1.56,Lyft,2018-12-18 09:10:08.045,Back Bay,Fenway,38.0,1.5,Lux Black XL,2018-12-18 09:00:00
1.5,Lyft,2018-11-26 07:18:16.041,South Station,Back Bay,19.5,1.0,Lux Black,2018-11-26 07:00:00
2.42,Lyft,2018-12-18 09:35:12.707,Beacon Hill,Fenway,22.5,1.0,Lux Black,2018-12-18 09:00:00
1.2,Lyft,2018-11-29 08:28:01.607,North End,West End,22.5,1.25,Lux Black,2018-11-29 08:00:00
2.41,Uber,2018-11-29 08:53:02.356,North End,Beacon Hill,16.0,1.0,UberXL,2018-11-29 08:00:00
0.65,Lyft,2018-12-02 12:27:56.154,West End,Haymarket Square,5.0,1.0,Shared,2018-12-02 12:00:00
2.66,Uber,2018-12-01 06:57:56.232,Theatre District,Fenway,29.5,1.0,Black SUV,2018-12-01 06:00:00
3.24,Lyft,2018-12-13 15:25:09.222,North Station,Northeastern University,10.5,1.0,Lyft,2018-12-13 15:00:00
2.46,Uber,2018-11-29 01:53:42.628,Beacon Hill,Fenway,8.5,1.0,WAV,2018-11-29 01:00:00
2.61,Lyft,2018-12-02 04:53:05.774,Beacon Hill,Boston University,7.0,1.0,Shared,2018-12-02 04:00:00
1.91,Uber,2018-11-28 13:21:22.939,Theatre District,Northeastern University,17.5,1.0,Black,2018-11-28 13:00:00
1.56,Uber,2018-12-14 15:20:08.987,Back Bay,Boston University,11.5,1.0,UberX,2018-12-14 15:00:00
1.53,Lyft,2018-11-28 07:56:40.875,Theatre District,North End,13.5,1.0,Lyft XL,2018-11-28 07:00:00
1.02,Lyft,2018-11-30 15:38:04.061,North End,Financial District,13.5,1.0,Lux,2018-11-30 15:00:00
1.4,Uber,2018-12-02 16:37:58.059,Back Bay,Northeastern University,26.5,1.0,Black SUV,2018-12-02 16:00:00
1.46,Uber,2018-12-01 08:33:00.388,Beacon Hill,North End,16.5,1.0,Black,2018-12-01 08:00:00
1.34,Uber,2018-12-03 10:03:03.603,Fenway,Back Bay,15.0,1.0,Black,2018-12-03 10:00:00
3.11,Lyft,2018-12-01 18:37:56.491,Fenway,Theatre District,7.0,1.0,Shared,2018-12-01 18:00:00
1.42,Lyft,2018-12-04 01:03:00.506,South Station,Back Bay,9.0,1.0,Lyft,2018-12-04 01:00:00
1.44,Lyft,2018-12-15 15:00:07.414,Fenway,Back Bay,16.5,1.0,Lux Black,2018-12-15 15:00:00
1.07,Lyft,2018-11-27 10:00:22.153,Theatre District,South Station,27.5,1.0,Lux Black XL,2018-11-27 10:00:00
2.06,Lyft,2018-11-29 21:03:02.842,South Station,North Station,13.5,1.0,Lyft XL,2018-11-29 21:00:00
2.89,Lyft,2018-11-30 08:43:03.093,Boston University,West End,10.5,1.0,Lyft,2018-11-30 08:00:00
0.98,Uber,2018-12-01 02:07:58.576,North End,West End,26.0,1.0,Black SUV,2018-12-01 02:00:00
3.07,Uber,2018-12-16 21:50:11.825,North Station,Fenway,8.0,1.0,UberPool,2018-12-16 21:00:00
3.15,Lyft,2018-12-15 09:50:04.867,Boston University,Theatre District,27.5,1.0,Lux Black,2018-12-15 09:00:00
7.46,Uber,2018-12-16 14:55:07.283,Northeastern University,Financial District,38.5,1.0,Black,2018-12-16 14:00:00
2.32,Lyft,2018-12-02 00:13:04.807,Haymarket Square,Back Bay,32.5,1.0,Lux Black XL,2018-12-02 00:00:00
0.7,Lyft,2018-12-14 02:25:03.850,Haymarket Square,North Station,3.0,1.0,Shared,2018-12-14 02:00:00
0.72,Uber,2018-12-03 07:32:57.394,Haymarket Square,West End,26.5,1.0,Black SUV,2018-12-03 07:00:00
3.12,Lyft,2018-12-02 15:23:00.138,West End,Boston University,16.5,1.0,Lyft XL,2018-12-02 15:00:00
0.72,Uber,2018-12-15 21:10:14.083,Haymarket Square,West End,7.0,1.0,UberX,2018-12-15 21:00:00
3.08,Uber,2018-12-04 04:58:01.067,Northeastern University,West End,31.5,1.0,Black SUV,2018-12-04 04:00:00
1.5,Uber,2018-11-29 23:33:04.212,Back Bay,Fenway,7.5,1.0,UberPool,2018-11-29 23:00:00
2.94,Lyft,2018-12-03 17:32:59.588,Boston University,West End,19.5,1.0,Lux,2018-12-03 17:00:00
2.48,Uber,2018-11-30 05:18:04.486,South Station,Beacon Hill,14.0,1.0,UberXL,2018-11-30 05:00:00
3.39,Lyft,2018-11-28 13:08:07.190,Northeastern University,Financial District,11.0,1.0,Lyft,2018-11-28 13:00:00
1.34,Uber,2018-12-03 12:38:02.090,Fenway,Back Bay,10.0,1.0,UberPool,2018-12-03 12:00:00
1.16,Uber,2018-12-17 22:00:11.754,West End,North End,7.5,1.0,UberPool,2018-12-17 22:00:00
3.3,Uber,2018-12-03 04:58:02.729,Northeastern University,North Station,37.5,1.0,Black SUV,2018-12-03 04:00:00
1.57,Uber,2018-12-14 03:55:05.397,North End,Theatre District,15.0,1.0,UberXL,2018-12-14 03:00:00
4.44,Uber,2018-11-29 17:18:04.179,Boston University,Financial District,14.0,1.0,UberPool,2018-11-29 17:00:00
1.23,Uber,2018-12-03 16:38:01.919,Haymarket Square,Beacon Hill,7.5,1.0,WAV,2018-12-03 16:00:00
0.61,Uber,2018-11-28 23:11:08.055,West End,Haymarket Square,16.0,1.0,Black,2018-11-28 23:00:00
2.66,Uber,2018-12-18 19:15:10.933,Theatre District,Fenway,11.5,1.0,WAV,2018-12-18 19:00:00
1.48,Lyft,2018-12-13 06:15:04.949,Back Bay,Fenway,5.0,1.0,Shared,2018-12-13 06:00:00
1.54,Lyft,2018-12-01 18:18:05.865,Theatre District,North End,13.5,1.0,Lyft XL,2018-12-01 18:00:00
1.92,Uber,2018-11-27 03:30:23.565,Northeastern University,Beacon Hill,7.5,1.0,UberPool,2018-11-27 03:00:00
0.48,Lyft,2018-11-26 14:41:09.769,South Station,Financial District,13.5,1.25,Lux,2018-11-26 14:00:00
5.56,Uber,2018-12-01 01:32:59.303,Boston University,Financial District,15.0,1.0,WAV,2018-12-01 01:00:00
2.08,Lyft,2018-12-16 02:25:09.795,South Station,North Station,13.5,1.0,Lyft XL,2018-12-16 02:00:00
1.22,Lyft,2018-12-02 23:03:03.791,Back Bay,Northeastern University,11.0,1.0,Lyft XL,2018-12-02 23:00:00
2.32,Uber,2018-12-02 19:32:56.396,Northeastern University,Theatre District,9.5,1.0,WAV,2018-12-02 19:00:00
3.23,Lyft,2018-12-16 21:55:04.347,North Station,Fenway,34.0,1.0,Lux Black XL,2018-12-16 21:00:00
1.89,Uber,2018-11-27 02:42:21.982,Theatre District,Northeastern University,8.5,1.0,UberX,2018-11-27 02:00:00
1.56,Uber,2018-11-27 04:51:23.130,Back Bay,Boston University,7.0,1.0,UberPool,2018-11-27 04:00:00
1.52,Lyft,2018-11-27 00:14:28.612,Theatre District,North End,30.0,1.0,Lux Black XL,2018-11-27 00:00:00
0.61,Lyft,2018-11-28 18:11:24.161,South Station,Theatre District,10.5,1.0,Lyft XL,2018-11-28 18:00:00
0.59,Lyft,2018-11-27 14:33:23.656,Financial District,South Station,26.0,1.0,Lux Black XL,2018-11-27 14:00:00
3.21,Lyft,2018-12-15 09:05:09.813,North Station,Fenway,19.5,1.0,Lyft XL,2018-12-15 09:00:00
0.53,Lyft,2018-11-26 19:50:09.767,North Station,Haymarket Square,7.0,1.0,Lyft,2018-11-26 19:00:00
1.35,Uber,2018-11-29 11:38:02.037,Haymarket Square,Beacon Hill,7.5,1.0,UberPool,2018-11-29 11:00:00
0.55,Uber,2018-12-16 00:35:11.790,South Station,Theatre District,7.0,1.0,WAV,2018-12-16 00:00:00
0.82,Uber,2018-12-16 01:40:14.053,Financial District,Haymarket Square,7.0,1.0,UberX,2018-12-16 01:00:00
1.18,Uber,2018-11-27 10:09:22.199,Theatre District,Haymarket Square,11.5,1.0,UberXL,2018-11-27 10:00:00
2.84,Lyft,2018-12-17 20:00:10.751,West End,Northeastern University,19.5,1.0,Lux,2018-12-17 20:00:00
2.34,Uber,2018-11-27 16:42:23.723,Back Bay,North End,10.0,1.0,UberPool,2018-11-27 16:00:00
2.96,Lyft,2018-12-02 10:42:57.480,Fenway,West End,22.5,1.0,Lux Black,2018-12-02 10:00:00
2.32,Uber,2018-11-27 10:27:22.079,Haymarket Square,Back Bay,31.0,1.0,Black SUV,2018-11-27 10:00:00
1.2,Lyft,2018-12-03 12:08:03.669,North End,North Station,7.0,1.0,Lyft,2018-12-03 12:00:00
2.52,Lyft,2018-11-28 08:55:00.223,Northeastern University,Beacon Hill,10.5,1.0,Lyft,2018-11-28 08:00:00
2.46,Lyft,2018-11-28 16:05:08.268,Northeastern University,Beacon Hill,32.5,1.0,Lux Black XL,2018-11-28 16:00:00
2.79,Uber,2018-12-01 21:53:06.009,Beacon Hill,Boston University,9.5,1.0,UberX,2018-12-01 21:00:00
1.56,Uber,2018-12-03 13:37:59.854,Back Bay,Boston University,6.5,1.0,UberPool,2018-12-03 13:00:00
2.61,Uber,2018-11-29 02:06:47.397,Beacon Hill,Northeastern University,19.5,1.0,Black,2018-11-29 02:00:00
2.13,Lyft,2018-11-26 23:39:14.192,Northeastern University,Theatre District,10.5,1.0,Lyft,2018-11-26 23:00:00
1.25,Uber,2018-12-13 13:15:20.341,Haymarket Square,Financial District,10.5,1.0,UberXL,2018-12-13 13:00:00
2.32,Uber,2018-11-29 13:57:59.932,Fenway,Beacon Hill,29.5,1.0,Black SUV,2018-11-29 13:00:00
3.42,Uber,2018-11-29 16:48:06.160,Northeastern University,North Station,25.5,1.0,WAV,2018-11-29 16:00:00
1.23,Uber,2018-12-13 20:15:09.699,Theatre District,Haymarket Square,27.5,1.0,Black SUV,2018-12-13 20:00:00
1.55,Lyft,2018-11-28 19:14:08.866,Theatre District,North End,16.5,1.0,Lux,2018-11-28 19:00:00
1.09,Lyft,2018-12-03 23:53:00.942,North End,West End,5.0,1.0,Shared,2018-12-03 23:00:00
3.14,Lyft,2018-11-29 00:05:09.140,Boston University,North Station,19.5,1.0,Lux,2018-11-29 00:00:00
3.05,Lyft,2018-11-27 22:42:23.007,West End,Boston University,16.5,1.5,Lyft,2018-11-27 22:00:00
1.06,Lyft,2018-11-26 16:29:09.932,Northeastern University,Back Bay,13.5,1.0,Lux,2018-11-26 16:00:00
1.72,Lyft,2018-12-13 09:30:07.319,North End,Beacon Hill,10.5,1.0,Lyft,2018-12-13 09:00:00
1.38,Lyft,2018-12-17 04:15:09.590,Beacon Hill,Haymarket Square,10.5,1.0,Lyft XL,2018-12-17 04:00:00
2.32,Uber,2018-12-15 15:45:11.882,Haymarket Square,Back Bay,9.5,1.0,UberX,2018-12-15 15:00:00
3.05,Uber,2018-12-04 00:38:01.815,Fenway,North Station,16.5,1.0,UberXL,2018-12-04 00:00:00
3.22,Uber,2018-12-16 03:35:12.558,North Station,Northeastern University,9.5,1.0,WAV,2018-12-16 03:00:00
1.07,Lyft,2018-12-18 10:35:09.569,Northeastern University,Back Bay,7.0,1.0,Lyft,2018-12-18 10:00:00
1.49,Lyft,2018-12-01 12:03:02.361,Back Bay,Boston University,13.5,1.0,Lux,2018-12-01 12:00:00
1.25,Lyft,2018-11-27 12:03:22.053,Haymarket Square,Financial District,10.5,1.0,Lyft XL,2018-11-27 12:00:00
1.54,Lyft,2018-12-15 10:05:11.709,Theatre District,North End,5.0,1.0,Shared,2018-12-15 10:00:00
4.63,Lyft,2018-11-28 20:23:08.214,Boston University,Theatre District,42.5,1.0,Lux Black XL,2018-11-28 20:00:00
0.49,Uber,2018-11-27 05:42:22.195,North Station,Haymarket Square,6.5,1.0,UberPool,2018-11-27 05:00:00
1.23,Lyft,2018-12-03 23:28:01.328,Theatre District,Haymarket Square,3.0,1.0,Shared,2018-12-03 23:00:00
2.43,Lyft,2018-11-30 14:43:04.030,Beacon Hill,Northeastern University,19.5,1.0,Lux Black,2018-11-30 14:00:00
1.64,Uber,2018-12-17 17:20:07.529,Back Bay,Northeastern University,13.0,1.0,UberXL,2018-12-17 17:00:00
1.8,Uber,2018-12-15 10:15:11.528,Northeastern University,Theatre District,8.0,1.0,UberPool,2018-12-15 10:00:00
1.72,Lyft,2018-11-30 14:23:03.926,Haymarket Square,Theatre District,30.0,1.0,Lux Black XL,2018-11-30 14:00:00
4.76,Lyft,2018-12-02 22:07:58.749,Boston University,Theatre District,42.5,1.0,Lux Black XL,2018-12-02 22:00:00
3.05,Lyft,2018-12-02 16:17:57.607,West End,Boston University,19.5,1.0,Lux,2018-12-02 16:00:00
0.27,Uber,2018-11-30 17:07:56.052,Boston University,Theatre District,27.5,1.0,Black SUV,2018-11-30 17:00:00
1.24,Lyft,2018-12-13 09:55:07.472,West End,North End,19.5,1.0,Lux Black,2018-12-13 09:00:00
2.39,Lyft,2018-12-17 11:30:11.951,Back Bay,Haymarket Square,7.0,1.0,Shared,2018-12-17 11:00:00
2.31,Uber,2018-11-29 17:23:01.398,Fenway,Beacon Hill,22.5,1.0,Black,2018-11-29 17:00:00
1.35,Uber,2018-12-14 08:35:07.625,Haymarket Square,Beacon Hill,7.5,1.0,WAV,2018-12-14 08:00:00
0.02,Uber,2018-11-28 10:23:07.892,South Station,Theatre District,6.5,1.0,UberPool,2018-11-28 10:00:00
1.34,Lyft,2018-12-01 17:28:03.922,South Station,Back Bay,9.0,1.0,Lyft,2018-12-01 17:00:00
3.17,Lyft,2018-12-13 10:45:04.095,Boston University,North Station,16.5,1.5,Lyft,2018-12-13 10:00:00
0.75,Lyft,2018-12-13 03:49:59.344,Haymarket Square,West End,7.0,1.0,Lyft,2018-12-13 03:00:00
4.18,Lyft,2018-11-29 16:38:02.694,Financial District,Northeastern University,13.5,1.0,Lyft,2018-11-29 16:00:00
1.97,Uber,2018-11-28 23:35:07.951,Northeastern University,Beacon Hill,29.5,1.0,Black SUV,2018-11-28 23:00:00
2.46,Uber,2018-12-03 19:08:00.952,Beacon Hill,Fenway,30.5,1.0,Black SUV,2018-12-03 19:00:00
2.19,Uber,2018-11-28 19:29:07.979,North End,Beacon Hill,18.5,1.0,Black,2018-11-28 19:00:00
1.5,Uber,2018-12-01 22:52:56.592,Back Bay,Fenway,25.0,1.0,Black SUV,2018-12-01 22:00:00
2.37,Lyft,2018-12-01 15:02:57.882,Beacon Hill,Fenway,19.5,1.0,Lux,2018-12-01 15:00:00
6.26,Uber,2018-12-03 12:08:03.981,South Station,Back Bay,23.5,1.0,UberX,2018-12-03 12:00:00
2.11,Lyft,2018-11-27 15:36:22.052,South Station,North Station,16.5,1.0,Lux,2018-11-27 15:00:00
4.72,Lyft,2018-11-28 14:36:24.939,Financial District,Boston University,13.5,1.0,Lyft,2018-11-28 14:00:00
0.92,Uber,2018-12-02 23:12:59.360,North Station,North End,15.5,1.0,Black,2018-12-02 23:00:00
1.89,Uber,2018-11-28 17:56:07.989,West End,South Station,17.5,1.0,Black,2018-11-28 17:00:00
2.11,Lyft,2018-11-29 03:56:07.336,North End,Beacon Hill,16.5,1.0,Lux,2018-11-29 03:00:00
0.98,Lyft,2018-12-13 12:20:11.353,Financial District,Haymarket Square,7.0,1.0,Lyft,2018-12-13 12:00:00
0.9,Lyft,2018-12-01 01:23:01.807,Financial District,Haymarket Square,27.5,1.0,Lux Black XL,2018-12-01 01:00:00
2.58,Uber,2018-11-28 15:59:08.138,Beacon Hill,South Station,9.0,1.0,UberPool,2018-11-28 15:00:00
0.39,Uber,2018-11-30 16:52:57.664,South Station,Financial District,7.5,1.0,WAV,2018-11-30 16:00:00
3.05,Uber,2018-12-14 19:25:05.695,Fenway,North Station,7.5,1.0,UberPool,2018-12-14 19:00:00
2.4,Lyft,2018-11-30 20:03:05.517,Fenway,Beacon Hill,13.5,1.0,Lyft XL,2018-11-30 20:00:00
0.45,Lyft,2018-11-29 01:23:39.235,South Station,Financial District,26.0,1.0,Lux Black XL,2018-11-29 01:00:00
1.09,Lyft,2018-12-18 17:40:11.315,North End,West End,16.5,1.0,Lux Black,2018-12-18 17:00:00
2.79,Uber,2018-12-17 11:50:08.152,Beacon Hill,Boston University,8.0,1.0,UberPool,2018-12-17 11:00:00
1.5,Lyft,2018-11-28 15:31:24.584,Back Bay,Boston University,9.0,1.0,Lyft,2018-11-28 15:00:00
2.11,Lyft,2018-12-15 23:35:05.229,South Station,North Station,19.5,1.0,Lux Black,2018-12-15 23:00:00
1.16,Uber,2018-12-03 18:22:56.373,Theatre District,Haymarket Square,26.5,1.0,Black SUV,2018-12-03 18:00:00
0.54,Uber,2018-11-30 07:43:03.755,Financial District,South Station,26.0,1.0,Black SUV,2018-11-30 07:00:00
3.18,Lyft,2018-11-27 14:39:24.616,Fenway,Theatre District,27.5,1.0,Lux Black,2018-11-27 14:00:00
1.22,Uber,2018-11-29 14:03:02.046,West End,North End,15.5,1.0,Black,2018-11-29 14:00:00
1.11,Lyft,2018-11-28 11:21:22.379,North Station,North End,13.5,1.0,Lux,2018-11-28 11:00:00
1.03,Lyft,2018-12-02 00:13:03.521,North End,North Station,3.0,1.0,Shared,2018-12-02 00:00:00
3.04,Uber,2018-12-16 03:20:11.202,West End,Boston University,11.5,1.0,WAV,2018-12-16 03:00:00
0.53,Lyft,2018-12-01 13:22:57.530,North Station,Haymarket Square,9.0,1.0,Lyft XL,2018-12-01 13:00:00
1.07,Lyft,2018-11-27 11:21:23.456,Financial District,North End,9.0,1.0,Lyft,2018-11-27 11:00:00
1.36,Lyft,2018-12-15 05:40:03.479,Back Bay,Northeastern University,11.0,1.0,Lyft XL,2018-12-15 05:00:00
2.58,Lyft,2018-11-30 22:17:59.889,Beacon Hill,South Station,9.0,1.0,Lyft,2018-11-30 22:00:00
2.23,Uber,2018-11-28 13:14:07.996,Back Bay,South Station,18.5,1.0,UberXL,2018-11-28 13:00:00
2.36,Uber,2018-12-16 02:20:10.466,Back Bay,North End,10.0,1.0,UberPool,2018-12-16 02:00:00
1.41,Uber,2018-11-29 05:58:01.114,Theatre District,North End,26.5,1.0,Black SUV,2018-11-29 05:00:00
2.57,Lyft,2018-12-18 14:45:12.481,Beacon Hill,South Station,34.0,1.0,Lux Black XL,2018-12-18 14:00:00
1.23,Uber,2018-12-17 10:10:09.898,Haymarket Square,Beacon Hill,7.5,1.0,UberPool,2018-12-17 10:00:00
2.9,Lyft,2018-11-27 00:12:15.057,Fenway,West End,10.5,1.0,Lyft,2018-11-27 00:00:00
1.2,Lyft,2018-12-14 18:30:14.259,Theatre District,South Station,11.0,1.0,Lyft XL,2018-12-14 18:00:00
4.42,Uber,2018-11-27 17:33:22.304,Financial District,Fenway,43.5,1.0,Black SUV,2018-11-27 17:00:00
0.54,Lyft,2018-12-17 17:45:14.179,North Station,Haymarket Square,7.0,1.0,Lyft,2018-12-17 17:00:00
2.3,Uber,2018-11-28 19:23:07.810,Back Bay,Haymarket Square,32.5,1.0,Black SUV,2018-11-28 19:00:00
1.0,Uber,2018-11-29 19:38:09.464,Financial District,Haymarket Square,7.0,1.0,WAV,2018-11-29 19:00:00
4.73,Uber,2018-11-27 05:39:22.322,Northeastern University,Financial District,13.0,1.0,UberX,2018-11-27 05:00:00
0.56,Lyft,2018-11-30 22:02:59.286,Financial District,South Station,10.5,1.0,Lyft XL,2018-11-30 22:00:00
1.52,Lyft,2018-11-27 00:06:14.084,Theatre District,North End,9.0,1.0,Lyft,2018-11-27 00:00:00
3.97,Lyft,2018-11-29 13:52:57.873,Financial District,Northeastern University,22.5,1.0,Lux,2018-11-29 13:00:00
0.64,Lyft,2018-12-02 02:03:02.271,West End,Haymarket Square,16.5,1.0,Lux Black,2018-12-02 02:00:00
2.17,Uber,2018-12-18 15:45:11.556,South Station,North Station,14.0,1.0,UberXL,2018-12-18 15:00:00
2.27,Uber,2018-11-26 22:59:10.038,Boston University,Beacon Hill,10.5,1.0,WAV,2018-11-26 22:00:00
2.43,Lyft,2018-11-27 23:42:22.289,Back Bay,South Station,26.0,1.0,Lux Black,2018-11-27 23:00:00
2.66,Uber,2018-12-01 22:58:08.328,Theatre District,Fenway,15.0,1.0,UberXL,2018-12-01 22:00:00
0.92,Uber,2018-12-17 12:55:14.782,Haymarket Square,Financial District,7.5,1.0,WAV,2018-12-17 12:00:00
1.22,Uber,2018-11-28 10:41:26.860,Northeastern University,Back Bay,7.5,1.0,WAV,2018-11-28 10:00:00
0.43,Lyft,2018-11-28 21:05:08.108,South Station,Financial District,26.0,1.0,Lux Black XL,2018-11-28 21:00:00
1.03,Uber,2018-12-16 12:20:11.213,North End,West End,7.5,1.0,UberPool,2018-12-16 12:00:00
1.4,Lyft,2018-11-26 17:56:09.495,Beacon Hill,Haymarket Square,11.0,1.0,Lyft XL,2018-11-26 17:00:00
2.66,Uber,2018-12-03 00:08:04.468,Theatre District,Fenway,18.5,1.0,UberXL,2018-12-03 00:00:00
4.4,Uber,2018-12-03 00:18:00.651,Financial District,Fenway,8.0,1.0,UberPool,2018-12-03 00:00:00
2.53,Lyft,2018-11-28 15:29:07.898,Back Bay,North End,22.5,1.0,Lux,2018-11-28 15:00:00
2.36,Lyft,2018-12-02 05:37:57.631,South Station,Beacon Hill,22.5,1.0,Lux Black,2018-12-02 05:00:00
1.7,Uber,2018-12-01 16:28:01.804,West End,South Station,14.0,1.0,UberXL,2018-12-01 16:00:00
3.1,Lyft,2018-11-27 09:24:22.693,Boston University,North Station,27.5,1.25,Lux,2018-11-27 09:00:00
1.3,Uber,2018-12-04 04:13:03.036,Theatre District,South Station,15.5,1.0,Black,2018-12-04 04:00:00
1.07,Lyft,2018-11-28 15:53:08.768,Northeastern University,Back Bay,19.5,1.5,Lux,2018-11-28 15:00:00
2.87,Lyft,2018-12-01 08:33:00.424,Boston University,West End,16.5,1.0,Lyft XL,2018-12-01 08:00:00
3.45,Uber,2018-12-03 03:18:02.222,South Station,Back Bay,12.5,1.0,UberPool,2018-12-03 03:00:00
3.05,Uber,2018-12-17 01:20:13.721,Fenway,North Station,11.5,1.0,UberX,2018-12-17 01:00:00
2.64,Lyft,2018-11-27 10:57:22.270,Beacon Hill,Boston University,10.5,1.0,Lyft,2018-11-27 10:00:00
3.15,Uber,2018-11-27 02:06:22.351,Northeastern University,West End,19.5,1.0,UberXL,2018-11-27 02:00:00
2.16,Lyft,2018-11-27 09:42:21.955,South Station,West End,19.5,1.0,Lux Black,2018-11-27 09:00:00
1.5,Uber,2018-12-14 00:25:10.067,North Station,South Station,27.0,1.0,Black SUV,2018-12-14 00:00:00
3.04,Lyft,2018-11-29 22:48:04.247,Northeastern University,West End,34.0,1.0,Lux Black XL,2018-11-29 22:00:00
0.27,Uber,2018-12-17 18:30:05.457,Boston University,Theatre District,7.5,1.0,UberPool,2018-12-17 18:00:00
0.53,Lyft,2018-12-18 08:10:03.623,North Station,Haymarket Square,27.5,1.0,Lux Black XL,2018-12-18 08:00:00
1.21,Uber,2018-12-03 13:03:02.710,North End,Financial District,7.0,1.0,WAV,2018-12-03 13:00:00
2.84,Uber,2018-12-04 01:53:02.516,Fenway,West End,9.5,1.0,UberX,2018-12-04 01:00:00
0.42,Lyft,2018-11-28 12:11:25.069,North Station,Haymarket Square,26.0,1.0,Lux Black XL,2018-11-28 12:00:00
3.41,Lyft,2018-12-15 19:35:04.147,West End,Boston University,22.5,1.0,Lux,2018-12-15 19:00:00
0.59,Lyft,2018-11-28 09:32:19.455,West End,Haymarket Square,7.0,1.0,Lyft,2018-11-28 09:00:00
2.18,Lyft,2018-12-16 13:30:09.183,Northeastern University,Theatre District,16.5,1.0,Lyft XL,2018-12-16 13:00:00
2.0,Lyft,2018-12-16 15:00:03.815,Northeastern University,Beacon Hill,9.0,1.0,Lyft,2018-12-16 15:00:00
1.35,Uber,2018-12-14 23:00:14.123,North End,Beacon Hill,19.5,1.0,Black,2018-12-14 23:00:00
5.56,Uber,2018-12-17 08:25:11.819,Boston University,Financial District,35.0,1.0,Black,2018-12-17 08:00:00
2.84,Uber,2018-11-27 05:39:23.483,Fenway,West End,9.5,1.0,WAV,2018-11-27 05:00:00
3.19,Lyft,2018-12-01 17:33:04.663,Fenway,North Station,27.5,1.0,Lux Black,2018-12-01 17:00:00
0.89,Lyft,2018-11-26 04:49:39.552,Haymarket Square,North Station,3.5,1.0,Shared,2018-11-26 04:00:00
4.4,Uber,2018-12-17 15:25:07.919,Financial District,Fenway,13.0,1.0,WAV,2018-12-17 15:00:00
0.62,Uber,2018-11-26 13:05:10.105,West End,Haymarket Square,26.5,1.0,Black SUV,2018-11-26 13:00:00
3.05,Uber,2018-12-02 15:47:58.990,Fenway,North Station,25.5,1.0,Black,2018-12-02 15:00:00
1.38,Lyft,2018-11-29 04:29:39.027,South Station,Back Bay,5.0,1.0,Shared,2018-11-29 04:00:00
3.23,Uber,2018-12-15 11:45:07.141,Beacon Hill,Boston University,28.0,1.0,Black,2018-12-15 11:00:00
1.19,Lyft,2018-11-29 13:23:03.976,Financial District,North End,16.5,1.0,Lux Black,2018-11-29 13:00:00
2.21,Uber,2018-11-28 19:26:08.502,North End,Beacon Hill,19.5,1.0,Black,2018-11-28 19:00:00
4.55,Uber,2018-12-18 03:50:11.506,Financial District,Northeastern University,28.5,1.0,Black,2018-12-18 03:00:00
0.72,Uber,2018-11-26 23:33:14.294,Haymarket Square,West End,6.5,1.0,UberPool,2018-11-26 23:00:00
3.0,Lyft,2018-12-15 11:05:09.207,North End,Back Bay,10.5,1.0,Lyft,2018-12-15 11:00:00
3.48,Lyft,2018-11-28 18:38:07.877,North Station,Boston University,22.5,1.0,Lux,2018-11-28 18:00:00
1.06,Lyft,2018-12-13 21:20:12.884,North End,North Station,13.5,1.0,Lux,2018-12-13 21:00:00
2.15,Lyft,2018-12-13 21:40:05.133,Northeastern University,Theatre District,16.5,1.0,Lux,2018-12-13 21:00:00
1.3,Uber,2018-11-30 19:42:56.818,Theatre District,South Station,7.5,1.0,UberX,2018-11-30 19:00:00
1.77,Uber,2018-12-01 16:37:57.771,West End,South Station,28.5,1.0,Black SUV,2018-12-01 16:00:00
2.46,Uber,2018-12-18 18:45:08.423,Beacon Hill,Fenway,8.5,1.0,UberPool,2018-12-18 18:00:00
6.26,Uber,2018-12-13 08:35:11.643,South Station,Back Bay,41.5,1.0,Black SUV,2018-12-13 08:00:00
4.72,Lyft,2018-11-27 04:42:21.872,Boston University,Theatre District,22.5,1.0,Lyft XL,2018-11-27 04:00:00
1.25,Uber,2018-11-29 16:08:02.107,Haymarket Square,Financial District,12.5,1.0,UberXL,2018-11-29 16:00:00
1.72,Lyft,2018-11-28 00:45:24.018,North End,Theatre District,13.5,1.0,Lyft XL,2018-11-28 00:00:00
0.72,Uber,2018-11-27 19:03:22.554,Haymarket Square,West End,7.0,1.0,UberPool,2018-11-27 19:00:00
4.41,Uber,2018-11-27 23:06:22.754,Financial District,Northeastern University,31.0,1.0,Black,2018-11-27 23:00:00
1.64,Uber,2018-12-03 15:03:05.018,Back Bay,Northeastern University,9.0,1.0,UberX,2018-12-03 15:00:00
4.17,Lyft,2018-12-01 12:47:56.065,Financial District,Northeastern University,13.5,1.0,Lyft,2018-12-01 12:00:00
2.52,Lyft,2018-12-18 03:05:14.186,North End,Back Bay,42.5,1.5,Lux Black,2018-12-18 03:00:00
2.32,Uber,2018-12-03 00:48:03.528,Haymarket Square,Back Bay,28.5,1.0,Black SUV,2018-12-03 00:00:00
2.46,Uber,2018-12-14 19:45:11.022,Beacon Hill,Fenway,9.0,1.0,WAV,2018-12-14 19:00:00
2.09,Lyft,2018-12-16 06:20:13.725,Beacon Hill,South Station,16.5,1.0,Lux,2018-12-16 06:00:00
1.2,Lyft,2018-11-28 20:43:24.276,Financial District,North End,5.0,1.0,Shared,2018-11-28 20:00:00
1.51,Lyft,2018-12-17 21:15:07.331,North End,Beacon Hill,19.5,1.0,Lux Black,2018-12-17 21:00:00
1.43,Uber,2018-11-28 23:53:08.342,Back Bay,Northeastern University,9.0,1.0,UberX,2018-11-28 23:00:00
3.22,Uber,2018-11-28 00:33:22.475,North Station,Northeastern University,18.0,1.0,UberXL,2018-11-28 00:00:00
0.62,Uber,2018-12-18 11:15:12.008,South Station,Theatre District,7.5,1.0,UberPool,2018-12-18 11:00:00
3.31,Lyft,2018-12-18 08:25:08.828,Back Bay,South Station,38.5,1.0,Lux Black XL,2018-12-18 08:00:00
2.66,Uber,2018-12-15 04:45:05.310,Fenway,Theatre District,9.0,1.0,UberPool,2018-12-15 04:00:00
2.13,Lyft,2018-11-28 00:54:22.160,Northeastern University,Theatre District,26.0,1.0,Lux Black,2018-11-28 00:00:00
1.91,Lyft,2018-12-18 18:40:12.112,North Station,South Station,16.5,1.0,Lux,2018-12-18 18:00:00
0.62,Uber,2018-12-14 07:00:07.531,West End,Haymarket Square,6.5,1.0,UberPool,2018-12-14 07:00:00
2.67,Uber,2018-12-16 11:05:10.008,Boston University,Theatre District,16.0,1.0,UberXL,2018-12-16 11:00:00
4.73,Lyft,2018-12-15 05:30:07.205,Boston University,Theatre District,42.5,1.0,Lux Black XL,2018-12-15 05:00:00
2.98,Uber,2018-11-28 22:08:39.132,Theatre District,Boston University,34.0,1.0,Black SUV,2018-11-28 22:00:00
1.35,Uber,2018-12-16 17:40:04.119,Haymarket Square,Beacon Hill,15.0,1.0,Black,2018-12-16 17:00:00
1.31,Lyft,2018-11-29 15:43:00.292,Beacon Hill,Haymarket Square,7.0,1.0,Lyft,2018-11-29 15:00:00
1.03,Uber,2018-12-17 05:50:03.436,North Station,North End,5.5,1.0,UberPool,2018-12-17 05:00:00
1.64,Uber,2018-11-26 14:17:09.708,Back Bay,Northeastern University,9.5,1.0,UberX,2018-11-26 14:00:00
0.55,Lyft,2018-12-02 05:08:05.906,South Station,Theatre District,7.0,1.0,Lyft,2018-12-02 05:00:00
2.07,Lyft,2018-11-27 17:12:23.523,North End,Beacon Hill,19.5,1.0,Lux Black,2018-11-27 17:00:00
2.37,Lyft,2018-11-29 14:38:03.968,South Station,Beacon Hill,7.0,1.0,Shared,2018-11-29 14:00:00
1.61,Uber,2018-12-17 01:15:10.449,Haymarket Square,Theatre District,16.5,1.0,Black,2018-12-17 01:00:00
0.59,Lyft,2018-12-03 18:52:58.836,Financial District,South Station,26.0,1.0,Lux Black XL,2018-12-03 18:00:00
1.5,Uber,2018-12-17 16:15:12.960,Back Bay,Fenway,8.0,1.0,WAV,2018-12-17 16:00:00
2.66,Uber,2018-12-14 15:30:15.722,Fenway,Theatre District,21.5,1.0,Black,2018-12-14 15:00:00
1.39,Uber,2018-11-27 01:45:22.100,Haymarket Square,Beacon Hill,8.0,1.0,UberPool,2018-11-27 01:00:00
0.91,Uber,2018-11-30 03:37:59.246,Beacon Hill,Haymarket Square,8.0,1.0,WAV,2018-11-30 03:00:00
1.82,Uber,2018-12-13 20:30:11.484,Back Bay,Fenway,6.5,1.0,UberPool,2018-12-13 20:00:00
3.23,Lyft,2018-12-17 13:00:14.650,Fenway,North Station,19.5,1.0,Lux,2018-12-17 13:00:00
1.29,Lyft,2018-11-26 20:53:14.479,West End,North End,11.0,1.0,Lyft XL,2018-11-26 20:00:00
3.4,Uber,2018-11-30 11:47:56.128,North End,Back Bay,9.0,1.0,UberPool,2018-11-30 11:00:00
2.46,Uber,2018-12-18 01:20:03.375,Beacon Hill,Fenway,9.0,1.0,UberPool,2018-12-18 01:00:00
3.18,Uber,2018-12-01 17:58:01.346,Northeastern University,West End,12.0,1.0,UberPool,2018-12-01 17:00:00
2.61,Uber,2018-11-26 21:20:11.686,Beacon Hill,Northeastern University,16.0,1.0,UberXL,2018-11-26 21:00:00
4.94,Uber,2018-11-28 14:36:23.096,Fenway,Financial District,32.0,1.0,Black,2018-11-28 14:00:00
1.09,Lyft,2018-12-14 10:25:06.714,Haymarket Square,Financial District,16.5,1.0,Lux Black,2018-12-14 10:00:00
1.72,Lyft,2018-12-04 02:13:01.176,North End,Theatre District,27.5,1.0,Lux Black XL,2018-12-04 02:00:00
2.62,Uber,2018-12-16 22:40:07.131,Boston University,Theatre District,11.0,1.0,UberX,2018-12-16 22:00:00
3.45,Lyft,2018-12-17 01:30:10.907,Northeastern University,Financial District,27.5,1.0,Lux Black,2018-12-17 01:00:00
1.97,Uber,2018-12-01 07:03:00.864,Northeastern University,Beacon Hill,9.0,1.0,UberPool,2018-12-01 07:00:00
1.35,Uber,2018-12-16 07:50:09.058,Haymarket Square,Beacon Hill,11.5,1.0,UberXL,2018-12-16 07:00:00
4.55,Lyft,2018-12-16 02:15:11.690,Financial District,Boston University,5.0,1.0,Shared,2018-12-16 02:00:00
2.73,Lyft,2018-11-29 21:13:05.790,Theatre District,Fenway,10.5,1.0,Lyft,2018-11-29 21:00:00
1.03,Uber,2018-12-17 05:50:03.436,North Station,North End,15.5,1.0,Black,2018-12-17 05:00:00
1.07,Lyft,2018-12-02 16:33:09.396,North End,North Station,13.5,1.0,Lux,2018-12-02 16:00:00
2.91,Lyft,2018-11-27 22:12:23.279,Back Bay,North End,19.5,1.0,Lux,2018-11-27 22:00:00
1.48,Lyft,2018-11-28 22:28:42.743,Fenway,Back Bay,16.5,1.0,Lux Black,2018-11-28 22:00:00
5.7,Uber,2018-12-14 10:25:06.714,Boston University,Financial District,26.0,1.0,UberXL,2018-12-14 10:00:00
2.49,Lyft,2018-11-28 10:36:26.835,Northeastern University,Beacon Hill,26.0,1.0,Lux Black,2018-11-28 10:00:00
1.34,Uber,2018-12-18 07:30:04.592,Fenway,Back Bay,9.5,1.0,UberX,2018-12-18 07:00:00
2.19,Lyft,2018-11-27 06:06:21.835,Northeastern University,Theatre District,22.5,1.0,Lux Black,2018-11-27 06:00:00
1.27,Lyft,2018-12-17 22:40:10.554,Haymarket Square,Financial District,13.5,1.0,Lux,2018-12-17 22:00:00
0.63,Uber,2018-12-03 20:33:02.936,Financial District,South Station,8.5,1.0,WAV,2018-12-03 20:00:00
3.44,Lyft,2018-12-14 14:05:14.866,Northeastern University,Financial District,22.5,1.0,Lux,2018-12-14 14:00:00
3.55,Lyft,2018-11-28 09:49:35.587,North Station,Boston University,22.5,1.0,Lux,2018-11-28 09:00:00
3.16,Lyft,2018-12-04 00:43:02.629,Boston University,North Station,27.5,1.0,Lux Black,2018-12-04 00:00:00
3.0,Lyft,2018-11-27 07:42:22.665,North End,Back Bay,52.5,2.0,Lux Black,2018-11-27 07:00:00
2.79,Lyft,2018-12-15 06:55:06.626,West End,Northeastern University,11.0,1.0,Lyft,2018-12-15 06:00:00
4.13,Lyft,2018-11-26 19:53:11.712,Northeastern University,Financial District,34.0,1.0,Lux Black,2018-11-26 19:00:00
2.58,Uber,2018-12-18 12:10:06.977,Beacon Hill,South Station,22.5,1.0,Black,2018-12-18 12:00:00
4.52,Uber,2018-12-14 03:15:09.365,Fenway,Financial District,39.5,1.0,Black SUV,2018-12-14 03:00:00
1.84,Uber,2018-12-01 04:43:10.466,North Station,South Station,9.0,1.0,UberX,2018-12-01 04:00:00
1.31,Lyft,2018-12-01 22:42:56.242,Beacon Hill,Haymarket Square,19.5,1.0,Lux Black,2018-12-01 22:00:00
2.5,Uber,2018-12-13 11:40:16.040,Beacon Hill,South Station,20.5,1.0,Black,2018-12-13 11:00:00
3.31,Lyft,2018-12-02 13:32:57.641,Northeastern University,North Station,16.5,1.0,Lyft XL,2018-12-02 13:00:00
0.55,Uber,2018-12-02 14:48:03.590,South Station,Theatre District,7.5,1.0,WAV,2018-12-02 14:00:00
3.22,Uber,2018-12-04 01:02:58.404,North Station,Northeastern University,10.0,1.0,UberPool,2018-12-04 01:00:00
3.21,Lyft,2018-11-26 21:56:09.873,North Station,Fenway,22.5,1.0,Lux,2018-11-26 21:00:00
3.47,Lyft,2018-11-28 13:08:07.532,North Station,Boston University,38.5,1.25,Lux Black,2018-11-28 13:00:00
3.22,Lyft,2018-12-14 02:45:08.096,North Station,Fenway,16.5,1.0,Lyft XL,2018-12-14 02:00:00
2.61,Uber,2018-12-18 10:40:10.399,Beacon Hill,Northeastern University,9.5,1.0,UberX,2018-12-18 10:00:00
2.79,Uber,2018-11-27 16:15:22.480,Beacon Hill,Boston University,9.0,1.0,WAV,2018-11-27 16:00:00
0.49,Uber,2018-12-18 15:45:08.508,North Station,Haymarket Square,6.0,1.0,UberPool,2018-12-18 15:00:00
1.5,Lyft,2018-11-27 08:30:23.568,Theatre District,North End,10.5,1.0,Lyft,2018-11-27 08:00:00
0.53,Lyft,2018-11-26 13:05:10.253,North Station,Haymarket Square,10.5,1.0,Lux,2018-11-26 13:00:00
3.19,Lyft,2018-11-27 22:42:22.098,Northeastern University,Financial District,11.0,1.0,Lyft,2018-11-27 22:00:00
1.38,Lyft,2018-12-15 06:55:03.679,Fenway,Back Bay,13.5,1.0,Lux,2018-12-15 06:00:00
1.63,Uber,2018-11-26 11:59:09.699,West End,South Station,10.5,1.0,WAV,2018-11-26 11:00:00
2.05,Lyft,2018-12-13 23:45:11.177,Theatre District,Northeastern University,5.0,1.0,Shared,2018-12-13 23:00:00
1.1,Uber,2018-12-14 08:15:10.047,West End,North End,8.0,1.0,UberPool,2018-12-14 08:00:00
2.27,Uber,2018-12-18 04:30:10.777,Boston University,Beacon Hill,14.0,1.0,UberXL,2018-12-18 04:00:00
1.73,Lyft,2018-12-18 13:00:16.330,Haymarket Square,Theatre District,13.5,1.0,Lyft XL,2018-12-18 13:00:00
4.42,Uber,2018-12-14 17:30:03.778,Financial District,Fenway,27.0,1.0,Black,2018-12-14 17:00:00
1.41,Uber,2018-12-14 03:00:15.793,Theatre District,North End,8.5,1.0,WAV,2018-12-14 03:00:00
0.55,Uber,2018-12-15 11:05:07.834,South Station,Theatre District,27.0,1.0,Black SUV,2018-12-15 11:00:00
0.39,Uber,2018-12-15 00:55:08.485,South Station,Financial District,27.0,1.0,Black SUV,2018-12-15 00:00:00
2.68,Lyft,2018-11-30 10:17:56.188,Beacon Hill,Boston University,32.5,1.0,Lux Black XL,2018-11-30 10:00:00
1.57,Uber,2018-11-27 02:12:22.268,North End,Theatre District,8.5,1.0,WAV,2018-11-27 02:00:00
1.41,Uber,2018-12-13 14:45:12.703,Theatre District,North End,10.0,1.0,UberPool,2018-12-13 14:00:00
3.3,Uber,2018-12-17 16:10:03.630,Northeastern University,North Station,17.5,1.0,UberXL,2018-12-17 16:00:00
1.56,Uber,2018-12-02 17:13:03.437,Back Bay,Boston University,26.5,1.0,Black SUV,2018-12-02 17:00:00
1.41,Uber,2018-12-04 01:03:01.968,Boston University,Back Bay,15.0,1.0,Black,2018-12-04 01:00:00
1.5,Uber,2018-12-13 19:30:11.555,Back Bay,Fenway,9.0,1.0,UberPool,2018-12-13 19:00:00
2.8,Uber,2018-11-28 11:26:07.660,Boston University,West End,33.0,1.0,Black SUV,2018-11-28 11:00:00
1.91,Uber,2018-12-14 21:25:13.573,Theatre District,Northeastern University,8.0,1.0,UberPool,2018-12-14 21:00:00
0.49,Uber,2018-11-29 07:17:56.886,North Station,Haymarket Square,15.0,1.0,Black,2018-11-29 07:00:00
2.45,Lyft,2018-11-28 20:02:08.327,Beacon Hill,Northeastern University,9.0,1.0,Lyft,2018-11-28 20:00:00
3.39,Uber,2018-12-02 13:32:56.437,North Station,Boston University,13.5,1.0,WAV,2018-12-02 13:00:00
1.04,Uber,2018-11-26 09:26:10.720,Financial District,North End,8.0,1.0,WAV,2018-11-26 09:00:00
3.18,Lyft,2018-12-03 05:13:04.839,Fenway,Theatre District,10.5,1.0,Lyft,2018-12-03 05:00:00
2.53,Lyft,2018-11-29 05:57:59.550,Northeastern University,Beacon Hill,13.5,1.0,Lyft XL,2018-11-29 05:00:00
0.49,Uber,2018-11-28 17:38:07.865,North Station,Haymarket Square,5.5,1.0,UberPool,2018-11-28 17:00:00
0.62,Lyft,2018-11-29 17:23:03.739,Financial District,South Station,26.0,1.0,Lux Black XL,2018-11-29 17:00:00
3.04,Uber,2018-11-27 13:03:22.171,West End,Boston University,8.5,1.0,UberX,2018-11-27 13:00:00
2.8,Uber,2018-11-30 11:48:00.015,Boston University,West End,33.5,1.0,Black SUV,2018-11-30 11:00:00
1.56,Uber,2018-12-01 15:53:06.030,Back Bay,Boston University,13.0,1.0,UberXL,2018-12-01 15:00:00
1.71,Lyft,2018-11-29 07:53:00.489,South Station,West End,7.0,1.0,Shared,2018-11-29 07:00:00
1.03,Uber,2018-12-15 11:30:10.827,North Station,North End,26.0,1.0,Black SUV,2018-12-15 11:00:00
2.33,Uber,2018-12-03 10:58:04.409,North End,Back Bay,34.0,1.0,Black SUV,2018-12-03 10:00:00
0.58,Lyft,2018-12-01 04:07:58.262,West End,Haymarket Square,16.5,1.0,Lux Black,2018-12-01 04:00:00
1.46,Lyft,2018-12-02 09:57:59.049,North End,Beacon Hill,19.5,1.0,Lux Black,2018-12-02 09:00:00
0.59,Lyft,2018-12-16 14:05:07.999,South Station,Theatre District,3.5,1.0,Shared,2018-12-16 14:00:00
1.66,Lyft,2018-12-14 09:10:10.122,North Station,South Station,19.5,1.0,Lux Black,2018-12-14 09:00:00
3.3,Uber,2018-12-03 09:03:04.235,Northeastern University,Financial District,28.0,1.0,Black,2018-12-03 09:00:00
0.73,Lyft,2018-12-01 15:18:04.553,Haymarket Square,North Station,10.5,1.0,Lux,2018-12-01 15:00:00
2.29,Lyft,2018-11-27 06:15:22.342,Boston University,Beacon Hill,16.5,1.0,Lyft XL,2018-11-27 06:00:00
2.68,Lyft,2018-12-01 00:38:09.241,Theatre District,Fenway,16.5,1.0,Lyft XL,2018-12-01 00:00:00
1.51,Uber,2018-11-30 02:33:03.051,Back Bay,Boston University,12.5,1.0,UberXL,2018-11-30 02:00:00
2.01,Lyft,2018-12-14 04:15:06.679,Back Bay,South Station,30.0,1.0,Lux Black XL,2018-12-14 04:00:00
0.99,Uber,2018-12-01 10:57:59.625,Financial District,Haymarket Square,15.0,1.0,Black,2018-12-01 10:00:00
3.21,Lyft,2018-12-13 04:25:07.149,North Station,Fenway,3.0,1.0,Shared,2018-12-13 04:00:00
1.31,Lyft,2018-12-02 02:47:55.958,Beacon Hill,Haymarket Square,13.5,1.0,Lux,2018-12-02 02:00:00
2.63,Lyft,2018-11-28 17:56:24.709,Beacon Hill,Fenway,16.5,1.0,Lux,2018-11-28 17:00:00
1.24,Lyft,2018-12-13 19:00:16.888,North End,Financial District,5.0,1.0,Shared,2018-12-13 19:00:00
1.38,Lyft,2018-12-02 17:03:03.655,Haymarket Square,Beacon Hill,13.5,1.0,Lux,2018-12-02 17:00:00
0.58,Lyft,2018-12-02 02:12:56.128,South Station,Theatre District,16.5,1.0,Lux Black,2018-12-02 02:00:00
2.84,Uber,2018-11-27 10:24:23.563,West End,Northeastern University,18.0,1.0,UberXL,2018-11-27 10:00:00
1.25,Uber,2018-12-02 23:52:56.318,Haymarket Square,Financial District,7.5,1.0,WAV,2018-12-02 23:00:00
6.97,Uber,2018-11-28 12:26:07.811,Financial District,Northeastern University,24.0,1.0,UberXL,2018-11-28 12:00:00
2.15,Lyft,2018-12-02 04:33:02.733,South Station,West End,7.0,1.0,Shared,2018-12-02 04:00:00
3.23,Lyft,2018-12-15 06:55:15.444,North Station,Fenway,22.5,1.0,Lux,2018-12-15 06:00:00
0.56,Uber,2018-12-01 16:53:02.146,Haymarket Square,North Station,7.0,1.0,WAV,2018-12-01 16:00:00
2.86,Uber,2018-12-16 10:35:08.636,West End,Northeastern University,8.5,1.0,UberPool,2018-12-16 10:00:00
0.8,Uber,2018-11-29 20:28:03.184,Financial District,Haymarket Square,10.5,1.0,UberXL,2018-11-29 20:00:00
2.74,Uber,2018-11-27 16:51:22.174,West End,Boston University,12.0,1.0,UberPool,2018-11-27 16:00:00
2.82,Lyft,2018-11-28 13:16:23.001,West End,Northeastern University,22.5,1.0,Lux Black,2018-11-28 13:00:00
1.34,Uber,2018-11-29 16:08:03.038,Fenway,Back Bay,16.5,1.0,UberXL,2018-11-29 16:00:00
1.97,Uber,2018-12-16 02:00:11.232,West End,South Station,27.5,1.0,Black SUV,2018-12-16 02:00:00
1.5,Lyft,2018-11-29 07:22:59.523,Back Bay,Northeastern University,38.5,1.5,Lux Black XL,2018-11-29 07:00:00
1.43,Lyft,2018-11-27 02:27:22.246,Fenway,Back Bay,7.0,1.0,Lyft,2018-11-27 02:00:00
1.78,Lyft,2018-12-03 07:33:02.672,Haymarket Square,Theatre District,22.5,1.0,Lux Black,2018-12-03 07:00:00
1.8,Uber,2018-11-26 22:51:11.010,Northeastern University,Theatre District,9.5,1.0,UberX,2018-11-26 22:00:00
0.72,Uber,2018-12-13 09:55:05.505,Haymarket Square,West End,6.0,1.0,WAV,2018-12-13 09:00:00
2.38,Lyft,2018-12-16 20:05:10.119,Beacon Hill,Northeastern University,16.5,1.0,Lux,2018-12-16 20:00:00
2.83,Lyft,2018-11-26 13:35:09.554,Boston University,West End,7.0,1.0,Shared,2018-11-26 13:00:00
1.57,Uber,2018-11-27 08:48:21.921,North End,Theatre District,7.5,1.0,WAV,2018-11-27 08:00:00
2.97,Lyft,2018-11-28 18:44:10.268,Theatre District,Boston University,10.5,1.0,Lyft,2018-11-28 18:00:00
1.35,Uber,2018-12-16 23:45:03.738,Haymarket Square,Beacon Hill,11.5,1.0,UberXL,2018-12-16 23:00:00
3.07,Uber,2018-11-29 14:53:04.319,North Station,Fenway,24.0,1.0,Black,2018-11-29 14:00:00
2.8,Uber,2018-11-28 17:41:07.731,Boston University,West End,10.0,1.0,UberPool,2018-11-28 17:00:00
1.5,Uber,2018-11-28 17:50:08.119,Back Bay,Fenway,13.0,1.0,UberXL,2018-11-28 17:00:00
2.78,Lyft,2018-12-18 01:25:07.267,West End,Northeastern University,10.5,1.25,Lyft,2018-12-18 01:00:00
2.32,Uber,2018-12-18 04:35:08.724,Boston University,Beacon Hill,27.0,1.0,Black SUV,2018-12-18 04:00:00
1.57,Lyft,2018-12-03 05:37:59.621,Back Bay,Boston University,5.0,1.0,Shared,2018-12-03 05:00:00
1.02,Lyft,2018-11-29 06:43:02.042,Haymarket Square,Financial District,11.0,1.0,Lux,2018-11-29 06:00:00
4.72,Uber,2018-12-02 20:22:59.416,Financial District,Boston University,10.0,1.0,UberPool,2018-12-02 20:00:00
1.05,Lyft,2018-11-27 03:30:22.074,North End,West End,10.5,1.0,Lyft XL,2018-11-27 03:00:00
0.63,Uber,2018-11-30 19:08:04.970,Financial District,South Station,26.5,1.0,Black SUV,2018-11-30 19:00:00
2.1,Lyft,2018-12-15 03:15:04.199,South Station,North Station,30.0,1.0,Lux Black XL,2018-12-15 03:00:00
2.43,Lyft,2018-11-29 04:35:08.593,Beacon Hill,North End,16.5,1.0,Lyft XL,2018-11-29 04:00:00
4.4,Uber,2018-11-27 00:15:13.816,Financial District,Fenway,13.5,1.0,WAV,2018-11-27 00:00:00
1.3,Uber,2018-11-27 11:21:21.989,Theatre District,South Station,9.5,1.0,WAV,2018-11-27 11:00:00
4.48,Uber,2018-11-28 21:23:07.998,Fenway,Financial District,22.0,1.0,UberXL,2018-11-28 21:00:00
2.14,Uber,2018-11-28 23:18:38.174,South Station,West End,14.0,1.0,UberXL,2018-11-28 23:00:00
1.51,Uber,2018-12-17 04:00:11.253,North End,Beacon Hill,12.0,1.0,UberX,2018-12-17 04:00:00
1.37,Lyft,2018-12-04 05:47:56.399,Haymarket Square,Beacon Hill,13.5,1.0,Lux,2018-12-04 05:00:00
1.49,Lyft,2018-11-30 12:48:04.879,South Station,Beacon Hill,13.5,1.0,Lux,2018-11-30 12:00:00
2.84,Uber,2018-11-26 04:40:56.894,Fenway,West End,11.0,1.0,UberX,2018-11-26 04:00:00
1.37,Lyft,2018-11-29 11:08:02.592,Beacon Hill,Haymarket Square,13.5,1.0,Lux,2018-11-29 11:00:00
3.31,Lyft,2018-12-13 18:40:05.635,Northeastern University,North Station,7.0,1.0,Shared,2018-12-13 18:00:00
4.74,Lyft,2018-12-17 03:50:07.365,Boston University,Theatre District,9.0,1.0,Shared,2018-12-17 03:00:00
1.58,Lyft,2018-12-02 18:48:03.096,North End,Beacon Hill,16.5,1.25,Lyft XL,2018-12-02 18:00:00
3.08,Lyft,2018-12-01 02:11:11.343,West End,Boston University,16.5,1.0,Lyft XL,2018-12-01 02:00:00
0.46,Lyft,2018-12-04 01:17:57.700,South Station,Financial District,27.5,1.0,Lux Black XL,2018-12-04 01:00:00
1.77,Lyft,2018-12-04 04:43:01.431,Haymarket Square,Theatre District,13.5,1.0,Lyft XL,2018-12-04 04:00:00
2.37,Lyft,2018-11-26 15:56:09.777,Boston University,Beacon Hill,16.5,1.0,Lux,2018-11-26 15:00:00
1.37,Lyft,2018-11-27 17:09:24.453,South Station,Back Bay,13.5,1.0,Lux,2018-11-27 17:00:00
2.29,Uber,2018-12-17 08:25:06.613,North Station,South Station,17.5,1.0,Black,2018-12-17 08:00:00
0.75,Lyft,2018-12-14 02:20:07.710,Haymarket Square,West End,27.5,1.0,Lux Black XL,2018-12-14 02:00:00
1.35,Uber,2018-12-15 11:35:05.060,South Station,Beacon Hill,13.5,1.0,UberXL,2018-12-15 11:00:00
0.92,Uber,2018-12-17 03:05:14.579,North Station,North End,26.5,1.0,Black SUV,2018-12-17 03:00:00
1.72,Lyft,2018-12-14 10:15:07.090,North End,Theatre District,13.5,1.0,Lyft XL,2018-12-14 10:00:00
2.66,Uber,2018-12-04 04:03:02.682,Theatre District,Fenway,19.5,1.0,Black,2018-12-04 04:00:00
1.07,Uber,2018-12-01 00:43:14.716,Financial District,North End,11.5,1.0,UberXL,2018-12-01 00:00:00
1.08,Lyft,2018-12-16 11:55:05.166,North Station,North End,10.5,1.0,Lyft XL,2018-12-16 11:00:00
2.84,Uber,2018-11-27 04:00:22.288,Fenway,West End,31.5,1.0,Black SUV,2018-11-27 04:00:00
2.82,Lyft,2018-12-01 00:53:05.327,West End,Fenway,10.5,1.0,Lyft,2018-12-01 00:00:00
2.94,Uber,2018-12-14 00:25:14.493,Fenway,North Station,9.5,1.0,WAV,2018-12-14 00:00:00
1.57,Uber,2018-12-01 07:48:01.892,North End,Theatre District,9.5,1.0,WAV,2018-12-01 07:00:00
1.51,Lyft,2018-12-16 07:25:05.624,North End,Beacon Hill,27.5,1.0,Lux Black XL,2018-12-16 07:00:00
3.07,Uber,2018-12-03 12:08:04.638,North Station,Fenway,19.5,1.0,UberXL,2018-12-03 12:00:00
2.0,Lyft,2018-12-18 07:10:14.284,Theatre District,Northeastern University,13.5,1.0,Lyft XL,2018-12-18 07:00:00
2.08,Uber,2018-11-26 10:08:10.180,Back Bay,Haymarket Square,17.0,1.0,UberXL,2018-11-26 10:00:00
2.8,Uber,2018-12-18 16:35:08.896,Boston University,West End,10.0,1.0,UberPool,2018-12-18 16:00:00
3.21,Lyft,2018-12-02 22:58:07.327,North Station,Fenway,27.5,1.0,Lux Black,2018-12-02 22:00:00
1.84,Lyft,2018-12-17 08:15:10.149,Beacon Hill,North End,16.5,1.0,Lux,2018-12-17 08:00:00
3.05,Uber,2018-12-02 07:07:56.266,Fenway,North Station,16.0,1.0,UberXL,2018-12-02 07:00:00
1.02,Lyft,2018-12-18 13:35:04.912,Haymarket Square,Financial District,9.0,1.0,Lyft,2018-12-18 13:00:00
2.31,Lyft,2018-11-27 16:06:23.390,Haymarket Square,Back Bay,22.5,1.0,Lux Black,2018-11-27 16:00:00
2.32,Uber,2018-12-02 13:42:56.197,Fenway,Beacon Hill,7.5,1.0,UberPool,2018-12-02 13:00:00
1.51,Lyft,2018-12-16 21:00:09.052,Haymarket Square,Beacon Hill,16.5,1.0,Lux Black,2018-12-16 21:00:00
4.4,Uber,2018-12-16 02:15:06.875,Financial District,Fenway,11.5,1.0,WAV,2018-12-16 02:00:00
3.08,Uber,2018-12-14 02:00:10.730,Northeastern University,West End,35.0,1.0,Black SUV,2018-12-14 02:00:00
3.31,Lyft,2018-11-27 03:00:21.941,North Station,Northeastern University,22.5,1.0,Lux,2018-11-27 03:00:00
0.99,Uber,2018-12-03 17:43:02.730,Financial District,Haymarket Square,7.5,1.0,UberX,2018-12-03 17:00:00
2.28,Lyft,2018-12-13 15:05:08.824,Haymarket Square,Back Bay,7.0,1.0,Shared,2018-12-13 15:00:00
0.63,Lyft,2018-11-28 18:23:07.822,South Station,Theatre District,13.5,1.25,Lux,2018-11-28 18:00:00
1.8,Uber,2018-12-03 06:17:56.251,Northeastern University,Theatre District,28.5,1.0,Black SUV,2018-12-03 06:00:00
0.49,Uber,2018-12-18 11:50:10.176,North Station,Haymarket Square,9.0,1.0,UberXL,2018-12-18 11:00:00
2.67,Uber,2018-11-29 01:26:08.701,Beacon Hill,North End,10.5,1.0,UberX,2018-11-29 01:00:00
2.47,Lyft,2018-12-02 17:27:59.297,Beacon Hill,South Station,32.5,1.0,Lux Black XL,2018-12-02 17:00:00
3.06,Lyft,2018-11-26 14:35:10.196,West End,Boston University,45.5,1.25,Lux Black XL,2018-11-26 14:00:00
0.55,Lyft,2018-12-02 00:33:02.245,North Station,Haymarket Square,22.5,1.25,Lux Black,2018-12-02 00:00:00
3.05,Uber,2018-12-17 08:00:07.010,West End,Boston University,19.5,1.0,UberXL,2018-12-17 08:00:00
2.14,Uber,2018-12-01 15:38:03.371,South Station,West End,16.0,1.0,UberXL,2018-12-01 15:00:00
1.05,Lyft,2018-12-14 10:30:03.949,North End,West End,5.0,1.0,Shared,2018-12-14 10:00:00
0.62,Uber,2018-12-03 17:48:03.924,West End,Haymarket Square,7.5,1.0,WAV,2018-12-03 17:00:00
4.24,Lyft,2018-12-09 23:53:07.793,Fenway,Financial District,38.5,1.0,Lux Black XL,2018-12-09 23:00:00
0.53,Lyft,2018-12-01 07:13:03.342,North Station,Haymarket Square,27.5,1.0,Lux Black XL,2018-12-01 07:00:00
1.09,Lyft,2018-11-28 21:53:43.132,Theatre District,South Station,19.5,1.0,Lux Black,2018-11-28 21:00:00
1.51,Lyft,2018-11-27 05:30:22.068,Back Bay,Boston University,13.5,1.25,Lyft XL,2018-11-27 05:00:00
7.46,Uber,2018-12-02 01:07:56.457,Northeastern University,Financial District,26.5,1.0,UberXL,2018-12-02 01:00:00
0.54,Uber,2018-12-14 21:15:06.070,Financial District,South Station,6.5,1.0,UberPool,2018-12-14 21:00:00
3.0,Lyft,2018-12-03 04:12:56.156,Northeastern University,West End,27.5,1.25,Lux,2018-12-03 04:00:00
3.05,Uber,2018-12-16 00:10:10.612,Fenway,North Station,9.0,1.0,UberPool,2018-12-16 00:00:00
1.34,Lyft,2018-12-03 21:13:01.567,Beacon Hill,Haymarket Square,9.0,1.0,Lyft,2018-12-03 21:00:00
2.72,Uber,2018-11-29 12:48:02.133,West End,Fenway,23.0,1.0,Black,2018-11-29 12:00:00
2.39,Lyft,2018-12-16 09:55:04.565,Fenway,Beacon Hill,22.5,1.0,Lux Black,2018-12-16 09:00:00
2.78,Lyft,2018-12-02 13:07:57.372,Financial District,Northeastern University,73.5,2.0,Lux Black XL,2018-12-02 13:00:00
1.5,Uber,2018-12-01 00:48:05.721,Back Bay,Fenway,13.0,1.0,UberXL,2018-12-01 00:00:00
3.31,Uber,2018-11-28 11:20:08.202,Financial District,Northeastern University,36.0,1.0,Black SUV,2018-11-28 11:00:00
2.56,Uber,2018-12-01 00:23:07.679,Northeastern University,West End,9.5,1.0,UberPool,2018-12-01 00:00:00
2.32,Lyft,2018-11-27 17:30:22.173,North Station,South Station,16.5,1.0,Lyft XL,2018-11-27 17:00:00
1.25,Uber,2018-12-14 19:35:03.660,Haymarket Square,Financial District,8.0,1.0,WAV,2018-12-14 19:00:00
3.22,Lyft,2018-11-29 03:56:07.878,North Station,Northeastern University,19.5,1.0,Lyft XL,2018-11-29 03:00:00
1.08,Lyft,2018-11-30 23:38:04.004,North End,West End,3.0,1.0,Shared,2018-11-30 23:00:00
1.56,Uber,2018-12-13 21:55:09.246,Back Bay,Boston University,8.0,1.0,UberX,2018-12-13 21:00:00
2.62,Uber,2018-12-16 12:10:10.537,Boston University,Theatre District,24.0,1.0,Black,2018-12-16 12:00:00
2.73,Lyft,2018-12-15 22:45:05.848,Theatre District,Fenway,42.5,1.25,Lux Black XL,2018-12-15 22:00:00
3.14,Lyft,2018-11-27 01:00:21.667,Boston University,North Station,11.0,1.0,Lyft,2018-11-27 01:00:00
3.15,Uber,2018-12-01 10:32:59.819,Northeastern University,West End,24.0,1.0,Black,2018-12-01 10:00:00
1.43,Lyft,2018-11-29 03:19:01.567,Fenway,Back Bay,19.5,1.5,Lux,2018-11-29 03:00:00
2.96,Lyft,2018-11-29 08:43:02.476,Theatre District,Boston University,11.0,1.0,Lyft,2018-11-29 08:00:00
1.35,Uber,2018-11-27 15:18:22.036,Haymarket Square,Beacon Hill,9.0,1.0,UberPool,2018-11-27 15:00:00
0.92,Uber,2018-12-03 08:28:07.939,North Station,North End,16.0,1.0,Black,2018-12-03 08:00:00
1.34,Uber,2018-11-29 04:04:18.493,Fenway,Back Bay,12.0,1.0,UberXL,2018-11-29 04:00:00
3.04,Uber,2018-11-29 02:37:54.499,West End,Boston University,8.5,1.0,UberPool,2018-11-29 02:00:00
1.06,Lyft,2018-12-15 13:40:03.516,North End,West End,10.5,1.0,Lux,2018-12-15 13:00:00
1.31,Lyft,2018-12-13 21:50:10.161,Back Bay,Northeastern University,16.5,1.0,Lux Black,2018-12-13 21:00:00
5.56,Uber,2018-12-17 14:30:05.324,Boston University,Financial District,38.0,1.0,Black,2018-12-17 14:00:00
2.76,Lyft,2018-11-28 14:08:08.270,West End,Northeastern University,45.5,1.25,Lux Black XL,2018-11-28 14:00:00
1.36,Uber,2018-12-09 23:58:28.915,Beacon Hill,Haymarket Square,26.0,1.0,Black SUV,2018-12-09 23:00:00
3.04,Uber,2018-12-04 06:08:02.123,West End,Boston University,8.5,1.0,UberX,2018-12-04 06:00:00
2.68,Lyft,2018-12-15 09:20:07.547,Theatre District,Fenway,3.0,1.0,Shared,2018-12-15 09:00:00
3.07,Uber,2018-11-27 20:06:22.606,North Station,Fenway,9.5,1.0,UberX,2018-11-27 20:00:00
3.08,Uber,2018-12-03 09:42:57.649,North Station,Fenway,27.0,1.0,Black,2018-12-03 09:00:00
2.44,Lyft,2018-11-30 00:58:03.080,Beacon Hill,Northeastern University,13.5,1.5,Lyft,2018-11-30 00:00:00
1.54,Lyft,2018-12-14 20:55:07.711,South Station,Beacon Hill,5.0,1.0,Shared,2018-12-14 20:00:00
1.61,Uber,2018-11-28 21:29:07.895,Haymarket Square,Theatre District,9.5,1.0,UberX,2018-11-28 21:00:00
2.56,Lyft,2018-12-18 16:20:13.977,Beacon Hill,South Station,7.0,1.0,Shared,2018-12-18 16:00:00
1.05,Lyft,2018-11-29 23:23:08.049,North End,North Station,3.0,1.0,Shared,2018-11-29 23:00:00
2.58,Uber,2018-11-27 05:24:22.081,Beacon Hill,South Station,9.0,1.0,UberPool,2018-11-27 05:00:00
1.44,Lyft,2018-11-28 09:46:20.808,Fenway,Back Bay,7.0,1.0,Lyft,2018-11-28 09:00:00
2.7,Uber,2018-12-15 19:30:09.170,North End,Back Bay,30.5,1.0,Black SUV,2018-12-15 19:00:00
3.31,Uber,2018-11-30 11:52:59.537,Northeastern University,North Station,19.0,1.0,UberXL,2018-11-30 11:00:00
1.25,Lyft,2018-11-30 15:53:02.590,Theatre District,Haymarket Square,3.0,1.0,Shared,2018-11-30 15:00:00
1.41,Uber,2018-12-17 21:40:05.480,Boston University,Back Bay,8.0,1.0,WAV,2018-12-17 21:00:00
2.91,Lyft,2018-12-03 22:47:58.157,Back Bay,North End,19.5,1.0,Lyft XL,2018-12-03 22:00:00
2.66,Uber,2018-12-18 14:10:11.392,Theatre District,Fenway,8.5,1.0,UberPool,2018-12-18 14:00:00
1.48,Lyft,2018-12-14 08:30:09.946,Back Bay,Boston University,16.5,1.0,Lux Black,2018-12-14 08:00:00
1.04,Uber,2018-12-10 00:23:28.805,Financial District,North End,7.5,1.0,UberPool,2018-12-10 00:00:00
1.21,Uber,2018-12-18 02:25:13.526,North End,Financial District,8.0,1.0,WAV,2018-12-18 02:00:00
2.43,Lyft,2018-12-02 23:03:04.581,Beacon Hill,Fenway,7.0,1.0,Shared,2018-12-02 23:00:00
2.46,Uber,2018-12-15 19:10:12.011,Beacon Hill,Fenway,9.0,1.0,UberPool,2018-12-15 19:00:00
1.3,Uber,2018-12-17 03:10:06.662,Theatre District,South Station,18.5,1.0,Black,2018-12-17 03:00:00
1.57,Uber,2018-12-15 21:15:03.643,North End,Theatre District,26.0,1.0,Black SUV,2018-12-15 21:00:00
1.0,Uber,2018-12-16 13:00:13.079,Financial District,Haymarket Square,7.0,1.0,WAV,2018-12-16 13:00:00
3.31,Lyft,2018-12-14 22:20:03.886,Northeastern University,North Station,7.0,1.0,Shared,2018-12-14 22:00:00
2.84,Uber,2018-11-27 22:21:23.531,Back Bay,North End,33.0,1.0,Black SUV,2018-11-27 22:00:00
1.01,Lyft,2018-11-27 11:09:23.886,Financial District,Haymarket Square,7.0,1.0,Lyft,2018-11-27 11:00:00
2.48,Uber,2018-11-27 00:24:14.736,South Station,Beacon Hill,7.5,1.0,UberPool,2018-11-27 00:00:00
4.21,Lyft,2018-12-13 18:40:08.205,Financial District,Northeastern University,19.5,1.0,Lyft XL,2018-12-13 18:00:00
4.57,Uber,2018-12-02 21:02:56.230,Financial District,Northeastern University,26.0,1.0,Black,2018-12-02 21:00:00
3.39,Uber,2018-11-30 14:47:59.279,North Station,Boston University,24.0,1.0,Black,2018-11-30 14:00:00
1.53,Lyft,2018-12-03 07:38:02.721,Back Bay,Fenway,16.5,1.25,Lux,2018-12-03 07:00:00
3.06,Lyft,2018-12-01 20:47:57.842,Boston University,Theatre District,22.5,1.25,Lyft XL,2018-12-01 20:00:00
0.89,Lyft,2018-12-15 11:00:09.214,Haymarket Square,West End,5.0,1.0,Shared,2018-12-15 11:00:00
4.4,Uber,2018-12-17 17:35:03.608,Financial District,Fenway,10.0,1.0,UberPool,2018-12-17 17:00:00
1.22,Uber,2018-11-26 23:48:14.356,Northeastern University,Back Bay,15.0,1.0,Black,2018-11-26 23:00:00
1.23,Lyft,2018-11-29 00:17:08.659,Back Bay,Northeastern University,16.5,1.0,Lux Black,2018-11-29 00:00:00
1.07,Uber,2018-11-29 01:09:24.710,Financial District,North End,26.0,1.0,Black SUV,2018-11-29 01:00:00
3.04,Uber,2018-11-29 23:58:03.584,West End,Boston University,9.0,1.0,UberPool,2018-11-29 23:00:00
2.44,Lyft,2018-11-28 16:16:24.464,Northeastern University,Beacon Hill,45.5,1.5,Lux Black XL,2018-11-28 16:00:00
5.32,Lyft,2018-11-29 12:07:57.103,Boston University,Financial District,13.5,1.0,Lyft,2018-11-29 12:00:00
3.13,Lyft,2018-12-16 16:45:09.286,West End,Boston University,32.5,1.0,Lux Black XL,2018-12-16 16:00:00
0.69,Lyft,2018-12-16 02:35:13.869,Haymarket Square,West End,10.5,1.0,Lyft XL,2018-12-16 02:00:00
1.83,Uber,2018-12-15 20:20:08.755,Back Bay,Haymarket Square,29.5,1.0,Black SUV,2018-12-15 20:00:00
2.66,Uber,2018-12-03 14:17:56.065,Fenway,Theatre District,9.5,1.0,WAV,2018-12-03 14:00:00
1.82,Uber,2018-11-28 11:44:08.358,Back Bay,Fenway,10.0,1.0,UberPool,2018-11-28 11:00:00
2.44,Lyft,2018-12-16 06:25:09.952,Beacon Hill,South Station,30.0,1.0,Lux Black XL,2018-12-16 06:00:00
7.46,Uber,2018-11-29 01:27:03.576,Northeastern University,Financial District,13.5,1.0,UberPool,2018-11-29 01:00:00
1.53,Lyft,2018-11-30 08:08:57.343,Back Bay,Boston University,10.5,1.0,Lyft XL,2018-11-30 08:00:00
4.43,Uber,2018-11-30 06:27:57.590,Financial District,Fenway,21.0,1.0,UberXL,2018-11-30 06:00:00
3.05,Uber,2018-11-30 17:17:55.737,Fenway,North Station,7.5,1.0,UberPool,2018-11-30 17:00:00
2.8,Uber,2018-12-01 21:47:57.826,Boston University,West End,16.0,1.0,UberXL,2018-12-01 21:00:00
1.16,Uber,2018-11-27 08:54:21.867,West End,North End,12.5,1.0,UberXL,2018-11-27 08:00:00
1.26,Lyft,2018-12-02 21:48:05.041,Theatre District,Haymarket Square,26.0,1.0,Lux Black XL,2018-12-02 21:00:00
3.16,Lyft,2018-11-27 02:36:22.215,Boston University,North Station,19.5,1.0,Lyft XL,2018-11-27 02:00:00
4.59,Lyft,2018-11-29 06:52:56.179,Fenway,Financial District,22.5,1.75,Lyft,2018-11-29 06:00:00
3.3,Lyft,2018-12-03 20:53:03.161,Northeastern University,North Station,11.0,1.0,Lyft,2018-12-03 20:00:00
2.98,Uber,2018-11-26 20:41:10.249,Theatre District,Boston University,34.0,1.0,Black SUV,2018-11-26 20:00:00
3.45,Uber,2018-11-28 14:36:24.599,South Station,Back Bay,27.5,1.0,UberXL,2018-11-28 14:00:00
2.32,Uber,2018-12-17 11:45:12.714,Fenway,Beacon Hill,9.0,1.0,UberPool,2018-12-17 11:00:00
0.78,Uber,2018-12-02 11:57:56.024,Haymarket Square,North Station,7.5,1.0,WAV,2018-12-02 11:00:00
2.66,Uber,2018-12-02 18:53:03.615,Fenway,Theatre District,9.5,1.0,UberX,2018-12-02 18:00:00
4.42,Uber,2018-11-28 14:59:07.782,Financial District,Fenway,13.5,1.0,UberX,2018-11-28 14:00:00
1.93,Lyft,2018-12-13 07:15:05.084,Beacon Hill,North End,32.5,1.0,Lux Black XL,2018-12-13 07:00:00
1.7,Lyft,2018-11-30 05:13:01.961,South Station,West End,13.5,1.0,Lyft XL,2018-11-30 05:00:00
3.85,Lyft,2018-12-14 08:50:05.220,Financial District,Northeastern University,13.5,1.0,Lyft,2018-12-14 08:00:00
2.85,Lyft,2018-11-28 23:17:08.401,Boston University,West End,34.0,1.0,Lux Black XL,2018-11-28 23:00:00
1.61,Uber,2018-12-02 15:42:56.355,Haymarket Square,Theatre District,16.0,1.0,Black,2018-12-02 15:00:00
2.63,Lyft,2018-12-15 15:30:09.098,South Station,Back Bay,16.5,1.0,Lyft XL,2018-12-15 15:00:00
1.25,Uber,2018-12-17 16:30:09.415,Haymarket Square,Financial District,5.5,1.0,UberPool,2018-12-17 16:00:00
1.86,Lyft,2018-12-16 11:45:07.147,North Station,South Station,13.5,1.0,Lyft XL,2018-12-16 11:00:00
0.66,Lyft,2018-12-02 04:48:04.484,Financial District,South Station,13.5,1.25,Lux,2018-12-02 04:00:00
5.35,Lyft,2018-12-16 09:40:04.440,Boston University,Financial District,27.5,1.0,Lux,2018-12-16 09:00:00
1.34,Uber,2018-11-26 15:05:10.063,Fenway,Back Bay,7.0,1.0,UberPool,2018-11-26 15:00:00
3.15,Uber,2018-12-18 10:55:11.427,Northeastern University,West End,10.5,1.0,UberX,2018-12-18 10:00:00
1.73,Lyft,2018-11-28 11:16:22.877,North End,Theatre District,57.5,2.0,Lux Black XL,2018-11-28 11:00:00
2.22,Uber,2018-11-27 11:54:23.553,Northeastern University,Beacon Hill,9.0,1.0,WAV,2018-11-27 11:00:00
3.3,Uber,2018-12-01 05:18:02.487,Northeastern University,Financial District,11.5,1.0,WAV,2018-12-01 05:00:00
1.91,Uber,2018-11-29 17:18:04.720,Theatre District,Northeastern University,9.0,1.0,UberPool,2018-11-29 17:00:00
2.79,Uber,2018-12-13 12:05:11.951,Beacon Hill,Boston University,11.0,1.0,WAV,2018-12-13 12:00:00
3.04,Uber,2018-12-02 02:33:00.899,West End,Boston University,35.0,1.0,Black SUV,2018-12-02 02:00:00
2.8,Uber,2018-12-16 12:55:10.569,Boston University,West End,22.0,1.0,UberXL,2018-12-16 12:00:00
3.23,Lyft,2018-12-16 14:30:03.743,North Station,Fenway,19.5,1.5,Lyft,2018-12-16 14:00:00
1.61,Uber,2018-11-27 06:00:22.235,Haymarket Square,Theatre District,10.0,1.0,UberPool,2018-11-27 06:00:00
0.55,Uber,2018-11-28 09:49:20.542,South Station,Theatre District,7.0,1.0,WAV,2018-11-28 09:00:00
3.07,Uber,2018-11-29 17:58:01.967,North Station,Fenway,13.5,1.0,UberPool,2018-11-29 17:00:00
3.06,Lyft,2018-12-01 23:03:03.294,Northeastern University,West End,19.5,1.0,Lux,2018-12-01 23:00:00
1.55,Lyft,2018-11-26 14:41:09.791,Theatre District,North End,27.5,1.0,Lux Black XL,2018-11-26 14:00:00
0.73,Lyft,2018-11-28 17:02:08.835,Haymarket Square,North Station,16.5,1.0,Lux Black,2018-11-28 17:00:00
2.06,Lyft,2018-12-16 19:05:10.354,South Station,North Station,32.5,1.0,Lux Black XL,2018-12-16 19:00:00
0.99,Uber,2018-12-03 05:07:57.532,Financial District,Haymarket Square,7.5,1.0,UberPool,2018-12-03 05:00:00
1.18,Lyft,2018-12-01 11:23:03.508,Financial District,North End,27.5,1.0,Lux Black XL,2018-12-01 11:00:00
2.86,Uber,2018-12-02 19:47:55.996,West End,Northeastern University,17.0,1.0,UberXL,2018-12-02 19:00:00
2.13,Lyft,2018-11-28 11:56:08.344,South Station,North Station,9.0,1.0,Lyft,2018-11-28 11:00:00
5.35,Lyft,2018-11-26 16:44:09.574,Boston University,Financial District,22.5,1.0,Lyft XL,2018-11-26 16:00:00
2.34,Uber,2018-12-01 03:33:02.099,Back Bay,Haymarket Square,11.0,1.0,UberPool,2018-12-01 03:00:00
1.28,Lyft,2018-12-13 06:40:09.838,West End,North End,7.0,1.0,Lyft,2018-12-13 06:00:00
0.92,Uber,2018-11-28 19:56:07.824,North Station,North End,11.5,1.0,UberXL,2018-11-28 19:00:00
2.32,Uber,2018-12-01 19:07:56.972,Fenway,Beacon Hill,20.5,1.0,Black,2018-12-01 19:00:00
1.1,Lyft,2018-12-13 22:05:11.361,Financial District,North End,13.5,1.0,Lux,2018-12-13 22:00:00
2.63,Lyft,2018-11-30 04:07:57.808,North End,Back Bay,19.5,1.0,Lux,2018-11-30 04:00:00
1.3,Uber,2018-11-26 19:11:10.712,Theatre District,South Station,6.5,1.0,UberPool,2018-11-26 19:00:00
3.18,Lyft,2018-11-29 20:47:59.107,West End,Fenway,30.0,1.0,Lux Black,2018-11-29 20:00:00
1.04,Uber,2018-11-26 11:29:09.741,Financial District,North End,27.5,1.0,Black SUV,2018-11-26 11:00:00
1.14,Uber,2018-11-29 00:48:40.071,Theatre District,Haymarket Square,7.0,1.0,UberPool,2018-11-29 00:00:00
1.39,Lyft,2018-11-30 05:12:55.769,Fenway,Back Bay,10.5,1.0,Shared,2018-11-30 05:00:00
1.26,Lyft,2018-11-30 00:08:03.772,North End,Financial District,7.0,1.0,Lyft,2018-11-30 00:00:00
2.75,Lyft,2018-12-17 08:10:03.342,South Station,Back Bay,32.5,1.0,Lux Black XL,2018-12-17 08:00:00
1.03,Lyft,2018-12-14 18:55:06.617,North End,Financial District,13.5,1.0,Lux,2018-12-14 18:00:00
2.5,Uber,2018-11-28 15:06:22.598,Beacon Hill,South Station,7.5,1.0,UberPool,2018-11-28 15:00:00
2.5,Uber,2018-12-02 11:47:59.064,Beacon Hill,South Station,10.5,1.0,UberX,2018-12-02 11:00:00
2.72,Uber,2018-12-13 07:30:10.468,West End,Fenway,21.5,1.0,Black,2018-12-13 07:00:00
1.16,Uber,2018-12-13 21:05:10.547,Theatre District,Haymarket Square,7.0,1.0,UberPool,2018-12-13 21:00:00
3.27,Lyft,2018-12-03 06:08:03.506,Northeastern University,North Station,7.0,1.0,Shared,2018-12-03 06:00:00
1.49,Lyft,2018-12-03 22:33:00.810,Boston University,Back Bay,5.0,1.0,Shared,2018-12-03 22:00:00
1.8,Lyft,2018-12-14 21:40:15.082,Theatre District,Haymarket Square,16.5,1.0,Lux,2018-12-14 21:00:00
0.9,Uber,2018-11-28 13:29:08.287,North End,North Station,33.0,1.0,Black SUV,2018-11-28 13:00:00
0.82,Lyft,2018-11-28 14:23:08.175,Haymarket Square,West End,26.0,1.0,Lux Black XL,2018-11-28 14:00:00
4.5,Lyft,2018-12-15 14:45:16.750,Financial District,Boston University,45.5,2.0,Lyft XL,2018-12-15 14:00:00
1.25,Lyft,2018-12-01 20:47:58.015,Financial District,North End,3.5,1.0,Shared,2018-12-01 20:00:00
0.93,Lyft,2018-12-03 16:57:57.484,Haymarket Square,Financial District,7.0,1.0,Lyft,2018-12-03 16:00:00
5.7,Uber,2018-12-15 08:20:09.771,Boston University,Financial District,13.5,1.0,UberPool,2018-12-15 08:00:00
1.72,Lyft,2018-12-17 04:05:11.743,West End,South Station,9.0,1.0,Lyft,2018-12-17 04:00:00
0.39,Uber,2018-12-01 14:28:02.393,South Station,Financial District,27.5,1.0,Black SUV,2018-12-01 14:00:00
1.76,Lyft,2018-12-16 21:25:15.399,West End,South Station,7.0,1.0,Shared,2018-12-16 21:00:00
1.04,Uber,2018-11-29 22:13:08.502,Financial District,North End,8.0,1.0,UberX,2018-11-29 22:00:00
2.48,Lyft,2018-12-15 00:55:09.697,Back Bay,South Station,9.0,1.0,Shared,2018-12-15 00:00:00
2.93,Lyft,2018-12-14 01:30:05.526,Fenway,West End,19.5,1.0,Lux,2018-12-14 01:00:00
0.7,Uber,2018-11-28 22:11:08.653,Financial District,South Station,16.0,1.0,Black,2018-11-28 22:00:00
1.34,Uber,2018-11-29 01:29:08.488,Fenway,Back Bay,7.5,1.0,WAV,2018-11-29 01:00:00
1.22,Lyft,2018-12-18 07:55:07.238,Beacon Hill,Haymarket Square,7.0,1.0,Lyft,2018-12-18 07:00:00
0.54,Lyft,2018-12-17 12:55:13.413,Financial District,South Station,9.0,1.0,Lyft XL,2018-12-17 12:00:00
1.36,Uber,2018-11-29 15:07:57.683,Beacon Hill,Haymarket Square,8.0,1.0,UberPool,2018-11-29 15:00:00
1.22,Uber,2018-11-27 20:27:22.941,Northeastern University,Back Bay,16.0,1.0,Black,2018-11-27 20:00:00
3.01,Uber,2018-11-27 16:54:22.002,Boston University,North Station,10.0,1.0,UberPool,2018-11-27 16:00:00
1.56,Uber,2018-11-28 23:35:07.447,Back Bay,Boston University,12.5,1.0,UberXL,2018-11-28 23:00:00
3.16,Lyft,2018-12-17 03:35:14.096,Boston University,North Station,19.5,1.0,Lyft XL,2018-12-17 03:00:00
0.99,Lyft,2018-11-26 07:18:15.028,Haymarket Square,Financial District,13.5,1.0,Lux,2018-11-26 07:00:00
2.56,Lyft,2018-11-30 07:27:55.885,Beacon Hill,South Station,16.5,1.0,Lyft XL,2018-11-30 07:00:00
2.84,Uber,2018-11-30 10:42:56.096,Fenway,West End,9.5,1.0,UberX,2018-11-30 10:00:00
2.14,Lyft,2018-11-29 12:32:58.623,Northeastern University,Theatre District,22.5,1.0,Lux Black,2018-11-29 12:00:00
3.07,Uber,2018-11-27 21:48:22.640,North Station,Fenway,34.5,1.0,Black SUV,2018-11-27 21:00:00
3.0,Lyft,2018-12-17 15:50:13.367,North End,Back Bay,34.0,1.0,Lux Black XL,2018-12-17 15:00:00
3.01,Uber,2018-11-26 14:38:09.543,Boston University,North Station,22.5,1.0,Black,2018-11-26 14:00:00
1.73,Lyft,2018-11-29 22:13:12.862,North End,Theatre District,9.0,1.0,Lyft,2018-11-29 22:00:00
2.66,Uber,2018-12-13 13:00:09.600,Theatre District,Fenway,10.5,1.0,UberX,2018-12-13 13:00:00
3.06,Lyft,2018-12-01 15:18:02.605,West End,Boston University,11.0,1.0,Lyft,2018-12-01 15:00:00
3.31,Uber,2018-11-28 10:11:07.709,Northeastern University,North Station,10.5,1.0,WAV,2018-11-28 10:00:00
2.38,Lyft,2018-12-03 15:28:03.044,Beacon Hill,Fenway,10.5,1.0,Lyft,2018-12-03 15:00:00
0.69,Lyft,2018-12-02 11:23:02.138,Financial District,South Station,3.5,1.0,Shared,2018-12-02 11:00:00
2.3,Uber,2018-12-15 07:10:03.878,Back Bay,Haymarket Square,15.0,1.0,WAV,2018-12-15 07:00:00
2.66,Uber,2018-12-18 00:45:08.759,Fenway,Theatre District,10.5,1.0,UberX,2018-12-18 00:00:00
2.84,Uber,2018-11-28 11:59:07.635,Fenway,West End,13.5,1.0,UberPool,2018-11-28 11:00:00
3.04,Uber,2018-12-16 07:45:11.457,West End,Boston University,8.5,1.0,UberPool,2018-12-16 07:00:00
2.88,Uber,2018-12-15 13:20:04.991,West End,Northeastern University,25.0,1.0,Black,2018-12-15 13:00:00
1.61,Lyft,2018-12-04 04:58:03.266,Back Bay,Boston University,26.0,1.0,Lux Black XL,2018-12-04 04:00:00
3.26,Lyft,2018-12-15 00:40:05.909,North Station,Northeastern University,7.0,1.0,Shared,2018-12-15 00:00:00
1.22,Uber,2018-12-18 03:50:07.342,Northeastern University,Back Bay,26.0,1.0,Black SUV,2018-12-18 03:00:00
1.16,Uber,2018-11-28 16:32:07.779,Theatre District,Haymarket Square,12.0,1.0,UberXL,2018-11-28 16:00:00
2.66,Uber,2018-12-03 11:23:07.593,Theatre District,Fenway,10.0,1.0,UberPool,2018-12-03 11:00:00
1.8,Uber,2018-12-13 19:40:09.757,Northeastern University,Theatre District,28.5,1.0,Black SUV,2018-12-13 19:00:00
2.28,Lyft,2018-11-28 15:29:07.882,Haymarket Square,Back Bay,32.5,1.0,Lux Black XL,2018-11-28 15:00:00
3.17,Lyft,2018-12-16 23:40:14.823,Northeastern University,Financial District,32.5,1.0,Lux Black,2018-12-16 23:00:00
1.0,Uber,2018-11-26 16:47:09.925,North End,West End,14.0,1.0,WAV,2018-11-26 16:00:00
2.63,Uber,2018-12-15 09:55:05.214,Back Bay,North End,33.5,1.0,Black SUV,2018-12-15 09:00:00
1.56,Uber,2018-12-03 05:42:55.966,Back Bay,Boston University,7.5,1.0,UberPool,2018-12-03 05:00:00
2.46,Uber,2018-12-18 13:50:08.817,Beacon Hill,Fenway,7.5,1.0,UberPool,2018-12-18 13:00:00
1.29,Lyft,2018-12-15 14:05:07.337,North End,Financial District,16.5,1.0,Lux Black,2018-12-15 14:00:00
2.71,Uber,2018-12-02 04:13:08.402,West End,Northeastern University,10.5,1.0,WAV,2018-12-02 04:00:00
2.79,Uber,2018-12-16 13:50:11.646,Beacon Hill,Boston University,24.0,1.0,Black,2018-12-16 13:00:00
0.75,Lyft,2018-11-26 23:18:15.077,Haymarket Square,West End,16.5,1.0,Lux Black,2018-11-26 23:00:00
1.94,Uber,2018-12-01 09:13:02.411,Theatre District,Northeastern University,8.0,1.0,UberX,2018-12-01 09:00:00
1.16,Uber,2018-12-01 04:38:03.108,Theatre District,Haymarket Square,12.5,1.0,UberXL,2018-12-01 04:00:00
3.22,Lyft,2018-12-17 10:00:09.391,Back Bay,South Station,19.5,1.0,Lux,2018-12-17 10:00:00
3.04,Uber,2018-12-01 07:13:00.318,West End,Boston University,36.0,1.0,Black SUV,2018-12-01 07:00:00
0.39,Uber,2018-12-01 14:13:06.003,South Station,Financial District,27.0,1.0,Black SUV,2018-12-01 14:00:00
1.7,Uber,2018-12-02 11:28:03.351,West End,South Station,13.5,1.0,UberXL,2018-12-02 11:00:00
2.98,Uber,2018-11-28 17:51:23.104,Theatre District,Boston University,10.5,1.0,UberX,2018-11-28 17:00:00
1.39,Lyft,2018-12-01 04:43:07.385,South Station,Back Bay,5.0,1.0,Shared,2018-12-01 04:00:00
4.53,Lyft,2018-11-28 15:17:07.903,Fenway,Financial District,7.0,1.0,Shared,2018-11-28 15:00:00
1.02,Uber,2018-12-01 05:58:01.748,Haymarket Square,West End,12.5,1.0,UberXL,2018-12-01 05:00:00
1.22,Uber,2018-12-15 02:55:04.899,Northeastern University,Back Bay,12.0,1.0,UberXL,2018-12-15 02:00:00
1.58,Uber,2018-11-29 16:28:02.358,North Station,South Station,19.5,1.0,Black,2018-11-29 16:00:00
1.41,Uber,2018-12-13 11:30:12.205,Theatre District,North End,8.5,1.0,UberX,2018-12-13 11:00:00
1.74,Lyft,2018-11-29 04:26:08.023,South Station,West End,13.5,1.0,Lyft XL,2018-11-29 04:00:00
0.73,Lyft,2018-12-03 18:08:03.181,Haymarket Square,North Station,16.5,1.0,Lux Black,2018-12-03 18:00:00
3.2,Lyft,2018-12-16 17:10:04.167,Fenway,North Station,7.0,1.0,Shared,2018-12-16 17:00:00
1.56,Lyft,2018-12-14 16:30:10.524,Beacon Hill,North End,16.5,1.0,Lux,2018-12-14 16:00:00
1.16,Lyft,2018-11-27 16:06:23.551,North End,Financial District,11.0,1.0,Lyft XL,2018-11-27 16:00:00
0.98,Uber,2018-11-27 02:36:23.518,North End,West End,27.5,1.0,Black SUV,2018-11-27 02:00:00
3.54,Lyft,2018-12-16 16:20:10.022,North Station,Boston University,10.5,1.0,Lyft,2018-12-16 16:00:00
1.61,Uber,2018-11-27 15:51:22.285,Haymarket Square,Theatre District,9.5,1.0,UberX,2018-11-27 15:00:00
2.78,Uber,2018-12-01 13:23:01.961,Northeastern University,North Station,22.0,1.0,Black,2018-12-01 13:00:00
1.22,Uber,2018-11-28 22:58:40.415,Northeastern University,Back Bay,7.5,1.0,UberPool,2018-11-28 22:00:00
1.5,Uber,2018-12-18 01:45:03.414,Back Bay,Fenway,7.5,1.0,UberX,2018-12-18 01:00:00
3.15,Lyft,2018-11-29 04:11:07.536,Fenway,North Station,27.5,1.0,Lux Black,2018-11-29 04:00:00
0.64,Lyft,2018-12-14 05:40:09.047,West End,Haymarket Square,10.5,1.0,Lux,2018-12-14 05:00:00
1.06,Lyft,2018-12-01 04:38:02.963,North End,West End,10.5,1.0,Lyft XL,2018-12-01 04:00:00
1.9,Uber,2018-12-03 22:43:04.041,Beacon Hill,North End,27.0,1.0,Black SUV,2018-12-03 22:00:00
3.22,Uber,2018-12-01 03:48:04.854,North Station,Northeastern University,37.0,1.0,Black SUV,2018-12-01 03:00:00
3.53,Uber,2018-11-28 13:29:08.167,Back Bay,South Station,10.0,1.0,UberPool,2018-11-28 13:00:00
0.39,Uber,2018-12-03 08:32:59.894,South Station,Financial District,6.5,1.0,WAV,2018-12-03 08:00:00
2.32,Lyft,2018-12-01 22:18:04.763,Boston University,Beacon Hill,9.0,1.0,Lyft,2018-12-01 22:00:00
0.56,Uber,2018-12-16 19:25:08.530,Haymarket Square,North Station,11.0,1.0,UberXL,2018-12-16 19:00:00
1.4,Uber,2018-12-14 13:55:09.673,Boston University,Back Bay,12.0,1.0,UberXL,2018-12-14 13:00:00
2.56,Lyft,2018-12-17 03:50:03.426,Beacon Hill,South Station,13.5,1.0,Lyft XL,2018-12-17 03:00:00
2.58,Uber,2018-11-28 07:33:43.299,Beacon Hill,South Station,19.0,1.0,Black,2018-11-28 07:00:00
2.67,Uber,2018-12-02 20:33:04.163,Beacon Hill,North End,22.5,1.0,Black,2018-12-02 20:00:00
3.44,Uber,2018-11-30 02:07:56.475,Back Bay,South Station,11.0,1.0,WAV,2018-11-30 02:00:00
4.4,Uber,2018-11-27 21:09:22.371,Financial District,Fenway,13.0,1.0,UberX,2018-11-27 21:00:00
1.24,Lyft,2018-12-16 14:20:03.935,Theatre District,South Station,7.0,1.0,Lyft,2018-12-16 14:00:00
0.99,Uber,2018-12-03 05:12:58.620,Financial District,Haymarket Square,10.5,1.0,UberXL,2018-12-03 05:00:00
0.99,Lyft,2018-11-30 22:13:07.684,North Station,North End,3.0,1.0,Shared,2018-11-30 22:00:00
2.25,Uber,2018-11-28 10:59:07.771,North End,Beacon Hill,9.5,1.0,UberX,2018-11-28 10:00:00
1.25,Uber,2018-12-02 19:47:56.197,Haymarket Square,Financial District,16.0,1.0,Black,2018-12-02 19:00:00
2.94,Lyft,2018-11-26 11:20:09.738,Fenway,West End,22.5,1.25,Lux,2018-11-26 11:00:00
1.0,Lyft,2018-12-14 21:25:05.779,Haymarket Square,Financial District,13.5,1.0,Lux,2018-12-14 21:00:00
1.53,Lyft,2018-12-03 08:02:57.865,South Station,West End,5.0,1.0,Shared,2018-12-03 08:00:00
2.3,Uber,2018-12-14 12:40:12.220,Back Bay,Haymarket Square,34.0,1.0,Black SUV,2018-12-14 12:00:00
3.23,Lyft,2018-11-27 17:33:22.278,West End,Northeastern University,22.5,1.0,Lux,2018-11-27 17:00:00
2.13,Lyft,2018-12-18 09:45:09.783,South Station,North Station,13.5,1.0,Lyft XL,2018-12-18 09:00:00
1.35,Uber,2018-12-17 01:50:09.072,Haymarket Square,Beacon Hill,26.5,1.0,Black SUV,2018-12-17 01:00:00
0.43,Lyft,2018-12-14 00:30:06.740,North Station,Haymarket Square,10.5,1.0,Lux,2018-12-14 00:00:00
6.26,Uber,2018-11-27 09:24:22.076,South Station,Back Bay,42.0,1.0,Black SUV,2018-11-27 09:00:00
2.73,Uber,2018-11-27 15:15:23.805,West End,Fenway,8.5,1.0,UberPool,2018-11-27 15:00:00
1.84,Uber,2018-11-30 02:12:56.058,North Station,South Station,8.5,1.0,UberX,2018-11-30 02:00:00
0.49,Uber,2018-11-27 14:06:23.825,North Station,Haymarket Square,7.0,1.0,UberX,2018-11-27 14:00:00
1.01,Lyft,2018-11-27 10:39:22.237,Financial District,Haymarket Square,7.0,1.0,Lyft,2018-11-27 10:00:00
1.08,Lyft,2018-12-16 15:45:10.348,North Station,North End,16.5,1.0,Lux Black,2018-12-16 15:00:00
1.99,Lyft,2018-11-27 23:51:22.052,Theatre District,Northeastern University,7.0,1.0,Shared,2018-11-27 23:00:00
1.25,Uber,2018-11-29 04:23:07.888,Haymarket Square,Financial District,15.0,1.0,Black,2018-11-29 04:00:00
1.22,Lyft,2018-12-01 15:12:56.168,Haymarket Square,Financial District,26.0,1.0,Lux Black XL,2018-12-01 15:00:00
3.39,Lyft,2018-11-30 13:18:05.924,Northeastern University,Financial District,19.5,1.0,Lyft XL,2018-11-30 13:00:00
1.91,Lyft,2018-12-03 02:58:02.045,North Station,South Station,16.5,1.0,Lux,2018-12-03 02:00:00
3.09,Uber,2018-11-26 22:44:10.242,North Station,Fenway,13.0,1.0,WAV,2018-11-26 22:00:00
3.21,Lyft,2018-12-14 05:10:07.864,Fenway,Theatre District,22.5,2.0,Lyft,2018-12-14 05:00:00
2.13,Lyft,2018-11-27 05:27:22.111,Back Bay,South Station,7.0,1.0,Shared,2018-11-27 05:00:00
2.19,Uber,2018-11-30 08:08:57.446,North End,Beacon Hill,8.5,1.0,UberPool,2018-11-30 08:00:00
2.56,Uber,2018-12-17 20:30:12.199,Back Bay,Boston University,9.0,1.0,UberX,2018-12-17 20:00:00
1.41,Uber,2018-12-01 12:43:00.565,Theatre District,North End,26.0,1.0,Black SUV,2018-12-01 12:00:00
1.69,Uber,2018-12-17 13:55:11.801,West End,South Station,8.0,1.0,UberPool,2018-12-17 13:00:00
0.56,Uber,2018-12-15 17:05:10.050,Haymarket Square,North Station,10.5,1.0,UberXL,2018-12-15 17:00:00
0.49,Lyft,2018-11-28 11:56:07.993,South Station,Financial District,11.0,1.0,Lux,2018-11-28 11:00:00
1.23,Uber,2018-11-27 15:48:21.915,Haymarket Square,Beacon Hill,9.5,1.0,UberX,2018-11-27 15:00:00
4.48,Uber,2018-12-18 06:15:08.596,Fenway,Financial District,13.0,1.0,UberX,2018-12-18 06:00:00
2.33,Uber,2018-11-26 17:56:09.552,North End,Back Bay,30.5,1.0,Black SUV,2018-11-26 17:00:00
2.79,Uber,2018-12-15 00:40:12.306,Beacon Hill,Boston University,9.5,1.0,WAV,2018-12-15 00:00:00
1.45,Lyft,2018-11-28 19:35:08.494,Back Bay,Northeastern University,16.5,1.0,Lux Black,2018-11-28 19:00:00
2.17,Uber,2018-12-02 12:58:00.888,South Station,North Station,8.5,1.0,UberX,2018-12-02 12:00:00
3.16,Lyft,2018-11-27 22:03:22.353,Boston University,Theatre District,10.5,1.0,Lyft,2018-11-27 22:00:00
4.42,Uber,2018-11-28 12:44:08.201,Financial District,Fenway,21.5,1.0,UberXL,2018-11-28 12:00:00
1.41,Lyft,2018-11-27 12:12:22.218,Fenway,Back Bay,11.0,1.0,Lyft XL,2018-11-27 12:00:00
1.41,Lyft,2018-12-02 21:23:02.321,Back Bay,Northeastern University,16.5,1.0,Lux Black,2018-12-02 21:00:00
4.48,Uber,2018-11-30 21:53:01.688,Fenway,Financial District,35.5,1.0,Black SUV,2018-11-30 21:00:00
2.25,Lyft,2018-11-27 20:27:22.223,Haymarket Square,Back Bay,10.5,1.0,Lyft,2018-11-27 20:00:00
2.46,Lyft,2018-12-01 18:23:05.540,Beacon Hill,Fenway,16.5,1.0,Lux,2018-12-01 18:00:00
2.66,Uber,2018-12-18 10:45:07.339,Fenway,Theatre District,11.0,1.0,WAV,2018-12-18 10:00:00
3.05,Uber,2018-11-28 20:44:08.586,Fenway,North Station,10.5,1.0,UberX,2018-11-28 20:00:00
2.27,Uber,2018-12-18 04:15:03.531,Boston University,Beacon Hill,15.0,1.0,UberXL,2018-12-18 04:00:00
1.41,Uber,2018-12-18 07:55:07.064,Theatre District,North End,10.5,1.0,UberX,2018-12-18 07:00:00
2.61,Uber,2018-11-30 15:28:02.260,Beacon Hill,Northeastern University,19.5,1.0,Black,2018-11-30 15:00:00
2.58,Uber,2018-12-02 12:53:06.738,Beacon Hill,South Station,9.5,1.0,WAV,2018-12-02 12:00:00
5.43,Lyft,2018-11-30 02:33:02.629,Boston University,Financial District,26.0,1.0,Lux,2018-11-30 02:00:00
1.89,Uber,2018-12-18 01:25:05.004,Theatre District,Northeastern University,28.5,1.0,Black SUV,2018-12-18 01:00:00
1.74,Lyft,2018-12-03 20:28:02.707,North End,Theatre District,10.5,1.25,Lyft,2018-12-03 20:00:00
2.54,Lyft,2018-11-29 16:22:59.789,Theatre District,Fenway,34.0,1.0,Lux Black XL,2018-11-29 16:00:00
3.09,Lyft,2018-11-29 09:43:03.139,West End,Boston University,10.5,1.0,Shared,2018-11-29 09:00:00
1.24,Lyft,2018-12-14 00:15:12.130,Haymarket Square,Beacon Hill,26.0,1.0,Lux Black XL,2018-12-14 00:00:00
2.14,Uber,2018-12-02 06:32:58.337,South Station,West End,8.5,1.0,WAV,2018-12-02 06:00:00
2.42,Lyft,2018-11-29 02:33:38.454,Beacon Hill,Fenway,5.0,1.0,Shared,2018-11-29 02:00:00
2.75,Lyft,2018-11-27 12:42:22.461,South Station,Back Bay,7.0,1.0,Shared,2018-11-27 12:00:00
3.27,Lyft,2018-11-29 18:12:57.805,Back Bay,South Station,26.0,1.0,Lux Black,2018-11-29 18:00:00
0.39,Uber,2018-11-29 00:11:09.133,South Station,Financial District,15.0,1.0,Black,2018-11-29 00:00:00
2.84,Uber,2018-12-01 08:33:01.970,Back Bay,North End,26.0,1.0,Black,2018-12-01 08:00:00
0.56,Lyft,2018-11-30 20:38:03.270,Financial District,South Station,11.0,1.0,Lux,2018-11-30 20:00:00
1.26,Lyft,2018-11-30 08:08:57.420,North End,Financial District,11.0,1.0,Lyft XL,2018-11-30 08:00:00
1.21,Uber,2018-12-02 07:52:58.189,North End,Financial District,7.5,1.0,UberX,2018-12-02 07:00:00
2.72,Uber,2018-12-15 02:10:10.132,West End,Fenway,30.5,1.0,Black SUV,2018-12-15 02:00:00
2.03,Lyft,2018-12-13 12:55:12.408,West End,South Station,16.5,1.0,Lyft XL,2018-12-13 12:00:00
4.44,Uber,2018-11-28 22:59:08.356,Financial District,Fenway,13.0,1.0,UberX,2018-11-28 22:00:00
1.61,Uber,2018-12-15 10:30:09.559,Haymarket Square,Theatre District,9.5,1.0,WAV,2018-12-15 10:00:00
1.72,Lyft,2018-12-01 06:12:56.106,North End,Theatre District,19.5,1.0,Lux Black,2018-12-01 06:00:00
3.1,Lyft,2018-11-27 15:48:22.527,Northeastern University,West End,5.0,1.0,Shared,2018-11-27 15:00:00
2.99,Lyft,2018-12-15 03:25:10.449,Theatre District,Boston University,16.5,1.0,Lyft XL,2018-12-15 03:00:00
2.39,Lyft,2018-11-27 07:00:22.013,North End,Back Bay,10.5,1.0,Lyft,2018-11-27 07:00:00
0.71,Lyft,2018-11-28 18:06:26.820,Haymarket Square,North Station,38.0,1.5,Lux Black XL,2018-11-28 18:00:00
2.46,Uber,2018-11-28 14:11:07.913,Beacon Hill,Fenway,8.5,1.0,UberX,2018-11-28 14:00:00
1.21,Lyft,2018-12-02 08:42:58.879,North End,North Station,7.0,1.0,Lyft,2018-12-02 08:00:00
2.95,Lyft,2018-11-26 19:11:09.752,Theatre District,Boston University,19.5,1.0,Lux,2018-11-26 19:00:00
3.08,Uber,2018-12-16 18:10:08.679,Northeastern University,West End,12.0,1.0,WAV,2018-12-16 18:00:00
1.46,Uber,2018-11-27 01:54:22.019,Beacon Hill,North End,28.0,1.0,Black SUV,2018-11-27 01:00:00
2.88,Lyft,2018-12-17 03:45:09.751,Boston University,West End,26.0,1.0,Lux Black,2018-12-17 03:00:00
2.16,Lyft,2018-12-02 10:48:04.091,Northeastern University,Theatre District,16.5,1.0,Lux,2018-12-02 10:00:00
4.4,Uber,2018-12-13 23:00:14.454,Financial District,Fenway,27.0,1.0,Black,2018-12-13 23:00:00
2.27,Uber,2018-12-16 14:15:03.548,Boston University,Beacon Hill,24.0,1.0,UberXL,2018-12-16 14:00:00
1.16,Uber,2018-12-16 02:10:13.848,Theatre District,Haymarket Square,8.5,1.0,UberX,2018-12-16 02:00:00
3.19,Lyft,2018-12-03 04:48:02.232,Fenway,North Station,32.5,1.0,Lux Black XL,2018-12-03 04:00:00
3.1,Uber,2018-12-03 17:38:00.585,Northeastern University,West End,25.0,1.0,Black,2018-12-03 17:00:00
2.8,Uber,2018-11-28 15:11:08.065,Boston University,West End,9.5,1.0,WAV,2018-11-28 15:00:00
1.86,Uber,2018-12-14 19:50:05.894,Back Bay,Haymarket Square,9.0,1.0,UberX,2018-12-14 19:00:00
3.15,Lyft,2018-12-17 00:20:05.440,West End,Boston University,7.0,1.0,Shared,2018-12-17 00:00:00
5.37,Lyft,2018-12-15 17:45:05.424,Boston University,Financial District,22.5,1.0,Lyft XL,2018-12-15 17:00:00
0.63,Lyft,2018-11-28 13:50:07.881,Financial District,South Station,11.0,1.0,Lux,2018-11-28 13:00:00
0.3,Uber,2018-12-17 19:00:14.434,North Station,North End,7.0,1.0,UberPool,2018-12-17 19:00:00
4.34,Lyft,2018-12-14 04:20:08.385,Financial District,Fenway,5.0,1.0,Shared,2018-12-14 04:00:00
2.35,Lyft,2018-12-15 19:35:09.479,Beacon Hill,Northeastern University,27.5,1.0,Lux Black XL,2018-12-15 19:00:00
1.79,Uber,2018-11-27 06:48:21.927,Back Bay,Haymarket Square,8.5,1.0,WAV,2018-11-27 06:00:00
3.04,Lyft,2018-11-29 01:59:08.745,Financial District,Northeastern University,13.5,1.0,Lyft,2018-11-29 01:00:00
1.43,Lyft,2018-11-28 15:41:08.211,Back Bay,Fenway,22.5,1.25,Lux Black,2018-11-28 15:00:00
1.03,Uber,2018-11-29 03:56:08.021,North Station,North End,7.0,1.0,UberX,2018-11-29 03:00:00
1.57,Uber,2018-11-27 08:12:21.802,North End,Theatre District,16.0,1.0,Black,2018-11-27 08:00:00
0.64,Lyft,2018-12-03 19:43:04.088,South Station,Theatre District,32.5,1.25,Lux Black XL,2018-12-03 19:00:00
3.08,Uber,2018-12-17 10:25:09.473,Fenway,North Station,31.5,1.0,Black SUV,2018-12-17 10:00:00
0.49,Uber,2018-11-30 12:13:04.470,North Station,Haymarket Square,7.5,1.0,UberPool,2018-11-30 12:00:00
2.42,Lyft,2018-11-27 18:03:21.987,North End,Back Bay,19.5,1.0,Lux,2018-11-27 18:00:00
4.55,Lyft,2018-11-27 09:33:22.201,Boston University,Financial District,38.5,1.0,Lux Black XL,2018-11-27 09:00:00
1.81,Uber,2018-12-13 04:35:04.639,Northeastern University,Theatre District,16.5,1.0,Black,2018-12-13 04:00:00
2.98,Uber,2018-11-30 05:23:06.597,Theatre District,Boston University,31.5,1.0,Black SUV,2018-11-30 05:00:00
4.72,Uber,2018-12-14 03:35:10.521,Financial District,Boston University,24.0,1.0,UberXL,2018-12-14 03:00:00
1.57,Uber,2018-12-18 08:45:05.331,North End,Theatre District,10.0,1.0,UberPool,2018-12-18 08:00:00
2.69,Lyft,2018-11-29 01:44:08.131,Beacon Hill,Boston University,16.5,1.0,Lux,2018-11-29 01:00:00
2.62,Lyft,2018-11-26 16:17:10.821,Beacon Hill,Boston University,7.0,1.0,Shared,2018-11-26 16:00:00
3.44,Uber,2018-12-01 01:12:56.699,Back Bay,South Station,17.0,1.0,UberXL,2018-12-01 01:00:00
1.48,Lyft,2018-11-29 05:53:01.199,North End,Beacon Hill,19.5,1.0,Lux Black,2018-11-29 05:00:00
2.84,Lyft,2018-12-17 22:10:03.821,West End,Northeastern University,7.0,1.0,Shared,2018-12-17 22:00:00
0.39,Uber,2018-11-29 00:23:38.703,South Station,Financial District,5.5,1.0,UberPool,2018-11-29 00:00:00
1.85,Lyft,2018-11-29 00:41:08.124,Beacon Hill,North End,19.5,1.0,Lux Black,2018-11-29 00:00:00
1.25,Lyft,2018-12-14 09:50:11.741,Back Bay,Northeastern University,26.0,1.0,Lux Black XL,2018-12-14 09:00:00
3.01,Uber,2018-11-26 14:23:10.687,Boston University,North Station,11.5,1.0,WAV,2018-11-26 14:00:00
1.21,Uber,2018-12-01 03:13:02.141,North End,Financial District,26.0,1.0,Black SUV,2018-12-01 03:00:00
2.84,Uber,2018-11-28 19:20:07.751,Fenway,West End,16.0,1.0,UberXL,2018-11-28 19:00:00
1.76,Lyft,2018-11-27 16:36:22.379,North End,Beacon Hill,19.5,1.0,Lux Black,2018-11-27 16:00:00
1.52,Lyft,2018-12-03 14:08:00.420,Theatre District,North End,5.0,1.0,Shared,2018-12-03 14:00:00
0.72,Uber,2018-11-27 12:21:22.094,Haymarket Square,West End,7.5,1.0,UberPool,2018-11-27 12:00:00
2.62,Uber,2018-12-16 15:35:10.650,Boston University,Theatre District,9.5,1.0,UberX,2018-12-16 15:00:00
2.62,Uber,2018-11-29 11:22:59.057,Boston University,Theatre District,10.5,1.0,UberX,2018-11-29 11:00:00
1.86,Uber,2018-12-01 14:27:59.379,North End,West End,13.5,1.0,UberXL,2018-12-01 14:00:00
1.97,Uber,2018-12-17 01:45:14.377,West End,South Station,14.0,1.0,UberXL,2018-12-17 01:00:00
0.8,Uber,2018-12-16 07:35:14.442,Financial District,Haymarket Square,7.5,1.0,UberPool,2018-12-16 07:00:00
1.6,Uber,2018-11-27 22:06:25.187,Back Bay,Fenway,27.0,1.0,Black SUV,2018-11-27 22:00:00
2.06,Lyft,2018-12-01 08:37:56.526,Northeastern University,Beacon Hill,27.5,1.0,Lux Black XL,2018-12-01 08:00:00
1.03,Uber,2018-12-02 21:47:56.095,North Station,North End,15.0,1.0,Black,2018-12-02 21:00:00
2.19,Uber,2018-12-18 12:30:12.556,North End,Beacon Hill,17.5,1.0,Black,2018-12-18 12:00:00
4.48,Uber,2018-12-01 21:33:01.540,Fenway,Financial District,30.5,1.0,Black,2018-12-01 21:00:00
2.17,Uber,2018-11-29 17:18:04.761,South Station,North Station,13.5,1.0,UberXL,2018-11-29 17:00:00
2.42,Uber,2018-11-27 18:39:22.262,Fenway,Beacon Hill,17.0,1.0,UberXL,2018-11-27 18:00:00
2.48,Lyft,2018-12-01 04:38:04.067,Beacon Hill,Fenway,16.5,1.0,Lux,2018-12-01 04:00:00
1.45,Lyft,2018-12-01 05:57:59.834,Fenway,Back Bay,16.5,1.0,Lux Black,2018-12-01 05:00:00
2.77,Lyft,2018-12-15 05:20:08.235,Beacon Hill,South Station,16.5,1.0,Lyft XL,2018-12-15 05:00:00
2.14,Uber,2018-11-27 06:42:21.840,South Station,West End,28.5,1.0,Black SUV,2018-11-27 06:00:00
3.07,Lyft,2018-12-01 03:03:02.775,West End,Fenway,7.0,1.0,Shared,2018-12-01 03:00:00
3.05,Uber,2018-11-29 23:23:01.444,Fenway,North Station,10.5,1.0,UberX,2018-11-29 23:00:00
3.1,Lyft,2018-12-02 11:33:00.070,Boston University,North Station,9.0,1.0,Shared,2018-12-02 11:00:00
3.01,Uber,2018-11-29 20:03:01.365,Boston University,North Station,9.5,1.0,WAV,2018-11-29 20:00:00
1.02,Lyft,2018-11-27 05:21:21.990,North End,North Station,7.0,1.0,Lyft,2018-11-27 05:00:00
1.5,Uber,2018-12-02 05:32:59.816,Back Bay,Fenway,18.0,1.0,Black,2018-12-02 05:00:00
5.34,Lyft,2018-12-17 09:50:13.238,Boston University,Financial District,13.5,1.0,Lyft,2018-12-17 09:00:00
3.23,Uber,2018-11-29 17:28:01.594,North Station,Northeastern University,10.5,1.0,WAV,2018-11-29 17:00:00
1.06,Lyft,2018-12-17 01:20:11.812,Northeastern University,Back Bay,27.5,1.0,Lux Black XL,2018-12-17 01:00:00
1.91,Lyft,2018-11-28 13:11:24.599,Back Bay,Boston University,9.0,1.0,Shared,2018-11-28 13:00:00
6.26,Uber,2018-11-29 04:11:07.839,South Station,Back Bay,22.5,1.0,UberXL,2018-11-29 04:00:00
0.72,Uber,2018-12-01 13:02:59.196,Haymarket Square,West End,16.0,1.0,Black,2018-12-01 13:00:00
1.1,Lyft,2018-11-28 14:17:08.021,Financial District,North End,26.0,1.0,Lux Black XL,2018-11-28 14:00:00
4.43,Uber,2018-12-16 04:40:10.079,Boston University,Financial District,19.5,1.0,UberX,2018-12-16 04:00:00
2.87,Uber,2018-12-16 23:45:10.203,West End,Northeastern University,9.5,1.0,UberPool,2018-12-16 23:00:00
4.36,Lyft,2018-12-10 02:23:40.486,Financial District,Fenway,5.0,1.0,Shared,2018-12-10 02:00:00
2.3,Lyft,2018-12-14 02:05:10.820,Boston University,Beacon Hill,30.0,1.0,Lux Black XL,2018-12-14 02:00:00
1.73,Lyft,2018-11-27 09:54:22.211,Haymarket Square,Theatre District,13.5,1.0,Lyft XL,2018-11-27 09:00:00
1.16,Uber,2018-12-02 16:48:02.076,Theatre District,Haymarket Square,27.5,1.0,Black SUV,2018-12-02 16:00:00
1.32,Lyft,2018-12-15 19:05:13.811,South Station,Back Bay,22.5,1.0,Lux Black,2018-12-15 19:00:00
2.3,Uber,2018-12-03 19:07:57.319,Boston University,Beacon Hill,11.0,1.0,UberPool,2018-12-03 19:00:00
1.25,Uber,2018-12-15 04:25:10.428,Haymarket Square,Financial District,7.5,1.0,WAV,2018-12-15 04:00:00
2.83,Lyft,2018-11-28 09:34:34.964,Boston University,West End,34.0,1.0,Lux Black XL,2018-11-28 09:00:00
3.04,Uber,2018-12-17 22:20:10.382,West End,Boston University,14.5,1.0,UberPool,2018-12-17 22:00:00
2.19,Uber,2018-12-03 08:57:57.729,North End,Beacon Hill,17.5,1.0,Black,2018-12-03 08:00:00
2.46,Uber,2018-12-01 17:22:57.501,Beacon Hill,Fenway,8.0,1.0,UberPool,2018-12-01 17:00:00
2.84,Uber,2018-11-28 20:50:07.869,Fenway,West End,10.5,1.0,WAV,2018-11-28 20:00:00
3.61,Uber,2018-12-03 13:28:01.462,Back Bay,North End,12.0,1.0,WAV,2018-12-03 13:00:00
2.13,Lyft,2018-11-27 08:09:21.879,Northeastern University,Theatre District,7.0,1.0,Shared,2018-11-27 08:00:00
2.14,Uber,2018-12-14 13:45:08.776,South Station,West End,14.0,1.0,UberXL,2018-12-14 13:00:00
1.49,Lyft,2018-12-14 22:50:11.586,Back Bay,Boston University,13.5,1.0,Lux,2018-12-14 22:00:00
2.33,Uber,2018-12-18 08:55:06.711,North End,Back Bay,9.5,1.0,WAV,2018-12-18 08:00:00
0.98,Uber,2018-11-30 17:18:02.222,North End,West End,7.0,1.0,WAV,2018-11-30 17:00:00
4.52,Lyft,2018-11-27 12:48:22.319,Fenway,Financial District,42.5,1.0,Lux Black XL,2018-11-27 12:00:00
2.79,Uber,2018-11-30 09:17:55.982,Beacon Hill,Boston University,8.5,1.0,UberPool,2018-11-30 09:00:00
2.32,Uber,2018-12-02 14:37:58.296,Fenway,Beacon Hill,20.5,1.0,Black,2018-12-02 14:00:00
2.22,Uber,2018-12-13 11:45:10.829,Theatre District,Fenway,9.5,1.0,UberX,2018-12-13 11:00:00
1.35,Uber,2018-12-01 22:23:03.979,Haymarket Square,Beacon Hill,16.0,1.0,Black,2018-12-01 22:00:00
0.49,Uber,2018-12-16 08:10:03.347,North Station,Haymarket Square,7.5,1.0,WAV,2018-12-16 08:00:00
1.41,Uber,2018-11-27 04:33:22.168,Theatre District,North End,8.0,1.0,UberX,2018-11-27 04:00:00
1.92,Uber,2018-11-27 22:48:22.568,Northeastern University,Beacon Hill,8.5,1.0,UberPool,2018-11-27 22:00:00
1.35,Uber,2018-12-17 10:30:06.444,Haymarket Square,Beacon Hill,10.5,1.0,UberX,2018-12-17 10:00:00
1.46,Uber,2018-12-14 20:40:05.634,Beacon Hill,North End,15.0,1.0,UberXL,2018-12-14 20:00:00
2.45,Uber,2018-12-13 21:40:07.229,Theatre District,Boston University,10.5,1.0,UberX,2018-12-13 21:00:00
0.91,Uber,2018-11-29 19:43:01.740,Beacon Hill,Haymarket Square,27.5,1.0,Black SUV,2018-11-29 19:00:00
2.04,Uber,2018-12-02 18:52:56.318,Back Bay,Haymarket Square,22.0,1.0,Black,2018-12-02 18:00:00
2.71,Uber,2018-12-18 15:35:12.510,West End,Fenway,10.5,1.0,UberX,2018-12-18 15:00:00
1.03,Uber,2018-12-03 05:13:04.862,North Station,North End,7.0,1.0,UberPool,2018-12-03 05:00:00
3.14,Uber,2018-12-18 12:35:07.951,North Station,Boston University,36.0,1.0,Black SUV,2018-12-18 12:00:00
7.46,Uber,2018-12-15 20:50:05.346,Northeastern University,Financial District,28.5,1.0,UberXL,2018-12-15 20:00:00
3.11,Lyft,2018-11-28 13:41:08.403,Boston University,Theatre District,38.5,1.0,Lux Black XL,2018-11-28 13:00:00
3.0,Lyft,2018-12-15 22:35:07.771,North End,Back Bay,47.5,1.75,Lux Black,2018-12-15 22:00:00
2.54,Uber,2018-11-27 16:12:22.043,Northeastern University,Beacon Hill,10.5,1.0,WAV,2018-11-27 16:00:00
2.22,Lyft,2018-12-17 03:35:03.461,North End,Beacon Hill,7.0,1.0,Shared,2018-12-17 03:00:00
4.72,Uber,2018-11-27 22:06:24.932,Financial District,Boston University,14.0,1.0,UberX,2018-11-27 22:00:00
3.06,Lyft,2018-12-04 01:02:58.893,Northeastern University,West End,10.5,1.0,Lyft,2018-12-04 01:00:00
2.66,Uber,2018-12-17 22:15:03.491,Theatre District,Fenway,17.5,1.0,UberXL,2018-12-17 22:00:00
1.35,Lyft,2018-12-13 13:40:06.809,South Station,Back Bay,3.5,1.0,Shared,2018-12-13 13:00:00
3.14,Lyft,2018-11-30 10:13:00.103,West End,Boston University,7.0,1.0,Shared,2018-11-30 10:00:00
2.46,Uber,2018-11-30 09:18:02.082,Beacon Hill,Fenway,15.0,1.0,UberXL,2018-11-30 09:00:00
3.53,Uber,2018-11-28 22:38:08.106,Back Bay,South Station,17.0,1.0,UberXL,2018-11-28 22:00:00
0.59,Lyft,2018-12-17 09:40:04.973,Financial District,South Station,5.0,1.0,Shared,2018-12-17 09:00:00
1.5,Lyft,2018-11-29 02:05:08.097,Boston University,Back Bay,13.5,1.0,Lux,2018-11-29 02:00:00
0.72,Lyft,2018-12-14 20:25:12.469,Haymarket Square,North Station,16.5,1.0,Lux Black,2018-12-14 20:00:00
1.3,Uber,2018-12-03 17:13:04.239,Theatre District,South Station,18.0,1.0,Black,2018-12-03 17:00:00
2.17,Uber,2018-12-03 23:27:56.084,South Station,North Station,8.5,1.0,UberPool,2018-12-03 23:00:00
1.72,Lyft,2018-11-28 12:26:07.926,North End,Theatre District,5.0,1.0,Shared,2018-11-28 12:00:00
1.49,Lyft,2018-12-03 14:42:56.453,South Station,Back Bay,7.0,1.0,Lyft,2018-12-03 14:00:00
1.08,Uber,2018-11-29 03:19:34.483,North End,North Station,9.0,1.0,WAV,2018-11-29 03:00:00
1.58,Lyft,2018-11-30 19:03:00.123,North End,Beacon Hill,22.5,1.25,Lux,2018-11-30 19:00:00
1.43,Uber,2018-12-14 05:15:03.452,Back Bay,Northeastern University,7.5,1.0,UberPool,2018-12-14 05:00:00
3.45,Uber,2018-12-18 15:55:05.216,South Station,Back Bay,35.0,1.0,Black SUV,2018-12-18 15:00:00
1.72,Uber,2018-12-17 05:55:07.231,South Station,West End,16.5,1.0,UberXL,2018-12-17 05:00:00
0.63,Lyft,2018-12-10 01:58:40.529,South Station,Theatre District,5.0,1.0,Shared,2018-12-10 01:00:00
0.78,Lyft,2018-11-28 10:46:26.721,Haymarket Square,West End,7.0,1.0,Lyft,2018-11-28 10:00:00
0.72,Lyft,2018-11-27 01:36:23.980,Haymarket Square,North Station,3.5,1.0,Shared,2018-11-27 01:00:00
3.96,Uber,2018-12-01 22:38:03.387,Financial District,Boston University,13.5,1.0,UberX,2018-12-01 22:00:00
1.08,Uber,2018-12-18 01:55:10.098,North End,North Station,26.0,1.0,Black SUV,2018-12-18 01:00:00
1.92,Uber,2018-12-17 16:25:15.079,Northeastern University,Beacon Hill,30.5,1.0,Black SUV,2018-12-17 16:00:00
1.56,Uber,2018-12-02 11:18:05.019,Back Bay,Boston University,12.0,1.0,UberXL,2018-12-02 11:00:00
2.09,Lyft,2018-11-29 02:02:08.859,South Station,North Station,13.5,1.0,Lyft XL,2018-11-29 02:00:00
2.46,Uber,2018-12-02 14:43:06.154,Beacon Hill,Fenway,8.5,1.0,UberPool,2018-12-02 14:00:00
2.97,Lyft,2018-12-16 21:35:09.336,Fenway,West End,10.5,1.25,Lyft,2018-12-16 21:00:00
5.44,Lyft,2018-12-03 02:13:02.872,Boston University,Financial District,38.0,1.0,Lux Black,2018-12-03 02:00:00
1.08,Lyft,2018-11-26 15:50:10.455,Haymarket Square,Financial District,10.5,1.0,Lyft XL,2018-11-26 15:00:00
4.12,Lyft,2018-12-01 00:53:04.295,Financial District,Northeastern University,45.5,1.0,Lux Black XL,2018-12-01 00:00:00
1.93,Lyft,2018-11-28 22:08:08.207,Beacon Hill,North End,19.5,1.0,Lux Black,2018-11-28 22:00:00
1.61,Uber,2018-11-29 06:49:52.062,Haymarket Square,Theatre District,9.0,1.0,UberPool,2018-11-29 06:00:00
3.08,Uber,2018-12-02 03:23:00.496,Northeastern University,West End,30.5,1.0,Black SUV,2018-12-02 03:00:00
2.46,Uber,2018-12-16 18:55:06.870,Beacon Hill,Fenway,22.0,1.0,Black,2018-12-16 18:00:00
7.46,Uber,2018-12-17 13:55:08.892,Northeastern University,Financial District,38.0,1.0,Black,2018-12-17 13:00:00
2.84,Uber,2018-11-29 20:58:03.880,Fenway,West End,10.5,1.0,WAV,2018-11-29 20:00:00
4.4,Uber,2018-11-29 08:18:00.666,Financial District,Fenway,36.0,1.0,Black SUV,2018-11-29 08:00:00
1.04,Lyft,2018-11-30 11:18:02.271,Northeastern University,Back Bay,26.0,1.0,Lux Black XL,2018-11-30 11:00:00
2.36,Lyft,2018-11-27 18:21:23.550,North Station,South Station,9.0,1.0,Lyft,2018-11-27 18:00:00
2.72,Uber,2018-11-27 00:54:21.952,West End,Fenway,9.5,1.0,UberPool,2018-11-27 00:00:00
3.3,Uber,2018-12-15 23:50:12.700,Northeastern University,North Station,32.5,1.0,UberXL,2018-12-15 23:00:00
2.38,Lyft,2018-11-27 09:30:22.252,Fenway,Beacon Hill,9.0,1.0,Lyft,2018-11-27 09:00:00
2.4,Lyft,2018-12-01 12:07:58.473,Back Bay,Boston University,22.5,1.0,Lux Black,2018-12-01 12:00:00
3.4,Lyft,2018-11-28 23:28:40.102,Northeastern University,Financial District,13.5,1.0,Lyft,2018-11-28 23:00:00
1.22,Uber,2018-11-30 19:58:10.764,Northeastern University,Back Bay,7.5,1.0,UberX,2018-11-30 19:00:00
2.84,Uber,2018-11-26 17:05:09.777,Fenway,West End,28.0,1.0,UberXL,2018-11-26 17:00:00
2.15,Lyft,2018-11-27 22:06:24.382,Northeastern University,Theatre District,7.0,1.0,Shared,2018-11-27 22:00:00
1.26,Lyft,2018-12-13 03:45:05.648,Haymarket Square,Financial District,7.0,1.0,Lyft,2018-12-13 03:00:00
2.95,Lyft,2018-11-28 17:02:08.386,Theatre District,Boston University,32.5,1.0,Lux Black XL,2018-11-28 17:00:00
1.56,Uber,2018-12-15 15:05:13.550,South Station,West End,27.0,1.0,Black SUV,2018-12-15 15:00:00
3.05,Lyft,2018-12-14 11:25:10.061,Back Bay,Haymarket Square,10.5,1.0,Lyft,2018-12-14 11:00:00
1.72,Lyft,2018-11-26 04:49:37.909,North End,Theatre District,19.5,1.0,Lux Black,2018-11-26 04:00:00
2.36,Lyft,2018-11-29 04:35:07.733,Back Bay,Haymarket Square,30.0,1.0,Lux Black XL,2018-11-29 04:00:00
1.5,Uber,2018-11-28 19:08:08.327,Back Bay,Fenway,7.0,1.0,UberX,2018-11-28 19:00:00
2.66,Lyft,2018-11-29 23:33:00.873,Beacon Hill,Boston University,16.5,1.0,Lyft XL,2018-11-29 23:00:00
0.39,Uber,2018-12-18 08:50:12.090,South Station,Financial District,9.0,1.0,UberXL,2018-12-18 08:00:00
3.03,Lyft,2018-12-18 05:50:11.695,Theatre District,Boston University,7.0,1.0,Shared,2018-12-18 05:00:00
1.04,Uber,2018-12-01 01:28:02.406,Financial District,North End,8.0,1.0,UberX,2018-12-01 01:00:00
1.44,Uber,2018-12-02 17:07:56.247,Boston University,Back Bay,8.5,1.0,UberX,2018-12-02 17:00:00
1.99,Uber,2018-12-03 21:03:04.052,Haymarket Square,North Station,9.5,1.0,UberX,2018-12-03 21:00:00
2.1,Lyft,2018-12-02 04:48:04.906,South Station,North Station,7.0,1.0,Shared,2018-12-02 04:00:00
1.05,Lyft,2018-12-14 01:30:12.591,Northeastern University,Back Bay,27.5,1.0,Lux Black XL,2018-12-14 01:00:00
0.46,Lyft,2018-12-04 01:02:58.404,South Station,Financial District,13.5,1.25,Lux,2018-12-04 01:00:00
1.24,Lyft,2018-12-01 02:18:08.631,Theatre District,Haymarket Square,16.5,1.0,Lux Black,2018-12-01 02:00:00
1.09,Lyft,2018-11-27 20:12:21.964,Theatre District,South Station,27.5,1.0,Lux Black XL,2018-11-27 20:00:00
4.48,Uber,2018-11-28 09:44:07.225,Fenway,Financial District,43.0,1.0,Black SUV,2018-11-28 09:00:00
5.37,Lyft,2018-11-29 01:02:08.714,Boston University,Financial District,10.5,1.0,Shared,2018-11-29 01:00:00
4.76,Lyft,2018-11-28 23:08:07.848,Financial District,Boston University,22.5,1.0,Lux,2018-11-28 23:00:00
3.26,Lyft,2018-11-26 22:48:10.810,North Station,Fenway,30.0,1.0,Lux Black,2018-11-26 22:00:00
2.91,Lyft,2018-11-27 00:42:14.404,Theatre District,Boston University,34.0,1.0,Lux Black XL,2018-11-27 00:00:00
1.96,Lyft,2018-12-16 21:10:11.268,Theatre District,Northeastern University,11.0,1.25,Lyft,2018-12-16 21:00:00
0.99,Uber,2018-12-01 05:08:02.320,Financial District,Haymarket Square,7.0,1.0,UberX,2018-12-01 05:00:00
1.64,Uber,2018-11-28 09:50:13.608,Back Bay,Northeastern University,18.0,1.0,Black,2018-11-28 09:00:00
2.38,Uber,2018-12-16 03:10:10.571,Theatre District,Fenway,20.5,1.0,Black,2018-12-16 03:00:00
1.01,Lyft,2018-12-14 15:50:12.080,Financial District,Haymarket Square,10.5,1.0,Lyft XL,2018-12-14 15:00:00
3.01,Lyft,2018-12-17 02:25:09.939,North End,Back Bay,9.0,1.0,Shared,2018-12-17 02:00:00
1.44,Uber,2018-11-26 09:41:09.897,Boston University,Back Bay,8.0,1.0,UberX,2018-11-26 09:00:00
1.45,Lyft,2018-12-01 11:48:00.418,Boston University,Back Bay,19.5,1.0,Lux Black,2018-12-01 11:00:00
3.64,Uber,2018-12-18 16:20:05.737,Financial District,Fenway,13.0,1.0,UberX,2018-12-18 16:00:00
3.61,Uber,2018-12-15 21:30:11.460,Back Bay,North End,11.5,1.0,UberX,2018-12-15 21:00:00
1.02,Lyft,2018-12-13 17:40:09.634,North Station,North End,11.0,1.0,Lyft XL,2018-12-13 17:00:00
0.75,Lyft,2018-11-26 05:36:26.258,Haymarket Square,West End,10.5,1.0,Lyft XL,2018-11-26 05:00:00
2.14,Uber,2018-12-16 19:20:03.693,South Station,West End,19.5,1.0,Black,2018-12-16 19:00:00
2.3,Uber,2018-12-04 00:27:59.029,Back Bay,Haymarket Square,9.0,1.0,UberX,2018-12-04 00:00:00
1.64,Uber,2018-11-29 12:48:02.132,Back Bay,Northeastern University,13.5,1.0,UberXL,2018-11-29 12:00:00
1.39,Lyft,2018-11-26 23:27:16.879,Fenway,Back Bay,16.5,1.0,Lux Black,2018-11-26 23:00:00
2.19,Uber,2018-12-02 20:47:59.754,North End,Beacon Hill,19.5,1.0,Black,2018-12-02 20:00:00
3.04,Uber,2018-12-03 23:53:01.456,West End,Boston University,7.5,1.0,UberPool,2018-12-03 23:00:00
2.27,Uber,2018-12-14 15:40:09.830,Boston University,Beacon Hill,22.0,1.0,Black,2018-12-14 15:00:00
2.01,Lyft,2018-12-01 12:02:56.652,Back Bay,Haymarket Square,16.5,1.0,Lux,2018-12-01 12:00:00
0.73,Lyft,2018-11-27 19:00:24.075,Haymarket Square,North Station,5.0,1.0,Shared,2018-11-27 19:00:00
2.68,Lyft,2018-12-02 08:32:56.388,Beacon Hill,Boston University,22.5,1.0,Lux Black,2018-12-02 08:00:00
5.7,Uber,2018-11-27 13:24:23.628,Boston University,Financial District,15.0,1.0,UberX,2018-11-27 13:00:00
2.33,Lyft,2018-12-01 07:28:03.894,Fenway,Beacon Hill,16.5,1.0,Lux,2018-12-01 07:00:00
2.27,Uber,2018-12-01 06:18:05.120,Boston University,Beacon Hill,20.5,1.0,Black,2018-12-01 06:00:00
1.46,Lyft,2018-12-15 11:45:10.232,Back Bay,Fenway,13.5,1.0,Lyft XL,2018-12-15 11:00:00
1.6,Lyft,2018-12-14 00:30:07.376,North End,Beacon Hill,19.5,1.0,Lux Black,2018-12-14 00:00:00
4.78,Lyft,2018-11-29 18:53:03.479,Financial District,Boston University,42.5,1.0,Lux Black XL,2018-11-29 18:00:00
2.98,Uber,2018-11-30 09:08:00.087,Theatre District,Boston University,11.0,1.0,UberX,2018-11-30 09:00:00
1.53,Lyft,2018-11-28 11:05:08.173,Back Bay,Boston University,19.5,1.0,Lux Black,2018-11-28 11:00:00
0.72,Lyft,2018-12-13 09:00:08.220,Haymarket Square,North Station,34.0,1.25,Lux Black XL,2018-12-13 09:00:00
1.8,Lyft,2018-12-02 03:23:02.300,North End,Theatre District,27.5,1.0,Lux Black XL,2018-12-02 03:00:00
1.34,Uber,2018-11-29 17:23:00.025,Fenway,Back Bay,10.0,1.0,UberPool,2018-11-29 17:00:00
0.71,Lyft,2018-12-14 10:55:07.018,West End,Haymarket Square,26.0,1.0,Lux Black XL,2018-12-14 10:00:00
3.2,Uber,2018-11-30 09:18:01.567,Northeastern University,West End,10.5,1.0,WAV,2018-11-30 09:00:00
0.56,Uber,2018-11-28 10:11:23.018,Haymarket Square,North Station,7.0,1.0,UberX,2018-11-28 10:00:00
4.1,Lyft,2018-11-30 00:33:00.754,Financial District,Fenway,34.0,1.0,Lux Black,2018-11-30 00:00:00
2.2,Uber,2018-12-16 19:20:10.211,Haymarket Square,Back Bay,17.0,1.0,UberXL,2018-12-16 19:00:00
1.29,Lyft,2018-12-04 05:42:56.111,Haymarket Square,Financial District,3.5,1.0,Shared,2018-12-04 05:00:00
2.19,Uber,2018-11-28 17:26:08.047,North End,Beacon Hill,27.0,1.0,Black SUV,2018-11-28 17:00:00
3.22,Uber,2018-11-28 22:28:44.279,North Station,Northeastern University,16.0,1.0,UberXL,2018-11-28 22:00:00
2.26,Lyft,2018-12-15 13:15:12.641,South Station,Beacon Hill,32.5,1.0,Lux Black XL,2018-12-15 13:00:00
1.76,Lyft,2018-11-28 11:50:07.922,North End,Beacon Hill,22.5,1.0,Lux Black,2018-11-28 11:00:00
2.19,Uber,2018-11-27 01:17:22.984,North End,Beacon Hill,9.0,1.0,UberX,2018-11-27 01:00:00
3.07,Uber,2018-11-28 10:44:08.247,North Station,Fenway,7.5,1.0,UberPool,2018-11-28 10:00:00
1.29,Lyft,2018-11-27 23:24:23.802,Haymarket Square,Financial District,11.0,1.0,Lyft XL,2018-11-27 23:00:00
2.27,Uber,2018-11-27 17:45:23.468,Boston University,Beacon Hill,9.5,1.0,UberX,2018-11-27 17:00:00
2.33,Uber,2018-11-30 15:38:02.730,Back Bay,North End,10.5,1.0,UberX,2018-11-30 15:00:00
0.39,Uber,2018-11-28 11:56:08.201,South Station,Financial District,7.0,1.0,UberX,2018-11-28 11:00:00
3.37,Uber,2018-11-29 01:43:38.712,Northeastern University,North Station,17.5,1.0,UberXL,2018-11-29 01:00:00
0.91,Uber,2018-12-18 15:35:13.190,Beacon Hill,Haymarket Square,8.5,1.0,WAV,2018-12-18 15:00:00
2.66,Uber,2018-12-01 01:13:08.693,Theatre District,Fenway,31.5,1.0,Black SUV,2018-12-01 01:00:00
2.49,Lyft,2018-12-13 13:20:07.597,Theatre District,Fenway,16.5,1.0,Lyft XL,2018-12-13 13:00:00
2.36,Uber,2018-12-02 11:38:02.961,Haymarket Square,Beacon Hill,9.5,1.0,WAV,2018-12-02 11:00:00
2.71,Uber,2018-12-13 19:35:12.130,West End,Fenway,16.0,1.0,UberXL,2018-12-13 19:00:00
2.33,Lyft,2018-12-16 06:10:04.727,Boston University,Beacon Hill,30.0,1.0,Lux Black XL,2018-12-16 06:00:00
3.07,Uber,2018-12-09 23:18:27.685,North Station,Fenway,12.5,1.0,UberPool,2018-12-09 23:00:00
2.9,Lyft,2018-11-26 23:15:14.407,Boston University,West End,10.5,1.0,Lyft,2018-11-26 23:00:00
2.7,Uber,2018-11-27 19:12:21.988,North End,Back Bay,9.5,1.0,UberX,2018-11-27 19:00:00
2.62,Uber,2018-11-29 21:26:56.470,Boston University,Theatre District,9.0,1.0,UberPool,2018-11-29 21:00:00
1.07,Lyft,2018-11-26 19:14:10.280,North End,North Station,7.0,1.0,Lyft,2018-11-26 19:00:00
1.96,Lyft,2018-12-01 20:47:57.672,Back Bay,Boston University,13.5,1.0,Lyft XL,2018-12-01 20:00:00
3.23,Uber,2018-12-18 04:40:11.501,North Station,Northeastern University,11.5,1.0,UberX,2018-12-18 04:00:00
1.01,Lyft,2018-12-18 01:55:12.309,Financial District,Haymarket Square,16.5,1.0,Lux Black,2018-12-18 01:00:00
3.42,Lyft,2018-11-26 06:25:01.753,Financial District,Fenway,34.0,1.0,Lux Black,2018-11-26 06:00:00
2.62,Lyft,2018-12-03 01:23:00.851,Beacon Hill,South Station,32.5,1.0,Lux Black XL,2018-12-03 01:00:00
2.66,Uber,2018-11-27 00:15:14.076,Fenway,Theatre District,9.5,1.0,UberPool,2018-11-27 00:00:00
2.19,Uber,2018-11-26 10:08:10.178,North End,Beacon Hill,13.5,1.0,UberXL,2018-11-26 10:00:00
2.66,Uber,2018-12-01 09:32:58.275,Theatre District,Fenway,9.5,1.0,WAV,2018-12-01 09:00:00
2.44,Uber,2018-12-01 15:28:01.342,Northeastern University,Financial District,25.0,1.0,Black,2018-12-01 15:00:00
2.34,Lyft,2018-11-30 05:58:04.925,Beacon Hill,South Station,26.0,1.0,Lux Black,2018-11-30 05:00:00
1.08,Lyft,2018-12-13 20:15:09.645,Northeastern University,Back Bay,5.0,1.0,Shared,2018-12-13 20:00:00
1.01,Uber,2018-12-13 16:45:11.896,North End,West End,5.5,1.0,UberPool,2018-12-13 16:00:00
3.44,Uber,2018-11-27 11:33:22.216,Back Bay,South Station,11.5,1.0,WAV,2018-11-27 11:00:00
2.4,Lyft,2018-12-18 10:10:05.571,Haymarket Square,Back Bay,10.5,1.0,Lyft,2018-12-18 10:00:00
2.62,Uber,2018-12-15 15:00:09.805,Boston University,Theatre District,10.5,1.0,WAV,2018-12-15 15:00:00
4.8,Lyft,2018-12-15 06:15:07.477,Boston University,Theatre District,32.5,1.0,Lux Black,2018-12-15 06:00:00
1.39,Uber,2018-12-02 16:58:04.918,Boston University,Back Bay,15.0,1.0,Black,2018-12-02 16:00:00
1.55,Lyft,2018-11-27 22:06:23.097,South Station,North Station,27.5,1.0,Lux Black XL,2018-11-27 22:00:00
2.24,Lyft,2018-12-14 21:55:10.591,South Station,Beacon Hill,16.5,1.0,Lux,2018-12-14 21:00:00
2.0,Lyft,2018-12-14 16:45:10.102,Back Bay,Haymarket Square,32.5,1.0,Lux Black XL,2018-12-14 16:00:00
1.81,Lyft,2018-11-29 08:32:57.351,Haymarket Square,Theatre District,16.5,1.0,Lux,2018-11-29 08:00:00
3.05,Lyft,2018-11-27 00:14:28.984,West End,Boston University,7.0,1.0,Shared,2018-11-27 00:00:00
2.44,Lyft,2018-12-13 22:10:06.884,Beacon Hill,Northeastern University,16.5,1.0,Lux,2018-12-13 22:00:00
1.34,Uber,2018-11-30 01:38:04.118,Fenway,Back Bay,16.0,1.0,Black,2018-11-30 01:00:00
0.55,Uber,2018-12-02 11:48:04.448,South Station,Theatre District,26.0,1.0,Black SUV,2018-12-02 11:00:00
2.19,Uber,2018-11-28 15:32:07.973,North End,Beacon Hill,20.5,1.0,Black,2018-11-28 15:00:00
3.39,Uber,2018-11-28 14:35:08.796,North Station,Boston University,23.0,1.0,Black,2018-11-28 14:00:00
3.39,Uber,2018-12-03 04:17:58.875,Northeastern University,North Station,10.5,1.0,WAV,2018-12-03 04:00:00
1.61,Uber,2018-12-15 06:40:14.097,Haymarket Square,Theatre District,13.0,1.0,UberXL,2018-12-15 06:00:00
3.04,Uber,2018-11-28 23:03:41.076,West End,Boston University,10.0,1.0,UberPool,2018-11-28 23:00:00
1.05,Lyft,2018-12-01 08:27:56.510,North End,West End,13.5,1.0,Lux,2018-12-01 08:00:00
2.84,Uber,2018-12-15 08:35:07.739,Fenway,West End,16.5,1.0,UberX,2018-12-15 08:00:00
1.0,Uber,2018-12-02 15:18:02.370,Financial District,Haymarket Square,7.0,1.0,WAV,2018-12-02 15:00:00
1.5,Uber,2018-11-27 04:51:22.018,Back Bay,Fenway,27.5,1.0,Black SUV,2018-11-27 04:00:00
3.24,Lyft,2018-12-15 01:05:10.794,North Station,Fenway,7.0,1.0,Shared,2018-12-15 01:00:00
2.75,Lyft,2018-12-15 22:20:03.457,Theatre District,Fenway,26.0,1.0,Lux Black,2018-12-15 22:00:00
2.83,Lyft,2018-12-17 16:30:03.453,Back Bay,North End,26.0,1.0,Lux Black,2018-12-17 16:00:00
1.36,Lyft,2018-12-17 01:50:11.185,South Station,Back Bay,22.5,1.0,Lux Black,2018-12-17 01:00:00
3.25,Lyft,2018-12-14 12:55:09.223,Back Bay,South Station,13.5,1.0,Lyft,2018-12-14 12:00:00
2.32,Uber,2018-12-16 19:55:13.269,Haymarket Square,Back Bay,21.5,1.0,Black,2018-12-16 19:00:00
3.1,Lyft,2018-11-27 17:06:23.974,Fenway,Theatre District,11.0,1.0,Lyft,2018-11-27 17:00:00
1.3,Uber,2018-11-28 18:50:08.259,Theatre District,South Station,9.5,1.0,WAV,2018-11-28 18:00:00
3.22,Uber,2018-12-17 00:55:15.366,North Station,Northeastern University,9.0,1.0,UberPool,2018-12-17 00:00:00
1.75,Lyft,2018-12-15 13:10:08.799,North End,Beacon Hill,19.5,1.0,Lux Black,2018-12-15 13:00:00
1.05,Lyft,2018-12-01 02:13:05.379,North End,West End,19.5,1.25,Lux Black,2018-12-01 02:00:00
3.39,Uber,2018-12-15 03:40:12.073,Northeastern University,North Station,19.5,1.0,UberXL,2018-12-15 03:00:00
2.5,Lyft,2018-11-28 09:59:07.319,Northeastern University,Beacon Hill,7.0,1.0,Shared,2018-11-28 09:00:00
2.78,Lyft,2018-12-14 10:50:03.572,Back Bay,North End,19.5,1.0,Lux,2018-12-14 10:00:00
0.52,Uber,2018-12-09 23:18:27.156,Beacon Hill,Haymarket Square,6.5,1.0,UberX,2018-12-09 23:00:00
2.9,Uber,2018-12-04 00:27:58.848,Fenway,West End,18.0,1.0,UberXL,2018-12-04 00:00:00
1.28,Uber,2018-11-27 18:24:22.028,Theatre District,South Station,9.5,1.0,WAV,2018-11-27 18:00:00
1.19,Uber,2018-12-16 02:05:07.670,North End,North Station,26.0,1.0,Black SUV,2018-12-16 02:00:00
2.73,Uber,2018-11-26 09:56:09.590,Back Bay,North End,25.0,1.0,Black,2018-11-26 09:00:00
2.32,Uber,2018-12-01 06:27:59.999,Haymarket Square,Back Bay,12.0,1.0,UberPool,2018-12-01 06:00:00
2.93,Lyft,2018-12-14 13:30:13.458,Theatre District,Boston University,32.5,1.0,Lux Black XL,2018-12-14 13:00:00
2.97,Lyft,2018-11-27 08:51:22.159,North End,Back Bay,11.0,1.0,Lyft,2018-11-27 08:00:00
0.57,Lyft,2018-11-26 17:32:10.658,North Station,Haymarket Square,3.5,1.0,Shared,2018-11-26 17:00:00
2.84,Uber,2018-12-18 11:15:05.256,Fenway,West End,8.5,1.0,UberPool,2018-12-18 11:00:00
3.47,Lyft,2018-12-03 06:32:59.153,North Station,Boston University,38.0,1.0,Lux Black XL,2018-12-03 06:00:00
4.87,Lyft,2018-11-27 08:18:22.171,Boston University,Theatre District,13.5,1.0,Lyft,2018-11-27 08:00:00
0.61,Uber,2018-12-18 12:05:12.071,West End,Haymarket Square,7.5,1.0,UberX,2018-12-18 12:00:00
1.64,Uber,2018-11-28 16:26:07.987,Back Bay,Northeastern University,8.0,1.0,WAV,2018-11-28 16:00:00
1.99,Lyft,2018-11-29 13:12:59.731,South Station,North Station,10.5,1.0,Lyft,2018-11-29 13:00:00
1.03,Uber,2018-11-28 14:23:08.163,North Station,North End,12.0,1.0,UberXL,2018-11-28 14:00:00
3.14,Lyft,2018-11-29 16:33:02.809,West End,Boston University,10.5,1.0,Lyft,2018-11-29 16:00:00
1.92,Uber,2018-12-17 22:50:10.813,Northeastern University,Beacon Hill,15.0,1.0,UberXL,2018-12-17 22:00:00
0.99,Uber,2018-11-28 17:32:08.406,Financial District,Haymarket Square,7.0,1.0,WAV,2018-11-28 17:00:00
1.23,Lyft,2018-12-03 14:27:58.812,Theatre District,Haymarket Square,3.5,1.0,Shared,2018-12-03 14:00:00
1.02,Lyft,2018-12-04 01:32:57.173,Northeastern University,Back Bay,26.0,1.0,Lux Black XL,2018-12-04 01:00:00
2.66,Uber,2018-12-13 21:35:12.699,Theatre District,Fenway,10.5,1.0,WAV,2018-12-13 21:00:00
2.46,Uber,2018-11-29 20:23:05.788,Beacon Hill,Fenway,8.5,1.0,UberPool,2018-11-29 20:00:00
2.27,Uber,2018-12-03 16:48:00.844,Boston University,Beacon Hill,26.5,1.0,Black SUV,2018-12-03 16:00:00
3.04,Uber,2018-12-16 02:55:05.720,West End,Boston University,17.0,1.0,UberXL,2018-12-16 02:00:00
1.23,Lyft,2018-12-14 01:55:12.462,Back Bay,Northeastern University,3.0,1.0,Shared,2018-12-14 01:00:00
3.47,Lyft,2018-12-15 10:30:09.559,Back Bay,North End,38.5,1.0,Lux Black XL,2018-12-15 10:00:00
0.72,Uber,2018-12-17 21:20:04.051,Haymarket Square,West End,7.5,1.0,WAV,2018-12-17 21:00:00
1.45,Lyft,2018-12-02 03:18:01.852,Fenway,Back Bay,13.5,1.0,Lux,2018-12-02 03:00:00
2.31,Uber,2018-11-29 21:47:56.444,Fenway,Beacon Hill,8.5,1.0,UberPool,2018-11-29 21:00:00
4.55,Lyft,2018-11-27 08:36:21.917,Fenway,Financial District,9.0,1.0,Shared,2018-11-27 08:00:00
4.53,Lyft,2018-12-14 05:10:13.864,Fenway,Financial District,30.0,1.0,Lux Black,2018-12-14 05:00:00
3.41,Lyft,2018-11-27 01:21:23.266,Northeastern University,Financial District,11.0,1.0,Lyft,2018-11-27 01:00:00
2.74,Lyft,2018-12-01 04:28:04.790,North End,Back Bay,34.0,1.0,Lux Black XL,2018-12-01 04:00:00
3.47,Lyft,2018-12-16 17:50:09.086,North Station,Boston University,10.5,1.0,Lyft,2018-12-16 17:00:00
3.44,Uber,2018-12-18 12:55:08.932,Back Bay,South Station,16.5,1.0,UberXL,2018-12-18 12:00:00
0.82,Uber,2018-11-26 18:20:09.809,Financial District,Haymarket Square,8.0,1.0,UberPool,2018-11-26 18:00:00
2.8,Uber,2018-12-16 00:05:06.292,Boston University,West End,18.5,1.0,UberXL,2018-12-16 00:00:00
1.08,Uber,2018-12-03 04:08:01.854,North End,North Station,11.5,1.0,UberXL,2018-12-03 04:00:00
2.66,Uber,2018-11-27 05:36:23.820,Fenway,Theatre District,9.5,1.0,UberX,2018-11-27 05:00:00
1.57,Uber,2018-12-17 16:25:06.425,North End,Theatre District,18.5,1.0,Black,2018-12-17 16:00:00
2.17,Uber,2018-12-14 07:20:09.811,South Station,North Station,9.0,1.0,UberPool,2018-12-14 07:00:00
1.34,Uber,2018-12-17 00:50:03.398,Fenway,Back Bay,15.0,1.0,Black,2018-12-17 00:00:00
1.81,Uber,2018-12-18 14:35:09.105,Northeastern University,Theatre District,18.0,1.0,Black,2018-12-18 14:00:00
2.35,Uber,2018-12-09 23:13:27.030,North End,Back Bay,16.5,1.0,UberXL,2018-12-09 23:00:00
0.65,Lyft,2018-12-14 05:45:15.634,West End,Haymarket Square,26.0,1.0,Lux Black XL,2018-12-14 05:00:00
1.73,Lyft,2018-12-03 11:03:02.529,West End,South Station,13.5,1.0,Lyft XL,2018-12-03 11:00:00
4.55,Uber,2018-12-04 02:18:04.692,Financial District,Northeastern University,28.5,1.0,Black,2018-12-04 02:00:00
1.46,Uber,2018-12-17 11:30:03.440,North End,Beacon Hill,14.0,1.0,UberXL,2018-12-17 11:00:00
1.39,Lyft,2018-12-01 12:28:02.340,Fenway,Back Bay,26.0,1.0,Lux Black XL,2018-12-01 12:00:00
2.61,Lyft,2018-12-17 10:55:14.635,Beacon Hill,South Station,13.5,1.0,Lyft XL,2018-12-17 10:00:00
3.5,Lyft,2018-12-15 04:05:11.461,North Station,Boston University,19.5,1.0,Lux,2018-12-15 04:00:00
3.31,Lyft,2018-12-13 17:50:10.483,Northeastern University,North Station,26.0,1.0,Lux Black,2018-12-13 17:00:00
1.41,Uber,2018-11-29 14:28:02.808,Theatre District,North End,8.0,1.0,UberPool,2018-11-29 14:00:00
2.86,Uber,2018-12-15 06:55:15.011,West End,Northeastern University,9.0,1.0,WAV,2018-12-15 06:00:00
2.48,Uber,2018-12-13 19:50:12.129,South Station,Beacon Hill,8.5,1.0,WAV,2018-12-13 19:00:00
0.49,Uber,2018-12-16 19:35:09.954,North Station,Haymarket Square,7.0,1.0,WAV,2018-12-16 19:00:00
2.84,Uber,2018-11-29 02:06:47.800,Fenway,West End,9.5,1.0,WAV,2018-11-29 02:00:00
2.93,Lyft,2018-12-01 18:48:00.154,Fenway,West End,10.5,1.0,Lyft,2018-12-01 18:00:00
1.43,Lyft,2018-11-29 03:44:08.223,Back Bay,Fenway,13.5,1.0,Lux,2018-11-29 03:00:00
3.19,Lyft,2018-11-29 22:03:00.384,Fenway,North Station,19.5,1.0,Lux,2018-11-29 22:00:00
1.46,Lyft,2018-11-29 07:18:01.864,Back Bay,Fenway,13.5,1.0,Lux,2018-11-29 07:00:00
3.42,Lyft,2018-12-04 00:37:59.175,Northeastern University,Financial District,9.0,1.0,Shared,2018-12-04 00:00:00
1.06,Lyft,2018-11-27 11:51:21.965,Northeastern University,Back Bay,38.5,1.5,Lux Black XL,2018-11-27 11:00:00
0.77,Lyft,2018-11-30 19:43:08.669,Haymarket Square,West End,27.5,1.0,Lux Black XL,2018-11-30 19:00:00
1.28,Lyft,2018-12-15 21:55:05.391,Haymarket Square,Financial District,16.5,1.0,Lux Black,2018-12-15 21:00:00
1.41,Lyft,2018-12-15 14:25:14.490,Fenway,Back Bay,16.5,1.0,Lux Black,2018-12-15 14:00:00
1.08,Lyft,2018-12-03 16:08:01.151,North End,North Station,5.0,1.0,Shared,2018-12-03 16:00:00
1.24,Lyft,2018-11-27 10:03:22.365,Beacon Hill,Haymarket Square,7.0,1.0,Shared,2018-11-27 10:00:00
3.01,Uber,2018-12-18 17:55:06.614,Boston University,North Station,23.0,1.0,Black,2018-12-18 17:00:00
2.38,Lyft,2018-12-14 16:35:08.860,North Station,South Station,16.5,1.0,Lux,2018-12-14 16:00:00
3.01,Uber,2018-11-27 18:36:22.147,Boston University,North Station,10.0,1.0,UberPool,2018-11-27 18:00:00
3.07,Uber,2018-12-15 07:05:03.639,North Station,Fenway,10.0,1.0,UberPool,2018-12-15 07:00:00
2.84,Uber,2018-11-29 08:28:00.811,Back Bay,North End,11.5,1.0,WAV,2018-11-29 08:00:00
4.76,Uber,2018-11-28 10:38:07.673,Financial District,Boston University,32.0,1.0,Black,2018-11-28 10:00:00
4.41,Lyft,2018-11-29 03:23:07.861,Financial District,Boston University,13.5,1.0,Lyft,2018-11-29 03:00:00
0.99,Uber,2018-12-15 23:30:12.517,Financial District,Haymarket Square,7.0,1.0,UberPool,2018-12-15 23:00:00
2.33,Lyft,2018-12-18 09:30:12.644,Fenway,Beacon Hill,16.5,1.0,Lux,2018-12-18 09:00:00
3.24,Lyft,2018-12-15 22:50:11.938,North Station,Fenway,16.5,1.0,Lyft XL,2018-12-15 22:00:00
2.83,Lyft,2018-12-15 02:00:05.657,Northeastern University,Theatre District,7.0,1.0,Shared,2018-12-15 02:00:00
3.07,Uber,2018-11-26 19:38:11.506,North Station,Fenway,21.0,1.0,Black,2018-11-26 19:00:00
3.22,Uber,2018-11-26 22:54:10.928,North Station,Northeastern University,10.5,1.0,UberX,2018-11-26 22:00:00
2.74,Lyft,2018-12-15 08:00:08.417,Theatre District,Fenway,32.5,1.0,Lux Black XL,2018-12-15 08:00:00
2.79,Uber,2018-11-29 03:41:08.092,Beacon Hill,Boston University,15.0,1.0,UberXL,2018-11-29 03:00:00
4.72,Uber,2018-12-02 04:58:04.880,Financial District,Boston University,13.0,1.0,WAV,2018-12-02 04:00:00
3.21,Lyft,2018-11-30 08:27:55.601,Fenway,North Station,19.5,1.0,Lux,2018-11-30 08:00:00
2.44,Uber,2018-12-13 15:50:04.969,Northeastern University,Financial District,9.5,1.0,UberX,2018-12-13 15:00:00
0.54,Uber,2018-11-26 10:59:09.499,Financial District,South Station,6.5,1.0,WAV,2018-11-26 10:00:00
1.97,Lyft,2018-12-16 00:55:08.437,North Station,South Station,16.5,1.0,Lux,2018-12-16 00:00:00
0.65,Lyft,2018-12-14 07:55:04.862,Financial District,South Station,3.5,1.0,Shared,2018-12-14 07:00:00
1.06,Lyft,2018-12-14 18:15:10.632,Northeastern University,Back Bay,19.5,1.25,Lux Black,2018-12-14 18:00:00
2.61,Uber,2018-12-15 14:20:15.405,Beacon Hill,Northeastern University,31.0,1.0,Black SUV,2018-12-15 14:00:00
1.07,Lyft,2018-11-30 06:23:02.890,North End,North Station,7.0,1.0,Lyft,2018-11-30 06:00:00
0.72,Lyft,2018-12-02 11:53:04.765,Haymarket Square,North Station,5.0,1.0,Shared,2018-12-02 11:00:00
1.23,Uber,2018-12-01 14:12:58.058,North End,West End,16.0,1.0,Black,2018-12-01 14:00:00
0.91,Uber,2018-11-27 16:18:23.628,Beacon Hill,Haymarket Square,26.5,1.0,Black SUV,2018-11-27 16:00:00
2.36,Lyft,2018-12-17 14:20:04.090,Beacon Hill,Fenway,22.5,1.0,Lux Black,2018-12-17 14:00:00
1.4,Lyft,2018-12-16 15:50:10.925,Fenway,Back Bay,19.5,1.0,Lux Black,2018-12-16 15:00:00
3.46,Lyft,2018-12-17 05:55:09.258,North Station,Boston University,9.0,1.0,Shared,2018-12-17 05:00:00
0.49,Uber,2018-11-26 06:28:02.265,North Station,Haymarket Square,5.5,1.0,UberPool,2018-11-26 06:00:00
3.01,Uber,2018-12-16 16:05:09.641,Boston University,North Station,9.0,1.0,UberPool,2018-12-16 16:00:00
4.44,Uber,2018-12-15 01:05:12.499,Financial District,Fenway,16.0,1.0,WAV,2018-12-15 01:00:00
1.8,Uber,2018-12-03 00:22:58.056,Northeastern University,Theatre District,9.5,1.0,WAV,2018-12-03 00:00:00
1.76,Lyft,2018-12-13 22:30:13.613,Theatre District,North End,22.5,1.0,Lux Black,2018-12-13 22:00:00
2.46,Uber,2018-11-27 15:03:23.553,Beacon Hill,Fenway,33.0,1.0,Black SUV,2018-11-27 15:00:00
1.23,Lyft,2018-12-15 17:00:08.542,Theatre District,Haymarket Square,5.0,1.0,Shared,2018-12-15 17:00:00
2.84,Uber,2018-11-27 20:09:22.800,North End,Back Bay,10.5,1.0,WAV,2018-11-27 20:00:00
3.23,Lyft,2018-12-16 00:55:09.449,West End,Fenway,7.0,1.0,Shared,2018-12-16 00:00:00
0.39,Uber,2018-12-15 21:15:13.827,South Station,Financial District,27.0,1.0,Black SUV,2018-12-15 21:00:00
1.71,Uber,2018-12-02 01:03:00.434,South Station,West End,9.5,1.0,UberX,2018-12-02 01:00:00
1.68,Lyft,2018-12-18 05:35:10.802,West End,South Station,27.5,1.0,Lux Black XL,2018-12-18 05:00:00
1.35,Uber,2018-12-18 15:50:15.773,Haymarket Square,Beacon Hill,18.5,1.0,Black,2018-12-18 15:00:00
1.39,Lyft,2018-11-27 14:09:22.053,Theatre District,Haymarket Square,13.5,1.0,Lux,2018-11-27 14:00:00
2.49,Lyft,2018-12-02 02:58:02.066,Fenway,Beacon Hill,30.0,1.0,Lux Black XL,2018-12-02 02:00:00
1.06,Lyft,2018-12-04 01:27:56.182,North End,North Station,3.0,1.0,Shared,2018-12-04 01:00:00
1.41,Uber,2018-11-28 14:29:08.058,Theatre District,North End,7.5,1.0,UberX,2018-11-28 14:00:00
2.32,Lyft,2018-12-14 02:35:14.795,Boston University,Beacon Hill,9.0,1.0,Lyft,2018-12-14 02:00:00
2.68,Uber,2018-12-14 06:10:11.220,Financial District,Northeastern University,10.5,1.0,WAV,2018-12-14 06:00:00
2.79,Uber,2018-12-15 00:40:12.306,Beacon Hill,Boston University,9.5,1.0,UberX,2018-12-15 00:00:00
2.8,Uber,2018-12-15 17:25:06.156,Boston University,West End,25.0,1.0,Black,2018-12-15 17:00:00
0.61,Uber,2018-12-03 09:52:57.834,West End,Haymarket Square,7.5,1.0,UberX,2018-12-03 09:00:00
3.98,Lyft,2018-12-03 14:22:58.433,Financial District,Northeastern University,26.0,1.0,Lux,2018-12-03 14:00:00
2.66,Uber,2018-12-13 14:30:11.643,Theatre District,Fenway,11.0,1.0,WAV,2018-12-13 14:00:00
1.54,Lyft,2018-12-18 05:15:08.448,Theatre District,North End,9.0,1.0,Lyft,2018-12-18 05:00:00
1.68,Lyft,2018-11-28 10:14:07.944,South Station,West End,3.5,1.0,Shared,2018-11-28 10:00:00
2.43,Lyft,2018-12-16 04:35:11.623,North End,Back Bay,16.5,1.0,Lyft XL,2018-12-16 04:00:00
1.41,Uber,2018-12-15 02:15:11.197,Theatre District,North End,8.5,1.0,WAV,2018-12-15 02:00:00
2.32,Lyft,2018-12-16 17:30:09.306,Fenway,Beacon Hill,9.0,1.0,Shared,2018-12-16 17:00:00
4.61,Lyft,2018-12-18 05:20:06.492,Fenway,Financial District,27.5,1.0,Lux,2018-12-18 05:00:00
2.17,Uber,2018-11-27 21:57:22.201,South Station,North Station,8.5,1.0,WAV,2018-11-27 21:00:00
2.8,Uber,2018-12-01 23:18:00.221,Boston University,West End,17.0,1.0,UberXL,2018-12-01 23:00:00
1.23,Lyft,2018-12-13 20:55:10.350,Beacon Hill,Haymarket Square,16.5,1.0,Lux Black,2018-12-13 20:00:00
2.5,Uber,2018-12-01 21:13:03.929,Beacon Hill,South Station,29.5,1.0,Black SUV,2018-12-01 21:00:00
1.25,Uber,2018-12-15 23:50:09.192,Haymarket Square,Financial District,12.5,1.0,UberXL,2018-12-15 23:00:00
1.2,Lyft,2018-11-26 18:53:10.956,Theatre District,South Station,3.0,1.0,Shared,2018-11-26 18:00:00
0.58,Lyft,2018-12-03 07:13:01.605,Financial District,South Station,3.5,1.0,Shared,2018-12-03 07:00:00
2.47,Uber,2018-11-27 03:15:22.367,Beacon Hill,Fenway,12.0,1.0,WAV,2018-11-27 03:00:00
2.34,Lyft,2018-12-13 06:35:10.156,Fenway,Beacon Hill,19.5,1.0,Lux,2018-12-13 06:00:00
1.44,Lyft,2018-11-29 00:17:08.470,Back Bay,Fenway,38.0,1.5,Lux Black XL,2018-11-29 00:00:00
2.84,Uber,2018-11-29 01:08:08.472,Fenway,West End,32.0,1.0,Black SUV,2018-11-29 01:00:00
2.92,Lyft,2018-11-30 02:53:02.520,Back Bay,North End,19.5,1.0,Lyft XL,2018-11-30 02:00:00
3.21,Lyft,2018-11-30 21:28:02.515,North Station,Northeastern University,10.5,1.0,Shared,2018-11-30 21:00:00
1.0,Lyft,2018-11-26 11:14:10.056,North Station,North End,7.0,1.0,Lyft,2018-11-26 11:00:00
3.06,Lyft,2018-12-17 21:35:03.597,West End,Boston University,19.5,1.0,Lux,2018-12-17 21:00:00
2.32,Lyft,2018-11-27 17:57:22.141,North Station,South Station,3.0,1.0,Shared,2018-11-27 17:00:00
2.85,Lyft,2018-12-04 03:33:00.176,Financial District,Northeastern University,10.5,1.0,Lyft,2018-12-04 03:00:00
3.13,Lyft,2018-12-17 09:50:05.616,West End,Boston University,34.0,1.0,Lux Black XL,2018-12-17 09:00:00
0.49,Uber,2018-12-01 13:07:57.180,North Station,Haymarket Square,26.0,1.0,Black SUV,2018-12-01 13:00:00
0.39,Uber,2018-12-15 13:05:12.797,South Station,Financial District,7.0,1.0,WAV,2018-12-15 13:00:00
1.92,Uber,2018-11-27 04:39:21.886,South Station,North Station,8.0,1.0,WAV,2018-11-27 04:00:00
4.48,Uber,2018-11-29 04:40:01.587,Fenway,Financial District,11.5,1.0,UberX,2018-11-29 04:00:00
2.4,Lyft,2018-11-30 07:52:55.962,Beacon Hill,Northeastern University,13.5,1.5,Lyft,2018-11-30 07:00:00
3.05,Uber,2018-12-18 15:15:06.743,Fenway,North Station,11.0,1.0,UberPool,2018-12-18 15:00:00
2.09,Uber,2018-11-27 22:30:24.490,North End,West End,28.0,1.0,Black SUV,2018-11-27 22:00:00
2.66,Lyft,2018-12-03 14:32:57.735,Beacon Hill,Boston University,16.5,1.0,Lyft XL,2018-12-03 14:00:00
3.01,Uber,2018-11-30 02:57:57.627,Boston University,North Station,30.5,1.0,Black SUV,2018-11-30 02:00:00
0.99,Lyft,2018-12-02 14:18:02.862,North Station,North End,13.5,1.0,Lux,2018-12-02 14:00:00
2.5,Lyft,2018-11-28 09:59:07.319,Northeastern University,Beacon Hill,30.0,1.0,Lux Black XL,2018-11-28 09:00:00
2.82,Lyft,2018-12-01 00:43:14.164,West End,Northeastern University,7.0,1.0,Shared,2018-12-01 00:00:00
1.25,Lyft,2018-12-17 07:25:03.933,Theatre District,Haymarket Square,13.5,1.0,Lyft XL,2018-12-17 07:00:00
1.08,Uber,2018-11-28 20:11:08.035,North End,North Station,8.5,1.0,WAV,2018-11-28 20:00:00
2.98,Uber,2018-11-30 18:58:06.336,Theatre District,Boston University,10.5,1.0,UberX,2018-11-30 18:00:00
1.21,Uber,2018-12-01 21:43:02.438,North End,Financial District,27.5,1.0,Black SUV,2018-12-01 21:00:00
0.59,Lyft,2018-11-27 14:15:22.395,South Station,Theatre District,11.0,1.0,Lyft XL,2018-11-27 14:00:00
2.47,Lyft,2018-12-01 00:53:05.327,Beacon Hill,South Station,10.5,1.0,Lyft,2018-12-01 00:00:00
2.66,Uber,2018-11-26 11:38:09.761,Fenway,Theatre District,12.0,1.0,UberX,2018-11-26 11:00:00
1.34,Uber,2018-11-30 21:13:02.028,South Station,North Station,27.5,1.0,Black SUV,2018-11-30 21:00:00
4.18,Lyft,2018-12-14 02:10:09.785,Financial District,Northeastern University,42.5,1.0,Lux Black XL,2018-12-14 02:00:00
1.64,Uber,2018-11-26 22:05:11.016,Back Bay,Northeastern University,14.5,1.0,UberX,2018-11-26 22:00:00
2.95,Lyft,2018-11-30 19:53:11.524,Theatre District,Boston University,38.5,1.5,Lux Black,2018-11-30 19:00:00
3.06,Lyft,2018-11-30 06:17:57.668,West End,Boston University,38.5,1.0,Lux Black XL,2018-11-30 06:00:00
3.3,Uber,2018-11-27 13:54:23.721,Northeastern University,North Station,48.0,1.0,Black SUV,2018-11-27 13:00:00
3.05,Uber,2018-11-26 06:30:02.482,Fenway,North Station,10.5,1.0,WAV,2018-11-26 06:00:00
3.25,Lyft,2018-12-15 12:10:03.474,North Station,Fenway,34.0,1.0,Lux Black XL,2018-12-15 12:00:00
1.23,Uber,2018-12-14 12:40:11.112,Haymarket Square,Beacon Hill,8.0,1.0,UberX,2018-12-14 12:00:00
1.94,Uber,2018-11-29 19:52:56.244,Theatre District,Northeastern University,27.0,1.0,Black SUV,2018-11-29 19:00:00
2.31,Uber,2018-12-03 20:03:00.748,Fenway,Beacon Hill,6.5,1.0,UberPool,2018-12-03 20:00:00
2.14,Uber,2018-11-28 19:32:08.355,South Station,West End,8.5,1.0,UberPool,2018-11-28 19:00:00
2.62,Uber,2018-11-28 10:05:08.906,Boston University,Theatre District,17.5,1.0,UberXL,2018-11-28 10:00:00
3.42,Lyft,2018-11-27 00:06:14.015,North Station,Boston University,38.5,1.0,Lux Black XL,2018-11-27 00:00:00
3.18,Lyft,2018-12-16 11:15:11.421,Fenway,North Station,16.5,1.0,Lyft XL,2018-12-16 11:00:00
0.64,Lyft,2018-12-16 03:35:03.926,South Station,Theatre District,9.0,1.0,Lyft XL,2018-12-16 03:00:00
1.94,Uber,2018-11-30 23:53:03.341,Theatre District,Northeastern University,7.5,1.0,UberPool,2018-11-30 23:00:00
2.62,Lyft,2018-11-26 16:35:11.561,Beacon Hill,South Station,19.5,1.0,Lux,2018-11-26 16:00:00
2.84,Lyft,2018-12-02 16:13:00.975,West End,Fenway,16.5,1.0,Lyft XL,2018-12-02 16:00:00
0.61,Uber,2018-12-16 13:15:03.634,West End,Haymarket Square,26.5,1.0,Black SUV,2018-12-16 13:00:00
3.2,Uber,2018-11-28 16:14:07.694,West End,Fenway,11.0,1.0,WAV,2018-11-28 16:00:00
3.5,Lyft,2018-11-27 03:54:22.267,North Station,Boston University,7.0,1.0,Shared,2018-11-27 03:00:00
2.25,Uber,2018-11-29 06:49:50.128,Boston University,Beacon Hill,10.5,1.0,UberX,2018-11-29 06:00:00
0.39,Uber,2018-11-27 08:00:23.371,South Station,Financial District,7.0,1.0,WAV,2018-11-27 08:00:00
1.91,Uber,2018-11-28 12:53:07.447,Theatre District,Northeastern University,14.5,1.0,UberPool,2018-11-28 12:00:00
2.99,Lyft,2018-12-09 23:58:25.555,Theatre District,Boston University,3.0,1.0,Shared,2018-12-09 23:00:00
0.56,Uber,2018-11-29 00:11:09.769,Haymarket Square,North Station,5.5,1.0,UberPool,2018-11-29 00:00:00
1.24,Lyft,2018-11-26 18:32:10.109,Theatre District,Haymarket Square,7.0,1.0,Lyft,2018-11-26 18:00:00
1.23,Lyft,2018-12-16 02:25:09.592,Theatre District,Haymarket Square,13.5,1.0,Lux,2018-12-16 02:00:00
0.56,Uber,2018-12-01 16:43:05.014,Haymarket Square,North Station,26.5,1.0,Black SUV,2018-12-01 16:00:00
0.49,Uber,2018-12-17 21:35:09.137,North Station,Haymarket Square,27.5,1.0,Black SUV,2018-12-17 21:00:00
1.33,Lyft,2018-11-30 01:03:00.846,Beacon Hill,Haymarket Square,5.0,1.0,Shared,2018-11-30 01:00:00
7.46,Uber,2018-12-15 20:50:08.680,Northeastern University,Financial District,47.5,1.0,Black,2018-12-15 20:00:00
0.49,Uber,2018-12-15 13:10:10.392,North Station,Haymarket Square,16.0,1.0,Black,2018-12-15 13:00:00
3.2,Uber,2018-12-18 01:45:07.298,Northeastern University,West End,17.0,1.0,UberXL,2018-12-18 01:00:00
1.3,Uber,2018-12-15 05:40:17.072,Theatre District,South Station,27.0,1.0,Black SUV,2018-12-15 05:00:00
2.8,Uber,2018-12-18 03:25:11.977,Boston University,West End,10.5,1.0,WAV,2018-12-18 03:00:00
1.82,Uber,2018-12-14 08:20:10.131,Back Bay,Fenway,8.5,1.0,UberX,2018-12-14 08:00:00
1.16,Uber,2018-11-27 21:27:22.132,West End,North End,7.0,1.0,UberX,2018-11-27 21:00:00
3.24,Lyft,2018-11-30 06:43:04.410,Northeastern University,Financial District,38.0,1.0,Lux Black XL,2018-11-30 06:00:00
1.5,Lyft,2018-12-03 12:03:06.302,South Station,Back Bay,13.5,1.0,Lyft XL,2018-12-03 12:00:00
3.01,Uber,2018-12-03 18:27:57.075,Boston University,North Station,10.5,1.0,UberX,2018-12-03 18:00:00
3.26,Lyft,2018-11-26 09:05:12.631,North Station,Northeastern University,11.0,1.0,Lyft,2018-11-26 09:00:00
0.99,Lyft,2018-12-17 16:45:05.049,Financial District,Haymarket Square,3.5,1.0,Shared,2018-12-17 16:00:00
1.35,Uber,2018-11-28 16:26:08.245,Haymarket Square,Beacon Hill,8.0,1.0,UberX,2018-11-28 16:00:00
2.8,Uber,2018-11-30 12:53:04.404,Boston University,West End,11.0,1.0,UberPool,2018-11-30 12:00:00
3.45,Lyft,2018-11-30 07:57:56.984,Northeastern University,Financial District,16.5,1.0,Lyft XL,2018-11-30 07:00:00
1.51,Uber,2018-11-28 23:20:08.220,Back Bay,Boston University,13.0,1.0,UberXL,2018-11-28 23:00:00
1.56,Uber,2018-12-16 09:30:06.001,Back Bay,Boston University,26.5,1.0,Black SUV,2018-12-16 09:00:00
1.41,Uber,2018-11-29 20:47:55.993,Theatre District,North End,12.0,1.0,UberXL,2018-11-29 20:00:00
1.19,Lyft,2018-12-18 05:55:13.531,West End,North End,16.5,1.0,Lux Black,2018-12-18 05:00:00
2.35,Lyft,2018-12-02 23:48:00.098,Back Bay,Haymarket Square,34.0,1.0,Lux Black XL,2018-12-02 23:00:00
3.11,Lyft,2018-12-17 16:50:09.949,West End,Boston University,19.5,1.0,Lux,2018-12-17 16:00:00
1.33,Lyft,2018-11-29 13:08:00.475,Haymarket Square,Beacon Hill,16.5,1.0,Lux,2018-11-29 13:00:00
1.41,Lyft,2018-12-02 10:32:57.475,Fenway,Back Bay,5.0,1.0,Shared,2018-12-02 10:00:00
1.19,Lyft,2018-11-30 20:03:07.508,North End,West End,16.5,1.0,Lux Black,2018-11-30 20:00:00
1.75,Lyft,2018-11-30 10:38:03.328,South Station,West End,9.0,1.0,Lyft,2018-11-30 10:00:00
5.56,Uber,2018-11-26 23:21:14.388,Boston University,Financial District,47.0,1.0,Black SUV,2018-11-26 23:00:00
4.74,Uber,2018-12-15 09:30:04.677,Financial District,Boston University,34.0,1.0,Black,2018-12-15 09:00:00
0.59,Lyft,2018-12-02 23:33:01.186,South Station,Theatre District,16.5,1.0,Lux Black,2018-12-02 23:00:00
3.07,Uber,2018-12-14 02:20:09.451,North Station,Fenway,25.0,1.0,Black,2018-12-14 02:00:00
2.58,Lyft,2018-12-01 19:02:56.410,Beacon Hill,South Station,9.0,1.0,Lyft,2018-12-01 19:00:00
3.08,Uber,2018-11-27 15:06:23.440,Northeastern University,West End,34.0,1.0,Black SUV,2018-11-27 15:00:00
2.29,Lyft,2018-12-02 17:08:02.580,Boston University,Beacon Hill,7.0,1.0,Shared,2018-12-02 17:00:00
0.55,Lyft,2018-11-29 14:53:05.682,South Station,Theatre District,10.5,1.0,Lux,2018-11-29 14:00:00
2.52,Lyft,2018-12-15 19:50:14.609,Back Bay,North End,7.0,1.0,Shared,2018-12-15 19:00:00
2.31,Lyft,2018-12-14 22:05:09.956,Boston University,Beacon Hill,22.5,1.0,Lux Black,2018-12-14 22:00:00
2.79,Uber,2018-12-16 16:45:04.657,Beacon Hill,Boston University,10.5,1.0,UberX,2018-12-16 16:00:00
5.56,Uber,2018-12-01 21:08:04.067,Boston University,Financial District,23.0,1.0,UberXL,2018-12-01 21:00:00
3.18,Lyft,2018-12-18 14:10:09.041,Fenway,North Station,26.0,1.0,Lux Black,2018-12-18 14:00:00
3.17,Lyft,2018-11-26 15:59:09.495,Boston University,North Station,22.5,1.0,Lux,2018-11-26 15:00:00
1.97,Uber,2018-12-04 03:58:02.718,Northeastern University,Beacon Hill,7.5,1.0,UberPool,2018-12-04 03:00:00
1.01,Uber,2018-12-13 16:45:11.896,North End,West End,11.5,1.0,UberXL,2018-12-13 16:00:00
3.01,Uber,2018-12-18 15:00:12.353,Boston University,North Station,33.0,1.0,Black SUV,2018-12-18 15:00:00
1.25,Uber,2018-12-15 19:30:06.002,Haymarket Square,Financial District,7.5,1.0,UberX,2018-12-15 19:00:00
3.08,Uber,2018-11-30 21:07:58.062,Northeastern University,West End,10.5,1.0,WAV,2018-11-30 21:00:00
1.72,Lyft,2018-12-14 07:00:09.481,South Station,West End,16.5,1.25,Lyft XL,2018-12-14 07:00:00
2.35,Lyft,2018-11-27 05:45:22.215,Fenway,Beacon Hill,13.5,1.0,Lyft XL,2018-11-27 05:00:00
2.5,Uber,2018-11-27 19:03:23.128,Beacon Hill,South Station,10.5,1.0,UberX,2018-11-27 19:00:00
4.72,Uber,2018-12-02 16:28:00.745,Financial District,Boston University,14.0,1.0,WAV,2018-12-02 16:00:00
1.64,Uber,2018-12-02 14:32:58.058,Back Bay,Northeastern University,8.0,1.0,WAV,2018-12-02 14:00:00
1.16,Uber,2018-12-01 02:10:01.261,Theatre District,Haymarket Square,27.5,1.0,Black SUV,2018-12-01 02:00:00
1.48,Lyft,2018-11-28 19:20:08.219,Back Bay,Fenway,3.0,1.0,Shared,2018-11-28 19:00:00
0.72,Lyft,2018-11-30 22:43:09.371,Haymarket Square,North Station,7.0,1.0,Lyft,2018-11-30 22:00:00
0.72,Uber,2018-11-27 07:24:22.054,Haymarket Square,West End,15.0,1.0,Black,2018-11-27 07:00:00
6.26,Uber,2018-12-13 11:30:05.597,South Station,Back Bay,14.0,1.0,WAV,2018-12-13 11:00:00
2.3,Uber,2018-12-14 04:50:07.271,Back Bay,Haymarket Square,13.5,1.0,UberPool,2018-12-14 04:00:00
5.37,Lyft,2018-12-03 23:12:56.299,Boston University,Financial District,10.5,1.0,Shared,2018-12-03 23:00:00
3.66,Uber,2018-12-15 12:55:07.923,Financial District,Fenway,12.5,1.0,WAV,2018-12-15 12:00:00
1.66,Lyft,2018-11-27 02:39:23.988,West End,South Station,13.5,1.0,Lyft XL,2018-11-27 02:00:00
3.44,Lyft,2018-11-30 08:08:03.104,Back Bay,North End,34.0,1.25,Lux Black,2018-11-30 08:00:00
2.05,Lyft,2018-12-01 12:37:59.422,Northeastern University,Beacon Hill,13.5,1.0,Lyft XL,2018-12-01 12:00:00
6.83,Uber,2018-11-29 07:12:57.515,Fenway,Financial District,18.5,1.0,WAV,2018-11-29 07:00:00
3.01,Uber,2018-12-01 00:08:08.240,Boston University,North Station,36.0,1.0,Black SUV,2018-12-01 00:00:00
2.94,Lyft,2018-11-28 17:14:10.911,Boston University,West End,27.5,1.0,Lux Black,2018-11-28 17:00:00
3.17,Lyft,2018-12-16 02:35:13.401,Fenway,Theatre District,19.5,1.0,Lux,2018-12-16 02:00:00
2.79,Uber,2018-12-13 13:40:09.528,Beacon Hill,Boston University,7.0,1.0,UberPool,2018-12-13 13:00:00
1.73,Lyft,2018-12-16 13:45:08.641,North End,Theatre District,3.0,1.0,Shared,2018-12-16 13:00:00
1.48,Lyft,2018-12-13 09:55:09.682,Back Bay,Fenway,13.5,1.0,Lyft XL,2018-12-13 09:00:00
0.68,Uber,2018-12-16 21:30:14.140,West End,North End,6.5,1.0,UberX,2018-12-16 21:00:00
2.81,Uber,2018-12-15 06:40:16.559,Theatre District,Northeastern University,9.5,1.0,WAV,2018-12-15 06:00:00
2.84,Lyft,2018-12-17 00:20:08.927,West End,Fenway,32.5,1.0,Lux Black XL,2018-12-17 00:00:00
1.73,Lyft,2018-12-17 04:00:11.198,Haymarket Square,Theatre District,7.0,1.0,Shared,2018-12-17 04:00:00
2.72,Uber,2018-11-26 13:11:09.467,West End,Fenway,34.0,1.0,Black SUV,2018-11-26 13:00:00
0.91,Lyft,2018-12-01 10:38:04.707,Financial District,Haymarket Square,10.5,1.0,Lyft XL,2018-12-01 10:00:00
0.72,Uber,2018-11-27 15:57:24.015,Haymarket Square,West End,15.5,1.0,Black,2018-11-27 15:00:00
1.53,Lyft,2018-11-26 11:56:09.811,South Station,Beacon Hill,9.0,1.0,Lyft,2018-11-26 11:00:00
1.47,Uber,2018-11-28 15:26:24.604,South Station,Beacon Hill,8.5,1.0,UberX,2018-11-28 15:00:00
2.95,Lyft,2018-11-27 04:39:23.700,Theatre District,Boston University,7.0,1.0,Shared,2018-11-27 04:00:00
4.54,Lyft,2018-11-27 20:00:22.741,Fenway,Financial District,13.5,1.0,Lyft,2018-11-27 20:00:00
4.31,Uber,2018-11-28 14:31:24.394,Financial District,Boston University,10.0,1.0,UberPool,2018-11-28 14:00:00
2.57,Uber,2018-12-15 20:50:08.580,Beacon Hill,Fenway,12.0,1.0,UberX,2018-12-15 20:00:00
1.74,Lyft,2018-11-28 15:14:08.102,North End,Theatre District,16.5,1.0,Lux,2018-11-28 15:00:00
2.98,Uber,2018-12-14 05:20:11.034,Theatre District,Boston University,8.0,1.0,UberPool,2018-12-14 05:00:00
2.34,Lyft,2018-11-27 19:24:23.205,Boston University,Beacon Hill,22.5,1.0,Lux Black,2018-11-27 19:00:00
1.35,Uber,2018-12-01 17:37:57.975,North End,Beacon Hill,8.0,1.0,UberX,2018-12-01 17:00:00
1.23,Lyft,2018-12-01 08:03:03.291,West End,North End,27.5,1.0,Lux Black XL,2018-12-01 08:00:00
1.44,Lyft,2018-12-14 02:45:08.473,Back Bay,Fenway,16.5,1.0,Lux Black,2018-12-14 02:00:00
2.11,Lyft,2018-12-02 00:57:56.293,Northeastern University,Theatre District,22.5,1.0,Lux Black,2018-12-02 00:00:00
2.66,Uber,2018-11-26 09:26:10.163,Fenway,Theatre District,16.0,1.0,UberXL,2018-11-26 09:00:00
2.31,Lyft,2018-11-28 11:20:08.549,Haymarket Square,Back Bay,19.5,1.0,Lux,2018-11-28 11:00:00
3.05,Uber,2018-12-18 18:15:03.474,Fenway,North Station,9.5,1.0,UberX,2018-12-18 18:00:00
4.72,Lyft,2018-12-18 14:55:05.844,Boston University,Theatre District,34.0,1.0,Lux Black,2018-12-18 14:00:00
2.37,Uber,2018-11-26 06:49:46.388,Fenway,Beacon Hill,13.5,1.0,UberX,2018-11-26 06:00:00
2.08,Lyft,2018-12-02 20:43:01.824,North End,Beacon Hill,9.0,1.0,Lyft,2018-12-02 20:00:00
2.96,Lyft,2018-12-16 02:25:09.304,Fenway,West End,27.5,1.0,Lux Black,2018-12-16 02:00:00
1.73,Lyft,2018-11-27 01:27:22.101,North End,Theatre District,9.0,1.0,Lyft,2018-11-27 01:00:00
1.25,Uber,2018-11-28 13:23:08.056,Haymarket Square,Financial District,7.5,1.0,UberX,2018-11-28 13:00:00
3.05,Uber,2018-12-17 05:55:08.705,Fenway,North Station,8.5,1.0,UberPool,2018-12-17 05:00:00
1.91,Uber,2018-11-27 11:24:22.060,Theatre District,Northeastern University,16.0,1.0,UberXL,2018-11-27 11:00:00
0.97,Lyft,2018-11-30 22:53:05.613,Haymarket Square,Financial District,27.5,1.0,Lux Black XL,2018-11-30 22:00:00
1.35,Uber,2018-12-14 04:50:14.279,Haymarket Square,Beacon Hill,18.0,1.0,Black,2018-12-14 04:00:00
1.25,Lyft,2018-12-16 10:00:11.209,Theatre District,Haymarket Square,5.0,1.0,Shared,2018-12-16 10:00:00
1.16,Uber,2018-12-13 23:05:05.449,West End,North End,9.5,1.0,WAV,2018-12-13 23:00:00
0.7,Lyft,2018-11-26 22:35:20.889,Haymarket Square,West End,3.5,1.0,Shared,2018-11-26 22:00:00
1.56,Uber,2018-12-18 10:30:03.856,Back Bay,Boston University,16.0,1.0,Black,2018-12-18 10:00:00
1.0,Uber,2018-12-01 02:12:58.013,North End,West End,7.0,1.0,UberPool,2018-12-01 02:00:00
3.21,Lyft,2018-11-30 09:03:01.770,Fenway,North Station,11.0,1.0,Lyft,2018-11-30 09:00:00
2.79,Uber,2018-12-13 22:40:08.411,Beacon Hill,Boston University,16.5,1.0,UberXL,2018-12-13 22:00:00
3.16,Lyft,2018-11-27 19:42:22.876,Boston University,North Station,9.0,1.0,Shared,2018-11-27 19:00:00
1.53,Lyft,2018-12-18 00:05:13.090,Boston University,Back Bay,27.5,1.0,Lux Black XL,2018-12-18 00:00:00
7.46,Uber,2018-12-01 12:58:01.842,Northeastern University,Financial District,39.0,1.0,Black,2018-12-01 12:00:00
1.56,Uber,2018-11-29 17:07:55.904,Back Bay,Boston University,16.0,1.0,Black,2018-11-29 17:00:00
1.3,Uber,2018-12-15 01:40:07.659,Theatre District,South Station,19.5,1.0,Black,2018-12-15 01:00:00
1.53,Lyft,2018-11-29 04:46:25.258,Back Bay,Boston University,27.5,1.0,Lux Black XL,2018-11-29 04:00:00
4.4,Uber,2018-11-27 16:57:22.267,Financial District,Fenway,21.5,1.0,UberXL,2018-11-27 16:00:00
0.92,Uber,2018-12-18 13:50:08.817,North Station,North End,7.0,1.0,WAV,2018-12-18 13:00:00
5.37,Lyft,2018-12-01 17:18:02.501,Boston University,Financial District,11.0,1.0,Shared,2018-12-01 17:00:00
2.84,Uber,2018-11-26 18:41:09.542,Fenway,West End,22.5,1.0,Black,2018-11-26 18:00:00
2.9,Lyft,2018-12-15 11:20:07.111,Theatre District,Boston University,38.5,2.0,Lux,2018-12-15 11:00:00
3.24,Uber,2018-11-28 01:12:24.573,North Station,Northeastern University,11.5,1.0,WAV,2018-11-28 01:00:00
0.63,Uber,2018-11-30 18:32:58.559,Financial District,South Station,5.5,1.0,UberPool,2018-11-30 18:00:00
2.28,Lyft,2018-12-14 08:55:10.341,Boston University,Beacon Hill,22.5,1.0,Lux Black,2018-12-14 08:00:00
2.72,Uber,2018-11-28 20:59:08.251,West End,Fenway,10.5,1.0,UberX,2018-11-28 20:00:00
1.41,Uber,2018-11-29 08:43:03.551,Boston University,Back Bay,12.5,1.0,UberXL,2018-11-29 08:00:00
2.66,Lyft,2018-12-10 00:53:28.692,Theatre District,Fenway,22.5,1.0,Lux,2018-12-10 00:00:00
2.8,Lyft,2018-11-28 20:17:08.974,Back Bay,North End,27.5,1.0,Lux Black,2018-11-28 20:00:00
1.77,Lyft,2018-12-15 21:35:10.129,Theatre District,North End,5.0,1.0,Shared,2018-12-15 21:00:00
1.41,Uber,2018-11-29 07:53:01.082,Boston University,Back Bay,7.5,1.0,UberPool,2018-11-29 07:00:00
1.41,Lyft,2018-12-18 03:10:03.493,Fenway,Back Bay,13.5,1.0,Lyft XL,2018-12-18 03:00:00
1.08,Lyft,2018-11-30 17:17:57.650,North End,West End,16.5,1.0,Lux Black,2018-11-30 17:00:00
1.08,Lyft,2018-12-14 14:50:07.703,Northeastern University,Back Bay,3.0,1.0,Shared,2018-12-14 14:00:00
4.79,Lyft,2018-12-03 09:47:57.638,Boston University,Theatre District,19.5,1.5,Lyft,2018-12-03 09:00:00
1.57,Uber,2018-11-30 20:33:00.368,North End,Theatre District,8.0,1.0,UberPool,2018-11-30 20:00:00
4.4,Uber,2018-11-27 10:12:21.994,Financial District,Fenway,11.5,1.0,UberPool,2018-11-27 10:00:00
2.68,Lyft,2018-12-03 10:18:02.184,Beacon Hill,Boston University,7.0,1.0,Shared,2018-12-03 10:00:00
1.57,Uber,2018-12-03 23:07:56.055,North End,Theatre District,9.5,1.0,WAV,2018-12-03 23:00:00
0.55,Uber,2018-12-02 18:37:59.798,South Station,Theatre District,8.0,1.0,UberX,2018-12-02 18:00:00
3.15,Uber,2018-12-17 22:00:11.523,Northeastern University,West End,30.5,1.0,Black SUV,2018-12-17 22:00:00
0.56,Uber,2018-11-29 17:17:57.501,Haymarket Square,North Station,7.0,1.0,WAV,2018-11-29 17:00:00
0.74,Lyft,2018-12-03 19:18:03.142,Haymarket Square,North Station,7.0,1.0,Lyft,2018-12-03 19:00:00
2.44,Lyft,2018-11-28 00:39:23.523,Fenway,Beacon Hill,22.5,1.0,Lux Black,2018-11-28 00:00:00
0.98,Uber,2018-12-16 10:30:14.232,North End,West End,17.0,1.0,Black,2018-12-16 10:00:00
1.34,Uber,2018-12-02 22:07:57.596,Fenway,Back Bay,12.5,1.0,UberXL,2018-12-02 22:00:00
1.41,Uber,2018-11-27 11:57:22.253,Boston University,Back Bay,17.5,1.0,Black,2018-11-27 11:00:00
2.52,Lyft,2018-11-28 10:51:23.847,Back Bay,North End,7.0,1.0,Shared,2018-11-28 10:00:00
1.56,Uber,2018-11-30 20:12:56.495,Back Bay,Boston University,8.0,1.0,UberPool,2018-11-30 20:00:00
0.55,Uber,2018-12-13 08:50:06.539,South Station,Theatre District,9.5,1.0,UberXL,2018-12-13 08:00:00
1.25,Lyft,2018-11-30 16:38:04.110,Haymarket Square,Beacon Hill,5.0,1.0,Shared,2018-11-30 16:00:00
4.37,Lyft,2018-11-26 14:56:09.461,Financial District,Fenway,13.5,1.0,Lyft,2018-11-26 14:00:00
3.3,Lyft,2018-12-13 12:00:07.108,Back Bay,South Station,34.0,1.0,Lux Black XL,2018-12-13 12:00:00
2.66,Uber,2018-12-17 14:40:04.469,Fenway,Theatre District,32.5,1.0,Black SUV,2018-12-17 14:00:00
3.22,Uber,2018-12-16 15:10:08.360,North Station,Northeastern University,14.5,1.0,UberPool,2018-12-16 15:00:00
3.24,Lyft,2018-12-15 08:20:05.381,North Station,Northeastern University,19.5,1.0,Lyft XL,2018-12-15 08:00:00
2.51,Lyft,2018-12-14 20:00:05.549,Beacon Hill,South Station,26.0,1.0,Lux Black,2018-12-14 20:00:00
1.97,Uber,2018-12-02 21:28:02.977,Northeastern University,Beacon Hill,9.5,1.0,UberX,2018-12-02 21:00:00
2.79,Uber,2018-11-27 16:03:22.026,Beacon Hill,Boston University,28.0,1.0,UberXL,2018-11-27 16:00:00
1.79,Uber,2018-11-27 05:36:23.903,Beacon Hill,North End,28.0,1.0,Black SUV,2018-11-27 05:00:00
4.03,Lyft,2018-11-28 21:38:08.475,Financial District,Boston University,19.5,1.0,Lyft XL,2018-11-28 21:00:00
3.39,Uber,2018-12-13 06:50:03.726,North Station,Boston University,11.5,1.0,UberX,2018-12-13 06:00:00
3.48,Lyft,2018-12-15 10:50:13.315,North Station,Boston University,26.0,1.0,Lux Black,2018-12-15 10:00:00
1.3,Uber,2018-12-17 01:50:10.451,Theatre District,South Station,27.5,1.0,Black SUV,2018-12-17 01:00:00
5.42,Lyft,2018-11-26 17:14:09.808,Boston University,Financial District,11.0,1.0,Shared,2018-11-26 17:00:00
1.49,Lyft,2018-12-14 23:15:14.658,Back Bay,Boston University,7.0,1.0,Lyft,2018-12-14 23:00:00
1.51,Lyft,2018-11-28 16:41:07.830,Back Bay,Fenway,7.0,1.0,Lyft,2018-11-28 16:00:00
1.04,Uber,2018-11-27 11:09:22.192,Financial District,North End,7.5,1.0,WAV,2018-11-27 11:00:00
3.22,Lyft,2018-11-27 17:27:23.703,North Station,Northeastern University,11.0,1.0,Lyft,2018-11-27 17:00:00
0.59,Lyft,2018-11-27 03:18:24.280,South Station,Theatre District,26.0,1.0,Lux Black XL,2018-11-27 03:00:00
2.98,Uber,2018-11-27 09:03:22.251,Theatre District,Boston University,9.5,1.0,UberX,2018-11-27 09:00:00
0.5,Lyft,2018-12-16 18:20:09.886,South Station,Financial District,11.0,1.0,Lux,2018-12-16 18:00:00
1.21,Uber,2018-11-27 16:15:23.787,North End,Financial District,16.0,1.0,Black,2018-11-27 16:00:00
2.66,Uber,2018-12-13 16:25:12.056,Fenway,Theatre District,20.5,1.0,Black,2018-12-13 16:00:00
2.14,Uber,2018-12-13 19:10:04.996,South Station,West End,19.0,1.0,Black,2018-12-13 19:00:00
2.46,Lyft,2018-11-28 15:32:08.209,Northeastern University,Theatre District,16.5,1.0,Lyft XL,2018-11-28 15:00:00
2.31,Lyft,2018-12-17 13:25:15.328,Back Bay,Haymarket Square,19.5,1.0,Lux,2018-12-17 13:00:00
3.44,Lyft,2018-12-18 06:05:08.513,Northeastern University,Financial District,13.5,1.25,Lyft,2018-12-18 06:00:00
1.12,Lyft,2018-12-01 20:47:56.077,Northeastern University,Back Bay,3.0,1.0,Shared,2018-12-01 20:00:00
3.3,Uber,2018-12-02 19:17:59.361,Northeastern University,North Station,37.0,1.0,Black SUV,2018-12-02 19:00:00
2.3,Lyft,2018-11-27 06:06:22.161,Boston University,Beacon Hill,9.0,1.0,Lyft,2018-11-27 06:00:00
5.7,Uber,2018-12-16 03:20:03.663,Boston University,Financial District,42.0,1.0,Black SUV,2018-12-16 03:00:00
1.17,Lyft,2018-11-30 19:33:06.222,Financial District,North End,11.0,1.0,Lyft XL,2018-11-30 19:00:00
1.8,Uber,2018-11-28 00:09:22.307,Northeastern University,Theatre District,10.5,1.0,WAV,2018-11-28 00:00:00
3.36,Lyft,2018-11-28 21:23:07.958,Boston University,West End,9.0,1.0,Shared,2018-11-28 21:00:00
0.92,Uber,2018-12-16 07:35:11.031,Haymarket Square,Financial District,10.0,1.0,UberPool,2018-12-16 07:00:00
0.99,Uber,2018-11-29 09:38:03.673,Financial District,Haymarket Square,12.0,1.0,UberPool,2018-11-29 09:00:00
1.22,Uber,2018-11-28 00:42:21.999,Northeastern University,Back Bay,8.0,1.0,UberPool,2018-11-28 00:00:00
2.38,Uber,2018-11-28 21:32:07.999,North Station,South Station,8.0,1.0,UberPool,2018-11-28 21:00:00
2.64,Lyft,2018-12-14 05:40:09.868,North End,Back Bay,7.0,1.0,Shared,2018-12-14 05:00:00
1.89,Uber,2018-11-27 22:33:22.218,South Station,Back Bay,8.0,1.0,UberPool,2018-11-27 22:00:00
1.64,Uber,2018-12-01 14:53:04.684,Back Bay,Northeastern University,8.0,1.0,UberPool,2018-12-01 14:00:00
2.07,Lyft,2018-12-15 21:55:07.859,South Station,North Station,13.5,1.0,Lyft XL,2018-12-15 21:00:00
1.34,Uber,2018-11-26 13:53:10.822,Fenway,Back Bay,23.0,1.0,Black SUV,2018-11-26 13:00:00
1.04,Lyft,2018-12-14 15:45:09.073,North End,North Station,7.0,1.0,Lyft,2018-12-14 15:00:00
1.34,Uber,2018-12-15 22:05:05.375,Fenway,Back Bay,15.0,1.0,Black,2018-12-15 22:00:00
1.76,Uber,2018-11-30 12:02:57.862,North Station,South Station,10.0,1.0,WAV,2018-11-30 12:00:00
0.61,Lyft,2018-11-27 02:24:23.540,Financial District,South Station,7.0,1.0,Lyft,2018-11-27 02:00:00
2.4,Lyft,2018-12-16 02:10:09.366,Fenway,Beacon Hill,22.5,1.0,Lux Black,2018-12-16 02:00:00
1.56,Lyft,2018-11-27 17:57:21.970,South Station,Beacon Hill,13.5,1.0,Lyft XL,2018-11-27 17:00:00
6.26,Uber,2018-12-03 21:13:04.444,South Station,Back Bay,30.5,1.0,Black,2018-12-03 21:00:00
0.98,Lyft,2018-11-30 15:37:56.020,Haymarket Square,Financial District,22.5,1.5,Lux Black,2018-11-30 15:00:00
2.16,Lyft,2018-12-17 18:00:12.762,Back Bay,South Station,7.0,1.0,Shared,2018-12-17 18:00:00
3.18,Lyft,2018-11-28 15:06:26.078,Boston University,North Station,19.5,1.0,Lyft XL,2018-11-28 15:00:00
2.62,Uber,2018-12-16 20:20:03.842,Boston University,Theatre District,12.0,1.0,WAV,2018-12-16 20:00:00
1.45,Lyft,2018-12-15 01:30:10.029,Back Bay,Northeastern University,45.5,1.75,Lux Black XL,2018-12-15 01:00:00
1.34,Uber,2018-12-03 23:27:57.549,South Station,Beacon Hill,26.0,1.0,Black SUV,2018-12-03 23:00:00
1.5,Uber,2018-12-01 11:57:57.259,North Station,South Station,17.5,1.0,Black,2018-12-01 11:00:00
1.78,Uber,2018-11-29 03:38:07.938,Back Bay,Haymarket Square,21.5,1.0,Black,2018-11-29 03:00:00
1.0,Lyft,2018-12-18 04:15:03.333,Financial District,Haymarket Square,3.0,1.0,Shared,2018-12-18 04:00:00
3.01,Uber,2018-12-15 20:45:12.029,Boston University,North Station,11.0,1.0,UberPool,2018-12-15 20:00:00
3.3,Lyft,2018-12-16 05:55:03.653,Northeastern University,North Station,34.0,1.0,Lux Black XL,2018-12-16 05:00:00
3.15,Uber,2018-11-26 04:40:56.855,Northeastern University,West End,30.5,1.0,Black SUV,2018-11-26 04:00:00
1.54,Lyft,2018-11-30 10:43:03.767,South Station,Beacon Hill,13.5,1.0,Lyft XL,2018-11-30 10:00:00
1.03,Uber,2018-12-17 18:10:11.982,North Station,North End,8.5,1.0,WAV,2018-12-17 18:00:00
1.01,Lyft,2018-12-01 21:42:59.174,Financial District,Haymarket Square,11.0,1.0,Lyft XL,2018-12-01 21:00:00
1.57,Uber,2018-12-15 03:10:12.661,North End,Theatre District,7.5,1.0,WAV,2018-12-15 03:00:00
1.41,Uber,2018-11-28 10:14:07.704,Boston University,Back Bay,7.5,1.0,UberPool,2018-11-28 10:00:00
1.61,Uber,2018-11-28 16:50:07.888,Haymarket Square,Theatre District,17.5,1.0,Black,2018-11-28 16:00:00
2.33,Uber,2018-11-29 02:32:08.117,North End,Back Bay,8.5,1.0,UberX,2018-11-29 02:00:00
3.26,Uber,2018-11-29 01:38:39.971,Northeastern University,Financial District,24.5,1.0,Black,2018-11-29 01:00:00
2.32,Uber,2018-12-02 14:58:02.903,Haymarket Square,Back Bay,34.0,1.0,Black SUV,2018-12-02 14:00:00
4.55,Uber,2018-12-18 08:15:11.497,Financial District,Northeastern University,11.5,1.0,WAV,2018-12-18 08:00:00
0.61,Lyft,2018-11-26 21:47:09.809,South Station,Theatre District,7.0,1.0,Lyft,2018-11-26 21:00:00
1.12,Lyft,2018-11-29 12:58:03.678,Theatre District,South Station,27.5,1.0,Lux Black XL,2018-11-29 12:00:00
2.34,Lyft,2018-11-30 15:13:02.913,Boston University,Beacon Hill,9.0,1.0,Lyft,2018-11-30 15:00:00
4.55,Uber,2018-11-26 23:18:15.325,Financial District,Northeastern University,37.5,1.0,Black SUV,2018-11-26 23:00:00
7.25,Uber,2018-11-27 11:48:22.236,Financial District,Boston University,44.0,1.0,Black,2018-11-27 11:00:00
2.46,Uber,2018-12-18 05:35:10.474,Beacon Hill,Fenway,30.5,1.0,Black SUV,2018-12-18 05:00:00
3.04,Uber,2018-11-28 15:47:08.137,West End,Boston University,21.5,1.0,Black,2018-11-28 15:00:00
1.01,Lyft,2018-12-17 08:15:10.549,Haymarket Square,Financial District,5.0,1.0,Shared,2018-12-17 08:00:00
0.56,Uber,2018-12-02 18:48:01.652,Haymarket Square,North Station,26.0,1.0,Black SUV,2018-12-02 18:00:00
1.03,Lyft,2018-11-30 20:18:05.499,Northeastern University,Back Bay,7.0,1.0,Lyft,2018-11-30 20:00:00
3.39,Uber,2018-11-29 12:08:04.722,North Station,Boston University,19.0,1.0,UberXL,2018-11-29 12:00:00
1.76,Lyft,2018-11-29 23:43:03.693,North Station,South Station,22.5,1.0,Lux Black,2018-11-29 23:00:00
2.51,Lyft,2018-11-28 14:20:07.852,Theatre District,Fenway,38.5,1.0,Lux Black XL,2018-11-28 14:00:00
0.39,Uber,2018-12-03 20:03:01.245,South Station,Financial District,8.0,1.0,UberPool,2018-12-03 20:00:00
2.66,Uber,2018-12-17 16:50:11.184,Fenway,Theatre District,31.5,1.0,Black SUV,2018-12-17 16:00:00
0.39,Uber,2018-11-29 10:38:02.649,South Station,Financial District,27.5,1.0,Black SUV,2018-11-29 10:00:00
2.43,Lyft,2018-11-30 20:52:59.685,Beacon Hill,Fenway,16.5,1.0,Lux,2018-11-30 20:00:00
2.44,Lyft,2018-12-18 04:20:09.760,Northeastern University,Beacon Hill,10.5,1.0,Lyft,2018-12-18 04:00:00
1.21,Uber,2018-11-27 00:51:21.992,North End,Financial District,27.5,1.0,Black SUV,2018-11-27 00:00:00
1.5,Uber,2018-11-29 08:57:56.141,Back Bay,Fenway,12.0,1.0,WAV,2018-11-29 08:00:00
2.25,Uber,2018-12-17 14:15:13.450,North End,Beacon Hill,19.5,1.0,Black,2018-12-17 14:00:00
2.33,Uber,2018-11-26 10:29:09.768,North End,Back Bay,9.5,1.0,UberX,2018-11-26 10:00:00
2.51,Lyft,2018-11-27 10:03:22.265,Northeastern University,Beacon Hill,34.0,1.0,Lux Black XL,2018-11-27 10:00:00
2.38,Uber,2018-12-17 08:00:08.741,North Station,South Station,15.0,1.0,UberXL,2018-12-17 08:00:00
1.97,Uber,2018-12-14 09:00:12.902,Northeastern University,Beacon Hill,9.0,1.0,WAV,2018-12-14 09:00:00
2.95,Lyft,2018-12-17 23:35:04.778,Fenway,West End,19.5,1.0,Lux,2018-12-17 23:00:00
3.23,Lyft,2018-12-02 04:38:08.050,North Station,Northeastern University,19.5,1.0,Lyft XL,2018-12-02 04:00:00
2.48,Uber,2018-12-17 14:55:12.402,South Station,Beacon Hill,9.5,1.0,WAV,2018-12-17 14:00:00
1.0,Lyft,2018-12-04 00:53:00.561,North Station,North End,11.0,1.0,Lyft XL,2018-12-04 00:00:00
3.22,Uber,2018-12-15 20:35:11.911,North Station,Northeastern University,11.0,1.0,UberPool,2018-12-15 20:00:00
2.37,Lyft,2018-11-26 07:23:01.362,Back Bay,Haymarket Square,30.0,1.0,Lux Black XL,2018-11-26 07:00:00
0.55,Uber,2018-12-14 06:15:11.395,South Station,Theatre District,8.5,1.0,UberX,2018-12-14 06:00:00
2.53,Uber,2018-12-02 13:33:02.313,Beacon Hill,Boston University,17.5,1.0,UberXL,2018-12-02 13:00:00
1.0,Lyft,2018-12-03 17:32:58.933,Financial District,Haymarket Square,7.0,1.0,Lyft,2018-12-03 17:00:00
2.91,Uber,2018-12-18 11:20:08.803,Northeastern University,Theatre District,9.5,1.0,WAV,2018-12-18 11:00:00
4.55,Uber,2018-12-03 07:28:02.386,Financial District,Northeastern University,30.5,1.0,Black,2018-12-03 07:00:00
1.06,Uber,2018-11-29 00:44:08.051,North End,West End,7.0,1.0,WAV,2018-11-29 00:00:00
3.18,Lyft,2018-12-01 22:08:06.753,Fenway,North Station,22.5,1.25,Lux,2018-12-01 22:00:00
3.07,Lyft,2018-12-17 03:35:12.384,West End,Boston University,11.0,1.0,Lyft,2018-12-17 03:00:00
1.03,Uber,2018-12-13 08:50:05.636,North Station,North End,16.0,1.0,Black,2018-12-13 08:00:00
0.72,Uber,2018-11-29 20:08:04.244,Haymarket Square,West End,7.0,1.0,WAV,2018-11-29 20:00:00
2.89,Lyft,2018-11-27 02:30:22.147,Boston University,West End,11.0,1.0,Lyft,2018-11-27 02:00:00
1.74,Uber,2018-12-02 01:43:01.261,West End,South Station,20.5,1.0,Black,2018-12-02 01:00:00
2.09,Lyft,2018-12-02 14:18:04.004,South Station,North Station,16.5,1.0,Lux,2018-12-02 14:00:00
1.44,Lyft,2018-12-14 00:20:07.942,Back Bay,Fenway,7.0,1.0,Shared,2018-12-14 00:00:00
1.51,Lyft,2018-11-27 12:27:21.993,South Station,West End,7.0,1.0,Shared,2018-11-27 12:00:00
2.84,Uber,2018-12-18 04:55:08.697,Fenway,West End,23.0,1.0,Black,2018-12-18 04:00:00
2.48,Uber,2018-12-02 08:48:01.070,South Station,Beacon Hill,8.5,1.0,UberX,2018-12-02 08:00:00
1.34,Uber,2018-11-28 22:47:08.726,Fenway,Back Bay,12.0,1.0,UberXL,2018-11-28 22:00:00
1.35,Uber,2018-11-26 14:53:11.516,North End,Beacon Hill,9.5,1.0,UberX,2018-11-26 14:00:00
4.12,Uber,2018-12-03 01:33:01.562,Financial District,Boston University,9.0,1.0,UberPool,2018-12-03 01:00:00
2.33,Lyft,2018-12-02 14:43:06.730,Boston University,Beacon Hill,9.0,1.0,Lyft,2018-12-02 14:00:00
3.14,Lyft,2018-11-28 11:26:25.036,West End,Boston University,19.5,1.0,Lux,2018-11-28 11:00:00
2.31,Lyft,2018-12-14 03:20:05.078,Fenway,Beacon Hill,7.0,1.0,Shared,2018-12-14 03:00:00
3.05,Uber,2018-12-04 01:13:06.904,Fenway,North Station,11.0,1.0,UberX,2018-12-04 01:00:00
0.44,Lyft,2018-12-15 06:40:14.312,North Station,Haymarket Square,26.0,1.0,Lux Black XL,2018-12-15 06:00:00
1.45,Lyft,2018-11-27 02:27:22.010,Fenway,Back Bay,13.5,1.25,Lyft XL,2018-11-27 02:00:00
1.02,Lyft,2018-11-26 09:50:09.447,North End,Financial District,27.5,1.0,Lux Black XL,2018-11-26 09:00:00
0.44,Lyft,2018-12-18 07:10:03.904,South Station,Financial District,3.0,1.0,Shared,2018-12-18 07:00:00
2.32,Uber,2018-12-14 00:35:05.922,Fenway,Beacon Hill,23.0,1.0,Black,2018-12-14 00:00:00
3.01,Uber,2018-12-02 13:53:01.668,Boston University,North Station,25.0,1.0,Black,2018-12-02 13:00:00
2.84,Uber,2018-12-03 03:53:01.958,Fenway,West End,18.0,1.0,WAV,2018-12-03 03:00:00
1.52,Lyft,2018-11-29 18:07:58.557,Theatre District,North End,16.5,1.0,Lux,2018-11-29 18:00:00
2.14,Uber,2018-11-28 00:21:22.455,South Station,West End,9.0,1.0,UberX,2018-11-28 00:00:00
0.62,Uber,2018-11-27 19:18:22.078,West End,Haymarket Square,8.5,1.0,UberX,2018-11-27 19:00:00
3.24,Uber,2018-12-13 13:35:05.721,North Station,Northeastern University,15.5,1.0,UberPool,2018-12-13 13:00:00
1.7,Lyft,2018-12-03 05:53:01.926,South Station,West End,13.5,1.0,Lyft XL,2018-12-03 05:00:00
4.42,Uber,2018-12-02 06:23:03.197,Financial District,Fenway,22.5,1.0,UberXL,2018-12-02 06:00:00
2.45,Uber,2018-12-17 03:00:10.533,Theatre District,Boston University,32.0,1.0,Black SUV,2018-12-17 03:00:00
2.67,Uber,2018-11-29 04:14:22.200,Beacon Hill,North End,25.0,1.0,UberXL,2018-11-29 04:00:00
1.81,Uber,2018-11-30 19:53:11.062,Northeastern University,Theatre District,8.5,1.0,UberX,2018-11-30 19:00:00
1.36,Uber,2018-12-18 09:50:09.798,Beacon Hill,Haymarket Square,8.5,1.0,UberX,2018-12-18 09:00:00
1.71,Lyft,2018-11-27 00:36:14.189,North End,Theatre District,13.5,1.0,Lyft XL,2018-11-27 00:00:00
2.5,Uber,2018-11-26 22:44:09.635,Beacon Hill,South Station,9.5,1.0,UberX,2018-11-26 22:00:00
0.6,Lyft,2018-11-29 00:13:41.724,South Station,Theatre District,9.0,1.0,Lyft XL,2018-11-29 00:00:00
0.82,Uber,2018-12-14 08:15:05.172,Financial District,Haymarket Square,7.5,1.0,UberPool,2018-12-14 08:00:00
1.14,Lyft,2018-12-02 06:52:56.305,Theatre District,South Station,5.0,1.0,Shared,2018-12-02 06:00:00
2.51,Uber,2018-11-28 09:46:17.287,North Station,Northeastern University,23.0,1.0,Black,2018-11-28 09:00:00
2.79,Uber,2018-12-01 21:47:56.440,Beacon Hill,Boston University,20.5,1.0,Black,2018-12-01 21:00:00
5.42,Lyft,2018-11-27 11:54:22.041,Boston University,Financial District,10.5,1.0,Shared,2018-11-27 11:00:00
2.11,Lyft,2018-11-30 08:03:02.232,Northeastern University,Theatre District,7.0,1.0,Shared,2018-11-30 08:00:00
2.36,Lyft,2018-11-27 23:42:21.877,Fenway,Beacon Hill,13.5,1.0,Lyft XL,2018-11-27 23:00:00
2.92,Lyft,2018-11-28 12:41:07.838,Theatre District,Boston University,11.0,1.0,Lyft,2018-11-28 12:00:00
0.65,Lyft,2018-11-30 16:33:03.999,West End,Haymarket Square,16.5,1.0,Lux Black,2018-11-30 16:00:00
1.25,Lyft,2018-11-28 23:48:39.606,Theatre District,Haymarket Square,5.0,1.0,Shared,2018-11-28 23:00:00
2.37,Lyft,2018-11-27 07:18:22.176,Fenway,Beacon Hill,9.0,1.0,Lyft,2018-11-27 07:00:00
1.95,Uber,2018-12-02 22:22:57.888,Theatre District,Northeastern University,7.0,1.0,UberPool,2018-12-02 22:00:00
2.87,Uber,2018-11-26 15:20:09.865,Northeastern University,Financial District,30.5,1.0,Black SUV,2018-11-26 15:00:00
1.09,Lyft,2018-12-15 15:50:11.150,North End,North Station,16.5,1.0,Lux Black,2018-12-15 15:00:00
2.17,Uber,2018-12-01 04:07:59.660,South Station,North Station,22.0,1.0,Black,2018-12-01 04:00:00
0.99,Uber,2018-12-13 15:00:07.252,Financial District,Haymarket Square,10.5,1.0,UberXL,2018-12-13 15:00:00
1.79,Uber,2018-11-28 16:44:08.055,Back Bay,Haymarket Square,9.0,1.0,WAV,2018-11-28 16:00:00
2.66,Uber,2018-11-28 11:17:07.750,Fenway,Theatre District,23.0,1.0,Black,2018-11-28 11:00:00
1.22,Uber,2018-12-15 16:20:10.935,Northeastern University,Back Bay,7.0,1.0,WAV,2018-12-15 16:00:00
1.89,Uber,2018-11-29 00:18:43.144,Theatre District,Northeastern University,18.5,1.0,Black,2018-11-29 00:00:00
0.61,Uber,2018-12-03 09:18:04.362,West End,Haymarket Square,7.0,1.0,UberX,2018-12-03 09:00:00
1.08,Uber,2018-12-16 17:05:04.009,Northeastern University,Back Bay,14.5,1.0,Black,2018-12-16 17:00:00
1.57,Uber,2018-12-03 05:13:04.327,North End,Theatre District,17.0,1.0,Black,2018-12-03 05:00:00
0.91,Uber,2018-12-14 15:55:12.572,Beacon Hill,Haymarket Square,15.0,1.0,Black,2018-12-14 15:00:00
3.07,Uber,2018-12-16 23:15:03.576,North Station,Fenway,20.5,1.0,UberXL,2018-12-16 23:00:00
1.06,Lyft,2018-11-27 04:03:22.173,North End,West End,13.5,1.0,Lux,2018-11-27 04:00:00
2.45,Lyft,2018-12-13 21:25:15.649,Northeastern University,Beacon Hill,9.0,1.0,Lyft,2018-12-13 21:00:00
1.57,Uber,2018-11-29 02:39:19.566,North End,Theatre District,8.0,1.0,UberPool,2018-11-29 02:00:00
2.92,Lyft,2018-12-17 00:40:14.594,Theatre District,Boston University,26.0,1.0,Lux Black,2018-12-17 00:00:00
2.72,Uber,2018-11-27 00:06:14.681,West End,Fenway,11.0,1.0,WAV,2018-11-27 00:00:00
2.72,Uber,2018-11-28 10:17:07.255,West End,Fenway,20.5,1.0,Black,2018-11-28 10:00:00
1.0,Uber,2018-12-03 21:58:03.186,Financial District,Haymarket Square,7.0,1.0,UberX,2018-12-03 21:00:00
2.61,Lyft,2018-11-28 20:20:08.338,North End,Back Bay,22.5,1.0,Lux Black,2018-11-28 20:00:00
1.34,Uber,2018-11-29 02:41:07.914,Fenway,Back Bay,6.5,1.0,UberPool,2018-11-29 02:00:00
4.4,Uber,2018-12-01 03:13:00.439,Financial District,Fenway,29.5,1.0,Black,2018-12-01 03:00:00
2.73,Lyft,2018-12-15 18:10:07.605,Back Bay,North End,10.5,1.0,Lyft,2018-12-15 18:00:00
3.31,Lyft,2018-12-17 03:55:09.102,Northeastern University,North Station,19.5,1.0,Lyft XL,2018-12-17 03:00:00
1.44,Uber,2018-12-01 16:43:05.178,South Station,West End,19.5,1.0,Black,2018-12-01 16:00:00
3.01,Uber,2018-11-28 14:21:26.141,Boston University,North Station,10.5,1.0,UberX,2018-11-28 14:00:00
1.77,Lyft,2018-12-15 03:35:03.691,West End,South Station,22.5,1.0,Lux Black,2018-12-15 03:00:00
1.86,Uber,2018-12-18 15:15:08.265,North End,West End,17.5,1.0,Black,2018-12-18 15:00:00
1.58,Uber,2018-12-13 11:45:03.846,North Station,South Station,10.5,1.0,UberX,2018-12-13 11:00:00
1.4,Uber,2018-11-27 22:48:24.791,Boston University,Back Bay,7.5,1.0,UberX,2018-11-27 22:00:00
0.72,Lyft,2018-11-27 10:54:23.527,Haymarket Square,North Station,10.5,1.0,Lyft XL,2018-11-27 10:00:00
3.3,Lyft,2018-11-27 15:27:23.777,Northeastern University,North Station,34.0,1.0,Lux Black XL,2018-11-27 15:00:00
0.62,Lyft,2018-12-17 17:40:09.727,South Station,Theatre District,3.0,1.0,Shared,2018-12-17 17:00:00
1.04,Uber,2018-12-16 17:40:12.797,Financial District,North End,15.0,1.0,UberXL,2018-12-16 17:00:00
1.0,Lyft,2018-12-13 11:35:10.419,Financial District,Haymarket Square,13.5,1.0,Lux,2018-12-13 11:00:00
3.42,Uber,2018-11-27 12:12:23.339,North Station,Boston University,37.0,1.0,Black SUV,2018-11-27 12:00:00
0.87,Lyft,2018-12-18 00:25:11.435,Haymarket Square,North Station,7.0,1.0,Lyft,2018-12-18 00:00:00
3.01,Uber,2018-12-14 14:20:10.855,Boston University,North Station,10.0,1.0,UberPool,2018-12-14 14:00:00
3.22,Lyft,2018-12-02 06:03:01.730,Back Bay,South Station,38.0,1.0,Lux Black XL,2018-12-02 06:00:00
2.67,Uber,2018-11-27 21:51:22.401,Boston University,Theatre District,22.5,1.0,Black,2018-11-27 21:00:00
1.36,Uber,2018-11-30 03:48:04.210,Beacon Hill,Haymarket Square,8.5,1.0,WAV,2018-11-30 03:00:00
4.4,Uber,2018-12-14 15:25:06.683,Financial District,Fenway,12.5,1.0,UberX,2018-12-14 15:00:00
0.4,Uber,2018-12-15 19:10:07.039,South Station,Financial District,8.5,1.0,UberXL,2018-12-15 19:00:00
0.63,Uber,2018-12-15 20:20:10.523,Financial District,South Station,6.5,1.0,UberX,2018-12-15 20:00:00
1.56,Uber,2018-12-02 00:28:02.365,Back Bay,Boston University,26.5,1.0,Black SUV,2018-12-02 00:00:00
3.03,Lyft,2018-11-29 01:08:07.727,Northeastern University,West End,19.5,1.0,Lux,2018-11-29 01:00:00
2.94,Lyft,2018-11-27 06:57:23.372,Fenway,West End,27.5,1.0,Lux Black,2018-11-27 06:00:00
1.57,Uber,2018-12-17 03:30:09.328,North End,Theatre District,13.5,1.0,UberXL,2018-12-17 03:00:00
3.06,Lyft,2018-12-15 08:35:03.848,West End,Boston University,22.5,1.0,Lux Black,2018-12-15 08:00:00
1.64,Uber,2018-12-17 18:35:16.720,Back Bay,Northeastern University,26.5,1.0,Black SUV,2018-12-17 18:00:00
4.73,Lyft,2018-11-28 10:32:08.006,Boston University,Theatre District,22.5,1.0,Lyft XL,2018-11-28 10:00:00
2.63,Lyft,2018-11-29 14:38:08.797,Theatre District,Northeastern University,7.0,1.0,Shared,2018-11-29 14:00:00
0.72,Uber,2018-12-16 18:10:05.822,Haymarket Square,West End,15.5,1.0,Black,2018-12-16 18:00:00
0.57,Lyft,2018-12-04 05:23:00.166,Financial District,South Station,11.0,1.0,Lux,2018-12-04 05:00:00
0.56,Lyft,2018-12-03 15:33:06.116,Financial District,South Station,10.5,1.0,Lyft XL,2018-12-03 15:00:00
1.25,Lyft,2018-11-27 23:48:22.118,West End,North End,13.5,1.0,Lyft XL,2018-11-27 23:00:00
3.04,Uber,2018-11-29 12:58:07.090,West End,Boston University,33.0,1.0,Black SUV,2018-11-29 12:00:00
1.6,Uber,2018-12-15 14:00:07.205,Back Bay,Fenway,12.5,1.0,UberXL,2018-12-15 14:00:00
0.43,Lyft,2018-11-30 05:33:02.818,South Station,Financial District,5.0,1.0,Shared,2018-11-30 05:00:00
2.27,Uber,2018-11-30 18:03:05.013,Boston University,Beacon Hill,19.5,1.0,Black,2018-11-30 18:00:00
0.54,Uber,2018-12-13 09:55:09.352,Financial District,South Station,27.5,1.0,Black SUV,2018-12-13 09:00:00
1.36,Uber,2018-12-01 11:23:03.508,Beacon Hill,Haymarket Square,8.0,1.0,UberPool,2018-12-01 11:00:00
1.24,Lyft,2018-12-02 18:33:02.051,Theatre District,Haymarket Square,10.5,1.0,Lyft XL,2018-12-02 18:00:00
2.47,Lyft,2018-11-28 09:38:08.108,Northeastern University,Beacon Hill,7.0,1.0,Shared,2018-11-28 09:00:00
3.39,Lyft,2018-11-27 02:48:21.958,Northeastern University,Financial District,38.5,1.0,Lux Black XL,2018-11-27 02:00:00
2.66,Uber,2018-12-02 10:33:03.113,Theatre District,Fenway,32.0,1.0,Black SUV,2018-12-02 10:00:00
1.61,Uber,2018-12-15 05:15:13.418,Haymarket Square,Theatre District,9.0,1.0,UberPool,2018-12-15 05:00:00
2.5,Uber,2018-12-14 09:30:09.231,Beacon Hill,South Station,10.5,1.0,UberX,2018-12-14 09:00:00
2.65,Lyft,2018-11-27 08:24:23.454,North End,Back Bay,5.0,1.0,Shared,2018-11-27 08:00:00
2.45,Uber,2018-11-29 23:22:55.858,Theatre District,Boston University,8.5,1.0,UberPool,2018-11-29 23:00:00
4.65,Uber,2018-11-29 13:12:55.909,Financial District,Boston University,13.0,1.0,WAV,2018-11-29 13:00:00
1.04,Uber,2018-12-13 04:35:10.222,Financial District,North End,8.5,1.0,UberX,2018-12-13 04:00:00
1.49,Lyft,2018-12-14 12:55:04.886,Back Bay,Boston University,10.5,1.0,Lyft XL,2018-12-14 12:00:00
1.41,Uber,2018-12-01 14:43:00.736,Theatre District,North End,10.5,1.0,UberX,2018-12-01 14:00:00
3.44,Uber,2018-12-10 02:33:36.661,Back Bay,South Station,10.5,1.0,UberX,2018-12-10 02:00:00
2.38,Lyft,2018-11-28 11:53:08.125,Beacon Hill,Fenway,3.5,1.0,Shared,2018-11-28 11:00:00
1.52,Lyft,2018-12-14 09:05:06.967,South Station,Beacon Hill,27.5,1.0,Lux Black XL,2018-12-14 09:00:00
3.13,Lyft,2018-12-15 11:50:07.807,Boston University,Theatre District,11.0,1.0,Lyft,2018-12-15 11:00:00
1.58,Uber,2018-11-29 21:18:01.451,North Station,South Station,8.0,1.0,UberX,2018-11-29 21:00:00
1.42,Lyft,2018-11-29 13:43:02.084,West End,North End,13.5,1.0,Lyft XL,2018-11-29 13:00:00
2.29,Lyft,2018-12-17 03:15:03.493,Haymarket Square,Back Bay,11.0,1.0,Lyft,2018-12-17 03:00:00
2.87,Lyft,2018-12-01 03:28:04.871,Boston University,West End,16.5,1.0,Lyft XL,2018-12-01 03:00:00
2.43,Uber,2018-12-13 18:25:05.446,North End,Beacon Hill,29.0,1.0,Black SUV,2018-12-13 18:00:00
2.51,Lyft,2018-11-27 22:18:24.416,Back Bay,North End,16.5,1.0,Lyft XL,2018-11-27 22:00:00
3.61,Uber,2018-11-27 08:09:22.360,Back Bay,North End,30.5,1.0,UberXL,2018-11-27 08:00:00
3.17,Lyft,2018-11-28 17:08:08.019,Fenway,Theatre District,16.5,1.0,Lyft XL,2018-11-28 17:00:00
2.52,Uber,2018-12-14 16:40:09.898,North End,Back Bay,19.5,1.0,UberXL,2018-12-14 16:00:00
2.61,Uber,2018-12-13 18:35:11.961,Beacon Hill,Northeastern University,16.0,1.0,UberXL,2018-12-13 18:00:00
1.61,Uber,2018-12-14 11:40:04.207,Haymarket Square,Theatre District,8.0,1.0,UberX,2018-12-14 11:00:00
2.46,Uber,2018-11-26 17:29:09.490,Beacon Hill,Fenway,9.5,1.0,WAV,2018-11-26 17:00:00
3.01,Uber,2018-12-18 07:30:08.347,Boston University,North Station,17.5,1.0,UberXL,2018-12-18 07:00:00
2.5,Uber,2018-12-02 18:28:02.368,Beacon Hill,South Station,9.5,1.0,UberX,2018-12-02 18:00:00
2.14,Uber,2018-11-29 01:23:40.671,South Station,West End,8.5,1.0,UberPool,2018-11-29 01:00:00
3.42,Uber,2018-12-15 04:30:05.142,Northeastern University,North Station,9.5,1.0,UberPool,2018-12-15 04:00:00
2.92,Lyft,2018-12-02 06:43:04.713,Boston University,West End,32.5,1.0,Lux Black XL,2018-12-02 06:00:00
3.11,Lyft,2018-11-30 01:12:57.647,Northeastern University,West End,16.5,1.0,Lyft XL,2018-11-30 01:00:00
0.49,Uber,2018-12-03 18:03:03.379,North Station,Haymarket Square,6.5,1.0,UberPool,2018-12-03 18:00:00
4.48,Uber,2018-12-03 02:43:03.642,Fenway,Financial District,44.0,1.0,Black SUV,2018-12-03 02:00:00
2.13,Lyft,2018-11-26 19:50:09.811,Northeastern University,Theatre District,19.5,1.25,Lyft XL,2018-11-26 19:00:00
1.84,Lyft,2018-12-03 12:52:56.553,Beacon Hill,North End,32.5,1.0,Lux Black XL,2018-12-03 12:00:00
2.61,Uber,2018-12-18 00:00:08.336,Beacon Hill,Northeastern University,11.0,1.0,UberPool,2018-12-18 00:00:00
3.12,Lyft,2018-12-04 03:02:56.295,Fenway,Theatre District,38.5,1.0,Lux Black XL,2018-12-04 03:00:00
1.21,Uber,2018-12-17 18:05:12.242,North End,Financial District,7.0,1.0,UberX,2018-12-17 18:00:00
1.97,Uber,2018-12-16 14:10:11.439,West End,South Station,8.5,1.0,UberX,2018-12-16 14:00:00
2.2,Uber,2018-12-16 18:20:06.302,Haymarket Square,Back Bay,9.5,1.0,WAV,2018-12-16 18:00:00
0.39,Uber,2018-12-16 20:30:07.261,South Station,Financial District,15.0,1.0,Black,2018-12-16 20:00:00
2.12,Uber,2018-12-13 04:55:10.172,South Station,North Station,19.0,1.0,Black,2018-12-13 04:00:00
1.23,Uber,2018-11-27 02:06:22.082,North End,Financial District,7.0,1.0,UberX,2018-11-27 02:00:00
1.28,Lyft,2018-11-30 17:13:06.176,Beacon Hill,Haymarket Square,13.5,1.0,Lux,2018-11-30 17:00:00
1.08,Lyft,2018-12-18 10:00:04.915,Northeastern University,Back Bay,16.5,1.0,Lux Black,2018-12-18 10:00:00
2.34,Lyft,2018-12-15 16:15:11.953,Boston University,Beacon Hill,7.0,1.0,Shared,2018-12-15 16:00:00
4.44,Lyft,2018-11-29 20:38:01.668,Financial District,Boston University,11.0,1.0,Shared,2018-11-29 20:00:00
3.15,Lyft,2018-12-14 03:20:09.924,West End,Boston University,5.0,1.0,Shared,2018-12-14 03:00:00
2.88,Lyft,2018-12-17 17:40:06.216,Boston University,West End,16.5,1.0,Lyft XL,2018-12-17 17:00:00
2.8,Uber,2018-11-27 06:39:22.040,Boston University,West End,17.0,1.0,UberXL,2018-11-27 06:00:00
3.21,Lyft,2018-12-13 16:10:12.009,North Station,Fenway,22.5,1.0,Lux,2018-12-13 16:00:00
2.93,Lyft,2018-12-04 06:47:58.969,Fenway,West End,19.5,1.0,Lux,2018-12-04 06:00:00
1.79,Uber,2018-12-03 04:08:03.883,Back Bay,Haymarket Square,18.0,1.0,Black,2018-12-03 04:00:00
3.14,Lyft,2018-11-27 13:00:23.495,Boston University,Theatre District,7.0,1.0,Shared,2018-11-27 13:00:00
1.48,Lyft,2018-11-29 17:23:04.413,Back Bay,Boston University,7.0,1.0,Lyft,2018-11-29 17:00:00
1.92,Uber,2018-12-10 02:28:40.420,Northeastern University,Beacon Hill,8.5,1.0,WAV,2018-12-10 02:00:00
2.32,Lyft,2018-12-17 01:10:13.810,Haymarket Square,Back Bay,22.5,1.0,Lux Black,2018-12-17 01:00:00
1.38,Lyft,2018-12-01 17:53:02.520,Fenway,Back Bay,13.5,1.0,Lux,2018-12-01 17:00:00
2.32,Uber,2018-12-16 08:35:03.415,Haymarket Square,Back Bay,17.5,1.0,UberX,2018-12-16 08:00:00
0.99,Uber,2018-11-29 15:52:56.355,Financial District,Haymarket Square,11.0,1.0,UberXL,2018-11-29 15:00:00
3.01,Lyft,2018-11-27 05:21:22.170,North End,Back Bay,32.5,1.75,Lyft XL,2018-11-27 05:00:00
1.41,Uber,2018-11-29 16:43:03.515,Theatre District,North End,13.5,1.0,UberXL,2018-11-29 16:00:00
1.25,Uber,2018-11-30 02:12:59.052,Haymarket Square,Financial District,13.0,1.0,UberXL,2018-11-30 02:00:00
0.39,Uber,2018-12-10 00:23:29.329,South Station,Financial District,5.5,1.0,UberPool,2018-12-10 00:00:00
1.8,Uber,2018-12-02 04:13:09.000,Northeastern University,Theatre District,25.0,1.0,Black SUV,2018-12-02 04:00:00
2.84,Uber,2018-11-28 12:41:07.662,Fenway,West End,28.5,1.0,Black SUV,2018-11-28 12:00:00
2.46,Lyft,2018-12-18 17:40:11.530,South Station,Beacon Hill,55.0,2.0,Lux Black XL,2018-12-18 17:00:00
1.4,Lyft,2018-11-26 07:16:52.866,Back Bay,Northeastern University,26.0,1.0,Lux Black XL,2018-11-26 07:00:00
1.39,Lyft,2018-11-30 17:53:01.427,Fenway,Back Bay,16.5,1.0,Lux Black,2018-11-30 17:00:00
1.61,Uber,2018-12-02 19:32:57.558,Haymarket Square,Theatre District,7.5,1.0,UberPool,2018-12-02 19:00:00
1.41,Uber,2018-11-27 11:57:22.253,Boston University,Back Bay,12.5,1.0,UberXL,2018-11-27 11:00:00
2.66,Uber,2018-12-18 12:45:07.955,Theatre District,Fenway,9.5,1.0,WAV,2018-12-18 12:00:00
0.91,Uber,2018-11-27 14:33:22.558,Beacon Hill,Haymarket Square,16.0,1.0,Black,2018-11-27 14:00:00
1.51,Lyft,2018-11-29 04:29:19.868,Boston University,Back Bay,5.0,1.0,Shared,2018-11-29 04:00:00
1.23,Lyft,2018-12-18 11:30:07.074,Beacon Hill,Haymarket Square,13.5,1.0,Lux,2018-12-18 11:00:00
1.57,Uber,2018-11-27 21:48:22.247,North End,Theatre District,11.5,1.0,UberX,2018-11-27 21:00:00
2.35,Lyft,2018-11-27 14:27:21.971,Boston University,Beacon Hill,22.5,1.0,Lux Black,2018-11-27 14:00:00
2.4,Lyft,2018-11-28 00:33:22.451,Beacon Hill,Northeastern University,3.5,1.0,Shared,2018-11-28 00:00:00
1.25,Lyft,2018-11-30 00:32:58.055,Theatre District,Haymarket Square,9.0,1.0,Lyft,2018-11-30 00:00:00
4.53,Lyft,2018-11-27 02:09:23.494,Financial District,Boston University,45.5,1.0,Lux Black XL,2018-11-27 02:00:00
1.56,Uber,2018-12-15 15:35:09.854,Back Bay,Boston University,8.0,1.0,WAV,2018-12-15 15:00:00
1.36,Lyft,2018-12-16 04:30:15.106,Beacon Hill,Haymarket Square,7.0,1.0,Lyft,2018-12-16 04:00:00
3.22,Uber,2018-12-04 00:07:56.911,North Station,Northeastern University,10.0,1.0,UberPool,2018-12-04 00:00:00
1.03,Lyft,2018-11-27 05:18:21.992,North End,North Station,13.5,1.0,Lux,2018-11-27 05:00:00
3.08,Lyft,2018-12-15 18:30:09.866,Fenway,Theatre District,34.0,1.0,Lux Black XL,2018-12-15 18:00:00
3.45,Uber,2018-11-29 23:57:58.653,South Station,Back Bay,12.0,1.0,WAV,2018-11-29 23:00:00
3.07,Uber,2018-12-16 08:30:12.443,North Station,Fenway,11.5,1.0,WAV,2018-12-16 08:00:00
0.48,Lyft,2018-11-27 21:42:23.023,South Station,Financial District,9.0,1.0,Lyft XL,2018-11-27 21:00:00
1.09,Lyft,2018-12-17 02:35:14.117,North End,North Station,13.5,1.0,Lux,2018-12-17 02:00:00
1.73,Lyft,2018-12-14 10:05:11.174,Haymarket Square,Theatre District,30.0,1.0,Lux Black XL,2018-12-14 10:00:00
1.35,Lyft,2018-12-16 06:50:05.251,South Station,Back Bay,30.0,1.0,Lux Black XL,2018-12-16 06:00:00
1.68,Uber,2018-12-03 11:13:04.831,South Station,Back Bay,10.0,1.0,UberPool,2018-12-03 11:00:00
1.49,Lyft,2018-11-27 02:39:21.948,Back Bay,Fenway,13.5,1.0,Lux,2018-11-27 02:00:00
1.73,Lyft,2018-12-18 14:50:07.517,Haymarket Square,Theatre District,3.0,1.0,Shared,2018-12-18 14:00:00
0.76,Lyft,2018-12-01 17:43:03.789,Haymarket Square,West End,7.0,1.0,Lyft,2018-12-01 17:00:00
1.5,Lyft,2018-12-15 11:20:04.558,Back Bay,Boston University,5.0,1.0,Shared,2018-12-15 11:00:00
0.91,Uber,2018-11-26 22:51:10.706,Beacon Hill,Haymarket Square,7.0,1.0,UberX,2018-11-26 22:00:00
1.12,Lyft,2018-12-18 08:40:10.774,Northeastern University,Back Bay,7.0,1.0,Lyft,2018-12-18 08:00:00
1.34,Uber,2018-12-15 17:15:11.663,Fenway,Back Bay,8.0,1.0,WAV,2018-12-15 17:00:00
2.87,Lyft,2018-12-04 01:42:58.885,Boston University,West End,10.5,1.0,Lyft,2018-12-04 01:00:00
1.45,Lyft,2018-11-28 15:26:23.020,Back Bay,Fenway,19.5,1.25,Lux,2018-11-28 15:00:00
1.17,Lyft,2018-11-30 18:12:57.623,Theatre District,South Station,10.5,1.0,Lyft XL,2018-11-30 18:00:00
4.48,Uber,2018-12-01 02:11:11.406,Fenway,Financial District,13.0,1.0,WAV,2018-12-01 02:00:00
4.48,Uber,2018-12-15 18:30:11.361,Fenway,Financial District,21.5,1.0,WAV,2018-12-15 18:00:00
0.63,Uber,2018-12-03 22:03:02.203,Financial District,South Station,7.5,1.0,UberX,2018-12-03 22:00:00
2.19,Uber,2018-12-13 23:15:10.707,North End,Beacon Hill,8.5,1.0,WAV,2018-12-13 23:00:00
0.55,Uber,2018-12-01 16:58:03.384,South Station,Theatre District,7.0,1.0,WAV,2018-12-01 16:00:00
1.06,Uber,2018-11-27 23:24:23.427,North End,West End,26.0,1.0,Black SUV,2018-11-27 23:00:00
3.39,Lyft,2018-12-15 21:40:12.797,Northeastern University,Financial District,38.5,1.0,Lux Black XL,2018-12-15 21:00:00
2.46,Uber,2018-12-14 23:15:03.644,Beacon Hill,Fenway,19.5,1.0,Black,2018-12-14 23:00:00
3.2,Lyft,2018-12-16 13:00:14.477,Fenway,North Station,34.0,1.0,Lux Black XL,2018-12-16 13:00:00
1.49,Uber,2018-11-27 02:48:22.173,North End,Beacon Hill,8.5,1.0,UberPool,2018-11-27 02:00:00
2.46,Lyft,2018-12-16 16:40:03.562,Beacon Hill,Northeastern University,38.5,1.5,Lux Black,2018-12-16 16:00:00
3.06,Lyft,2018-12-01 23:57:56.277,Northeastern University,West End,27.5,1.0,Lux Black,2018-12-01 23:00:00
3.29,Lyft,2018-12-14 14:20:10.199,Northeastern University,North Station,22.5,1.25,Lyft XL,2018-12-14 14:00:00
0.63,Lyft,2018-11-28 22:26:08.016,Financial District,South Station,19.5,1.25,Lux Black,2018-11-28 22:00:00
1.79,Uber,2018-12-02 02:37:58.944,Back Bay,Haymarket Square,18.0,1.0,Black,2018-12-02 02:00:00
4.74,Uber,2018-12-15 15:45:11.723,Financial District,Boston University,9.5,1.0,UberPool,2018-12-15 15:00:00
2.43,Uber,2018-12-16 11:55:06.304,North End,Beacon Hill,10.5,1.0,UberX,2018-12-16 11:00:00
1.6,Uber,2018-11-27 22:06:25.187,Back Bay,Fenway,18.5,1.0,UberXL,2018-11-27 22:00:00
1.34,Uber,2018-12-14 07:20:09.629,Fenway,Back Bay,16.0,1.0,Black,2018-12-14 07:00:00
1.5,Lyft,2018-11-30 03:08:01.696,South Station,Beacon Hill,7.0,1.0,Lyft,2018-11-30 03:00:00
0.64,Lyft,2018-12-16 08:30:07.419,West End,Haymarket Square,3.5,1.0,Shared,2018-12-16 08:00:00
2.09,Lyft,2018-12-03 22:33:02.970,North End,Beacon Hill,7.0,1.0,Shared,2018-12-03 22:00:00
1.53,Lyft,2018-12-18 12:15:03.662,Back Bay,Boston University,7.0,1.0,Lyft,2018-12-18 12:00:00
2.1,Lyft,2018-12-04 05:57:59.590,Northeastern University,Theatre District,19.5,1.0,Lux,2018-12-04 05:00:00
1.15,Lyft,2018-12-01 17:02:59.413,North End,Financial District,5.0,1.0,Shared,2018-12-01 17:00:00
2.66,Uber,2018-12-15 09:55:12.723,Fenway,Theatre District,9.0,1.0,UberPool,2018-12-15 09:00:00
4.46,Lyft,2018-12-18 14:45:12.481,Financial District,Fenway,9.0,1.0,Shared,2018-12-18 14:00:00
1.35,Uber,2018-12-15 11:40:09.449,Haymarket Square,Beacon Hill,17.0,1.0,Black,2018-12-15 11:00:00
2.48,Uber,2018-12-02 04:43:05.099,South Station,Beacon Hill,9.5,1.0,UberX,2018-12-02 04:00:00
1.21,Uber,2018-11-29 10:37:58.359,North End,Financial District,8.0,1.0,WAV,2018-11-29 10:00:00
3.53,Uber,2018-11-26 12:59:09.599,Back Bay,South Station,28.0,1.0,Black,2018-11-26 12:00:00
0.39,Uber,2018-12-14 16:45:07.757,South Station,Financial District,7.0,1.0,UberX,2018-12-14 16:00:00
3.22,Uber,2018-12-17 21:00:13.581,North Station,Northeastern University,34.5,1.0,Black SUV,2018-12-17 21:00:00
0.49,Uber,2018-11-30 01:53:02.312,North Station,Haymarket Square,15.0,1.0,Black,2018-11-30 01:00:00
3.41,Uber,2018-12-15 18:25:05.263,Northeastern University,Financial District,25.0,1.0,Black,2018-12-15 18:00:00
2.84,Uber,2018-12-16 03:35:03.647,North End,Back Bay,28.0,1.0,Black,2018-12-16 03:00:00
1.51,Uber,2018-11-27 17:33:23.815,Boston University,Back Bay,7.5,1.0,WAV,2018-11-27 17:00:00
2.16,Lyft,2018-12-13 19:55:04.087,Back Bay,South Station,19.5,1.0,Lux,2018-12-13 19:00:00
1.27,Uber,2018-12-02 20:48:02.827,West End,North End,27.0,1.0,Black SUV,2018-12-02 20:00:00
2.8,Uber,2018-12-02 16:23:01.762,Boston University,West End,10.0,1.0,UberPool,2018-12-02 16:00:00
2.61,Uber,2018-11-27 04:24:22.050,Beacon Hill,Northeastern University,10.5,1.0,UberX,2018-11-27 04:00:00
0.75,Lyft,2018-11-29 11:22:55.905,Haymarket Square,North Station,10.5,1.0,Lux,2018-11-29 11:00:00
0.49,Uber,2018-11-26 06:28:02.265,North Station,Haymarket Square,7.0,1.0,WAV,2018-11-26 06:00:00
1.1,Uber,2018-12-16 20:50:09.369,Northeastern University,Back Bay,7.5,1.0,UberX,2018-12-16 20:00:00
2.61,Uber,2018-12-02 18:43:02.348,Beacon Hill,Northeastern University,18.5,1.0,Black,2018-12-02 18:00:00
3.04,Lyft,2018-12-14 02:50:03.589,West End,Boston University,47.5,2.0,Lux Black,2018-12-14 02:00:00
0.66,Lyft,2018-11-28 00:48:23.717,Financial District,South Station,16.5,1.0,Lux Black,2018-11-28 00:00:00
1.14,Lyft,2018-12-15 12:05:12.684,Financial District,North End,7.0,1.0,Lyft,2018-12-15 12:00:00
3.97,Uber,2018-11-27 18:18:21.938,Financial District,Fenway,26.0,1.0,UberX,2018-11-27 18:00:00
2.74,Lyft,2018-11-30 01:22:59.072,West End,Northeastern University,22.5,1.0,Lux Black,2018-11-30 01:00:00
1.52,Lyft,2018-12-01 19:48:00.404,Theatre District,North End,13.5,1.0,Lyft XL,2018-12-01 19:00:00
0.49,Uber,2018-12-03 20:43:03.632,North Station,Haymarket Square,7.0,1.0,UberX,2018-12-03 20:00:00
1.21,Lyft,2018-12-03 12:42:57.529,North End,North Station,16.5,1.0,Lux Black,2018-12-03 12:00:00
1.64,Uber,2018-11-26 22:32:32.343,Back Bay,Northeastern University,8.5,1.0,WAV,2018-11-26 22:00:00
3.26,Uber,2018-12-01 09:03:01.728,West End,Boston University,10.5,1.0,UberX,2018-12-01 09:00:00
0.39,Uber,2018-12-17 12:50:11.387,South Station,Financial District,5.5,1.0,UberPool,2018-12-17 12:00:00
1.51,Uber,2018-12-03 03:48:06.096,Boston University,Back Bay,15.0,1.0,Black,2018-12-03 03:00:00
0.64,Lyft,2018-12-14 03:05:08.324,South Station,Theatre District,11.0,1.0,Lux,2018-12-14 03:00:00
2.07,Lyft,2018-11-30 17:57:56.179,South Station,North Station,22.5,1.0,Lux Black,2018-11-30 17:00:00
1.73,Lyft,2018-11-29 05:57:59.407,West End,South Station,5.0,1.0,Shared,2018-11-29 05:00:00
2.27,Lyft,2018-11-30 00:17:56.174,South Station,Beacon Hill,5.0,1.0,Shared,2018-11-30 00:00:00
2.38,Lyft,2018-11-29 00:02:08.498,Back Bay,Haymarket Square,3.5,1.0,Shared,2018-11-29 00:00:00
0.39,Uber,2018-11-28 10:26:07.852,South Station,Financial District,16.0,1.0,Black,2018-11-28 10:00:00
1.74,Lyft,2018-11-27 05:39:22.026,North End,Theatre District,13.5,1.0,Lyft XL,2018-11-27 05:00:00
1.1,Lyft,2018-11-27 04:15:22.169,North Station,North End,16.5,1.0,Lux Black,2018-11-27 04:00:00
2.48,Lyft,2018-11-26 15:41:10.195,Beacon Hill,South Station,30.0,1.0,Lux Black XL,2018-11-26 15:00:00
1.1,Uber,2018-12-14 13:00:09.037,Northeastern University,Back Bay,9.5,1.0,UberX,2018-12-14 13:00:00
1.21,Uber,2018-11-28 15:11:26.394,North End,Financial District,9.5,1.0,WAV,2018-11-28 15:00:00
1.54,Lyft,2018-12-15 09:40:06.603,Theatre District,North End,19.5,1.0,Lux Black,2018-12-15 09:00:00
3.27,Lyft,2018-11-26 14:56:09.871,North Station,Northeastern University,19.5,1.0,Lyft XL,2018-11-26 14:00:00
1.3,Lyft,2018-11-26 18:56:09.789,Haymarket Square,Beacon Hill,13.5,1.0,Lyft XL,2018-11-26 18:00:00
5.08,Lyft,2018-12-16 02:00:13.448,Boston University,Financial District,27.5,1.0,Lyft XL,2018-12-16 02:00:00
2.0,Lyft,2018-12-01 01:48:02.248,Theatre District,Northeastern University,16.5,1.0,Lux,2018-12-01 01:00:00
3.07,Lyft,2018-11-29 13:47:58.842,Northeastern University,West End,16.5,1.0,Lyft XL,2018-11-29 13:00:00
3.34,Lyft,2018-11-30 05:43:04.191,Northeastern University,North Station,27.5,1.0,Lux Black,2018-11-30 05:00:00
3.14,Lyft,2018-11-30 18:43:01.665,Boston University,North Station,19.5,1.0,Lyft XL,2018-11-30 18:00:00
1.91,Lyft,2018-11-26 21:56:09.828,Beacon Hill,North End,7.0,1.0,Shared,2018-11-26 21:00:00
0.39,Uber,2018-12-13 17:10:09.766,South Station,Financial District,7.0,1.0,UberX,2018-12-13 17:00:00
1.27,Lyft,2018-12-14 20:55:12.978,Theatre District,Haymarket Square,5.0,1.0,Shared,2018-12-14 20:00:00
1.56,Uber,2018-12-04 05:08:02.279,Back Bay,Boston University,26.0,1.0,Black SUV,2018-12-04 05:00:00
2.12,Uber,2018-12-16 03:10:11.192,South Station,North Station,9.0,1.0,UberPool,2018-12-16 03:00:00
5.14,Lyft,2018-12-16 04:20:10.571,Boston University,Financial District,10.5,1.0,Shared,2018-12-16 04:00:00
1.37,Lyft,2018-12-03 00:28:03.364,Haymarket Square,Beacon Hill,10.5,1.75,Lyft,2018-12-03 00:00:00
1.22,Uber,2018-12-16 06:55:11.884,West End,North End,26.0,1.0,Black SUV,2018-12-16 06:00:00
2.72,Uber,2018-11-29 19:33:00.330,West End,Fenway,35.0,1.0,Black SUV,2018-11-29 19:00:00
1.97,Lyft,2018-12-17 12:20:08.563,Back Bay,Haymarket Square,16.5,1.0,Lux,2018-12-17 12:00:00
2.62,Uber,2018-11-30 21:43:02.639,Boston University,Theatre District,9.5,1.0,UberX,2018-11-30 21:00:00
1.35,Uber,2018-12-13 13:00:09.176,Haymarket Square,Beacon Hill,13.0,1.0,UberXL,2018-12-13 13:00:00
2.4,Lyft,2018-12-14 04:45:12.988,North End,Back Bay,22.5,1.0,Lux Black,2018-12-14 04:00:00
2.96,Lyft,2018-12-03 04:33:03.237,Theatre District,Boston University,16.5,1.0,Lyft XL,2018-12-03 04:00:00
0.97,Lyft,2018-12-18 14:45:15.978,Financial District,Haymarket Square,27.5,1.0,Lux Black XL,2018-12-18 14:00:00
3.08,Uber,2018-12-04 05:07:58.164,North Station,Fenway,11.5,1.0,WAV,2018-12-04 05:00:00
2.66,Uber,2018-11-29 06:43:00.320,Fenway,Theatre District,28.5,1.0,Black SUV,2018-11-29 06:00:00
1.8,Uber,2018-11-27 22:24:24.684,Northeastern University,Theatre District,9.5,1.0,UberX,2018-11-27 22:00:00
1.22,Lyft,2018-11-29 03:53:08.404,Theatre District,Haymarket Square,13.5,1.0,Lux,2018-11-29 03:00:00
7.46,Uber,2018-11-29 02:59:21.547,Northeastern University,Financial District,45.0,1.0,Black SUV,2018-11-29 02:00:00
2.85,Uber,2018-11-28 23:03:38.565,Northeastern University,Beacon Hill,11.5,1.0,UberX,2018-11-28 23:00:00
3.48,Lyft,2018-12-15 10:45:09.202,Financial District,Fenway,38.5,1.0,Lux Black XL,2018-12-15 10:00:00
0.91,Uber,2018-12-14 23:25:11.263,Beacon Hill,Haymarket Square,16.0,1.0,Black,2018-12-14 23:00:00
3.51,Lyft,2018-12-18 06:55:10.660,North Station,Boston University,19.5,1.0,Lux,2018-12-18 06:00:00
2.49,Lyft,2018-11-27 07:39:23.312,Fenway,Beacon Hill,7.0,1.0,Shared,2018-11-27 07:00:00
1.19,Lyft,2018-11-28 11:11:24.376,Theatre District,South Station,16.5,1.0,Lux Black,2018-11-28 11:00:00
2.2,Uber,2018-12-15 06:15:03.718,Haymarket Square,Back Bay,31.5,1.0,Black SUV,2018-12-15 06:00:00
3.0,Lyft,2018-12-15 02:40:07.044,Theatre District,Boston University,42.5,1.25,Lux Black XL,2018-12-15 02:00:00
2.3,Lyft,2018-12-02 01:33:02.908,Boston University,Beacon Hill,16.5,1.0,Lyft XL,2018-12-02 01:00:00
1.48,Lyft,2018-11-28 13:59:07.845,Boston University,Back Bay,26.0,1.0,Lux Black XL,2018-11-28 13:00:00
1.12,Uber,2018-12-01 19:43:02.461,Theatre District,South Station,26.0,1.0,Black SUV,2018-12-01 19:00:00
0.62,Uber,2018-11-26 19:20:10.989,West End,Haymarket Square,7.5,1.0,UberPool,2018-11-26 19:00:00
2.33,Uber,2018-12-13 12:25:08.215,North End,Back Bay,9.0,1.0,UberPool,2018-12-13 12:00:00
2.47,Lyft,2018-12-17 22:55:08.784,Northeastern University,Beacon Hill,16.5,1.0,Lux,2018-12-17 22:00:00
2.19,Uber,2018-11-26 23:33:14.358,North End,Beacon Hill,8.0,1.0,UberPool,2018-11-26 23:00:00
2.04,Lyft,2018-12-17 09:10:09.557,North End,Beacon Hill,7.0,1.0,Shared,2018-12-17 09:00:00
2.41,Lyft,2018-11-30 17:52:59.763,Beacon Hill,South Station,13.5,1.0,Lyft XL,2018-11-30 17:00:00
1.56,Uber,2018-12-17 01:10:05.897,Back Bay,Boston University,12.5,1.0,UberXL,2018-12-17 01:00:00
2.79,Uber,2018-12-02 21:42:58.424,Beacon Hill,Boston University,33.0,1.0,Black SUV,2018-12-02 21:00:00
0.5,Lyft,2018-11-30 01:02:55.960,South Station,Financial District,16.5,1.0,Lux Black,2018-11-30 01:00:00
3.06,Lyft,2018-12-16 08:50:08.643,West End,Boston University,34.0,1.0,Lux Black XL,2018-12-16 08:00:00
1.25,Lyft,2018-12-03 01:47:56.043,West End,North End,27.5,1.0,Lux Black XL,2018-12-03 01:00:00
1.71,Uber,2018-12-02 16:13:04.721,West End,South Station,8.5,1.0,UberX,2018-12-02 16:00:00
0.58,Lyft,2018-11-26 23:33:14.681,Financial District,South Station,16.5,1.0,Lux Black,2018-11-26 23:00:00
1.73,Lyft,2018-11-28 22:48:40.348,North End,Theatre District,16.5,1.0,Lux,2018-11-28 22:00:00
0.39,Lyft,2018-11-27 10:15:23.435,South Station,Financial District,9.0,1.0,Lyft XL,2018-11-27 10:00:00
3.15,Lyft,2018-12-02 20:12:58.208,Fenway,North Station,7.0,1.0,Shared,2018-12-02 20:00:00
3.07,Uber,2018-11-27 05:06:23.677,North Station,Fenway,15.0,1.0,WAV,2018-11-27 05:00:00
1.48,Lyft,2018-12-18 04:50:10.979,Fenway,Back Bay,7.0,1.0,Lyft,2018-12-18 04:00:00
1.68,Uber,2018-12-18 06:30:06.805,South Station,Back Bay,17.0,1.0,Black,2018-12-18 06:00:00
2.29,Uber,2018-12-02 13:53:03.442,North Station,South Station,28.5,1.0,Black SUV,2018-12-02 13:00:00
3.61,Uber,2018-11-29 05:53:03.815,Back Bay,North End,37.5,1.0,Black SUV,2018-11-29 05:00:00
2.38,Lyft,2018-11-29 01:03:39.302,Beacon Hill,Fenway,7.0,1.0,Shared,2018-11-29 01:00:00
1.35,Uber,2018-12-01 21:52:58.056,Haymarket Square,Beacon Hill,13.0,1.0,UberXL,2018-12-01 21:00:00
2.97,Lyft,2018-11-28 18:41:23.114,Northeastern University,Theatre District,5.0,1.0,Shared,2018-11-28 18:00:00
1.35,Uber,2018-11-27 05:12:22.225,Haymarket Square,Beacon Hill,9.0,1.0,WAV,2018-11-27 05:00:00
6.97,Uber,2018-12-13 15:45:14.631,Financial District,Northeastern University,16.0,1.0,UberX,2018-12-13 15:00:00
1.51,Lyft,2018-12-14 09:35:08.937,Boston University,Back Bay,7.0,1.0,Shared,2018-12-14 09:00:00
1.79,Uber,2018-12-13 03:59:59.076,South Station,Back Bay,26.0,1.0,Black,2018-12-13 03:00:00
2.86,Uber,2018-12-03 04:18:00.720,West End,Northeastern University,8.5,1.0,UberPool,2018-12-03 04:00:00
3.01,Uber,2018-12-17 01:00:04.052,Boston University,North Station,12.0,1.0,UberX,2018-12-17 01:00:00
4.55,Uber,2018-11-27 19:42:22.229,Financial District,Northeastern University,11.5,1.0,UberX,2018-11-27 19:00:00
2.45,Uber,2018-11-29 00:49:10.605,Northeastern University,Financial District,25.0,1.0,Black,2018-11-29 00:00:00
2.57,Lyft,2018-11-29 17:42:56.049,Beacon Hill,South Station,7.0,1.0,Shared,2018-11-29 17:00:00
3.04,Uber,2018-11-27 14:51:21.911,West End,Boston University,9.5,1.0,UberPool,2018-11-27 14:00:00
2.71,Uber,2018-12-15 08:50:04.250,West End,Fenway,9.0,1.0,UberPool,2018-12-15 08:00:00
2.27,Uber,2018-11-30 06:28:01.680,Boston University,Beacon Hill,11.5,1.0,WAV,2018-11-30 06:00:00
0.46,Lyft,2018-11-27 05:39:22.164,North Station,Haymarket Square,7.0,1.0,Lyft,2018-11-27 05:00:00
2.66,Uber,2018-12-03 07:52:59.095,Fenway,Theatre District,10.5,1.0,UberX,2018-12-03 07:00:00
2.73,Uber,2018-11-26 22:42:24.873,Back Bay,North End,33.5,1.0,Black SUV,2018-11-26 22:00:00
1.61,Uber,2018-12-17 16:35:07.640,Haymarket Square,Theatre District,12.0,1.0,UberXL,2018-12-17 16:00:00
3.23,Lyft,2018-11-29 19:53:00.109,North Station,Northeastern University,7.0,1.0,Shared,2018-11-29 19:00:00
2.81,Lyft,2018-11-30 14:38:05.905,West End,Fenway,45.5,1.25,Lux Black XL,2018-11-30 14:00:00
4.72,Uber,2018-12-01 22:53:02.116,Financial District,Boston University,14.0,1.0,UberX,2018-12-01 22:00:00
0.39,Uber,2018-11-26 15:23:10.048,South Station,Financial District,6.5,1.0,UberPool,2018-11-26 15:00:00
3.08,Uber,2018-11-29 15:02:58.570,Northeastern University,West End,11.0,1.0,UberX,2018-11-29 15:00:00
2.67,Lyft,2018-12-15 00:45:13.800,North End,Back Bay,19.5,1.0,Lux,2018-12-15 00:00:00
1.25,Uber,2018-12-15 19:50:11.133,Haymarket Square,Financial District,27.5,1.0,Black SUV,2018-12-15 19:00:00
3.17,Uber,2018-12-03 06:38:03.044,West End,Northeastern University,21.5,1.0,Black,2018-12-03 06:00:00
3.2,Uber,2018-11-30 18:03:02.647,North Station,Northeastern University,10.5,1.0,UberX,2018-11-30 18:00:00
1.08,Lyft,2018-12-02 19:27:57.878,Northeastern University,Back Bay,5.0,1.0,Shared,2018-12-02 19:00:00
1.36,Uber,2018-12-13 18:50:10.867,Haymarket Square,Beacon Hill,12.5,1.0,UberXL,2018-12-13 18:00:00
0.68,Uber,2018-12-09 23:53:28.677,West End,Haymarket Square,7.5,1.0,WAV,2018-12-09 23:00:00
2.91,Lyft,2018-12-03 22:47:58.157,Back Bay,North End,34.0,1.0,Lux Black XL,2018-12-03 22:00:00
3.45,Lyft,2018-12-14 06:35:06.798,Northeastern University,Financial District,19.5,1.0,Lyft XL,2018-12-14 06:00:00
2.62,Uber,2018-12-01 10:12:55.650,Beacon Hill,Northeastern University,9.5,1.0,WAV,2018-12-01 10:00:00
1.08,Lyft,2018-11-28 23:14:07.934,North End,West End,11.0,1.0,Lyft XL,2018-11-28 23:00:00
4.48,Uber,2018-11-27 12:42:22.232,Fenway,Financial District,12.0,1.0,WAV,2018-11-27 12:00:00
1.0,Uber,2018-12-04 00:03:02.284,North End,West End,8.0,1.0,UberPool,2018-12-04 00:00:00
2.63,Uber,2018-11-28 11:31:24.862,Northeastern University,Beacon Hill,10.5,1.0,WAV,2018-11-28 11:00:00
0.98,Uber,2018-12-16 12:45:04.222,North End,West End,27.5,1.0,Black SUV,2018-12-16 12:00:00
2.33,Uber,2018-11-27 09:36:23.731,North End,Back Bay,29.5,1.0,Black SUV,2018-11-27 09:00:00
2.81,Lyft,2018-11-27 23:57:22.212,West End,Fenway,10.5,1.0,Lyft,2018-11-27 23:00:00
2.95,Lyft,2018-12-03 05:48:00.863,Fenway,West End,11.0,1.0,Lyft,2018-12-03 05:00:00
2.84,Lyft,2018-12-02 01:33:04.346,West End,Northeastern University,22.5,1.0,Lux Black,2018-12-02 01:00:00
1.11,Uber,2018-12-16 20:15:12.585,West End,North End,12.0,1.0,UberXL,2018-12-16 20:00:00
0.63,Lyft,2018-12-03 00:38:04.027,Haymarket Square,North Station,5.0,1.0,Shared,2018-12-03 00:00:00
2.83,Lyft,2018-11-26 17:59:09.872,West End,Northeastern University,22.5,1.0,Lux,2018-11-26 17:00:00
0.92,Uber,2018-12-18 01:40:08.773,North Station,North End,16.0,1.0,Black,2018-12-18 01:00:00
1.5,Uber,2018-12-10 02:13:38.848,Back Bay,Fenway,7.5,1.0,UberPool,2018-12-10 02:00:00
2.69,Lyft,2018-11-27 14:12:22.267,Theatre District,Fenway,32.5,1.0,Lux Black XL,2018-11-27 14:00:00
3.36,Lyft,2018-11-29 10:43:03.933,North Station,Northeastern University,22.5,1.0,Lux,2018-11-29 10:00:00
2.41,Lyft,2018-12-01 01:22:56.670,Beacon Hill,North End,30.0,1.0,Lux Black XL,2018-12-01 01:00:00
1.16,Uber,2018-11-26 16:50:10.861,Theatre District,Haymarket Square,7.5,1.0,UberX,2018-11-26 16:00:00
2.98,Uber,2018-12-14 01:55:14.672,Theatre District,Boston University,23.0,1.0,Black,2018-12-14 01:00:00
2.33,Lyft,2018-11-28 23:48:38.557,Boston University,Beacon Hill,30.0,1.75,Lux,2018-11-28 23:00:00
1.45,Lyft,2018-11-26 23:48:14.376,Boston University,Back Bay,19.5,1.0,Lux Black,2018-11-26 23:00:00
5.37,Lyft,2018-12-04 00:48:00.167,Boston University,Financial District,34.0,1.0,Lux Black,2018-12-04 00:00:00
1.8,Uber,2018-12-14 14:20:09.687,Northeastern University,Theatre District,10.5,1.0,WAV,2018-12-14 14:00:00
1.08,Uber,2018-11-29 21:48:04.390,Northeastern University,Back Bay,15.0,1.0,Black,2018-11-29 21:00:00
2.32,Uber,2018-11-30 10:13:03.780,Haymarket Square,Back Bay,12.0,1.0,WAV,2018-11-30 10:00:00
0.55,Uber,2018-11-27 09:51:22.181,South Station,Theatre District,27.5,1.0,Black SUV,2018-11-27 09:00:00
2.12,Lyft,2018-12-03 17:58:03.611,Back Bay,Boston University,16.5,1.0,Lux,2018-12-03 17:00:00
2.38,Lyft,2018-11-30 20:23:09.208,South Station,Beacon Hill,16.5,1.0,Lyft XL,2018-11-30 20:00:00
3.37,Uber,2018-12-16 11:50:03.543,Northeastern University,North Station,18.5,1.0,UberXL,2018-12-16 11:00:00
1.75,Lyft,2018-12-13 18:40:05.790,Theatre District,North End,16.5,1.0,Lyft XL,2018-12-13 18:00:00
4.58,Lyft,2018-12-01 17:28:04.658,Financial District,Boston University,22.5,1.0,Lyft XL,2018-12-01 17:00:00
3.22,Lyft,2018-11-27 18:36:22.484,Northeastern University,Financial District,9.0,1.0,Shared,2018-11-27 18:00:00
0.42,Lyft,2018-12-16 09:15:12.069,North Station,Haymarket Square,11.0,1.0,Lux,2018-12-16 09:00:00
0.63,Uber,2018-11-28 22:11:07.985,Financial District,South Station,7.0,1.0,UberX,2018-11-28 22:00:00
3.15,Lyft,2018-12-17 01:45:12.635,Boston University,North Station,26.0,1.0,Lux Black,2018-12-17 01:00:00
2.79,Uber,2018-12-16 00:45:09.484,Beacon Hill,Boston University,23.0,1.0,Black,2018-12-16 00:00:00
1.84,Lyft,2018-11-27 19:30:24.509,North Station,South Station,27.5,1.0,Lux Black XL,2018-11-27 19:00:00
2.47,Lyft,2018-12-01 23:28:00.699,Northeastern University,Beacon Hill,7.0,1.0,Shared,2018-12-01 23:00:00
0.99,Uber,2018-11-28 10:01:35.827,Financial District,Haymarket Square,15.5,1.0,Black,2018-11-28 10:00:00
2.45,Uber,2018-11-27 14:09:23.901,Theatre District,Boston University,16.5,1.0,UberXL,2018-11-27 14:00:00
1.03,Uber,2018-11-28 19:29:08.104,North Station,North End,12.0,1.0,UberXL,2018-11-28 19:00:00
0.68,Lyft,2018-12-03 16:13:02.425,West End,Haymarket Square,11.0,1.0,Lux,2018-12-03 16:00:00
1.41,Uber,2018-11-26 12:47:09.512,Theatre District,North End,13.0,1.0,UberXL,2018-11-26 12:00:00
1.41,Uber,2018-12-16 09:35:12.212,Theatre District,North End,12.0,1.0,UberPool,2018-12-16 09:00:00
3.39,Uber,2018-12-18 07:10:13.008,North Station,Boston University,24.0,1.0,Black,2018-12-18 07:00:00
2.14,Uber,2018-12-13 12:15:07.903,South Station,West End,7.0,1.0,WAV,2018-12-13 12:00:00
0.56,Uber,2018-12-18 18:40:08.893,Haymarket Square,North Station,6.5,1.0,UberPool,2018-12-18 18:00:00
2.46,Uber,2018-12-13 18:15:05.308,Beacon Hill,Fenway,21.0,1.0,Black,2018-12-13 18:00:00
2.68,Lyft,2018-11-29 07:23:00.226,Beacon Hill,Boston University,32.5,1.0,Lux Black XL,2018-11-29 07:00:00
2.14,Uber,2018-11-28 12:50:08.516,South Station,West End,14.0,1.0,UberXL,2018-11-28 12:00:00
2.38,Lyft,2018-11-27 06:15:22.714,Boston University,Beacon Hill,9.0,1.0,Lyft,2018-11-27 06:00:00
1.03,Uber,2018-12-18 00:30:03.961,North Station,North End,7.0,1.0,WAV,2018-12-18 00:00:00
2.44,Lyft,2018-12-17 16:00:11.091,Beacon Hill,Northeastern University,13.5,1.0,Lyft XL,2018-12-17 16:00:00
0.73,Lyft,2018-12-13 16:30:06.883,Haymarket Square,North Station,16.5,1.0,Lux Black,2018-12-13 16:00:00
2.82,Lyft,2018-11-30 22:13:03.955,Boston University,West End,16.5,1.0,Lyft XL,2018-11-30 22:00:00
3.9,Lyft,2018-12-03 06:03:01.268,Financial District,Northeastern University,22.5,1.0,Lyft XL,2018-12-03 06:00:00
2.27,Uber,2018-11-30 20:03:06.905,Boston University,Beacon Hill,15.5,1.0,UberXL,2018-11-30 20:00:00
1.41,Uber,2018-11-26 06:19:04.489,Theatre District,North End,11.0,1.0,UberPool,2018-11-26 06:00:00
3.08,Lyft,2018-11-27 16:39:22.300,Boston University,Theatre District,38.0,1.0,Lux Black XL,2018-11-27 16:00:00
0.63,Lyft,2018-11-28 14:23:08.135,Haymarket Square,North Station,26.0,1.0,Lux Black XL,2018-11-28 14:00:00
2.43,Lyft,2018-11-28 11:29:07.748,Beacon Hill,Fenway,10.5,1.0,Lyft,2018-11-28 11:00:00
2.44,Lyft,2018-12-01 22:17:56.174,North End,Back Bay,45.5,1.25,Lux Black XL,2018-12-01 22:00:00
2.66,Uber,2018-12-01 23:12:56.150,Fenway,Theatre District,16.0,1.0,UberXL,2018-12-01 23:00:00
1.64,Uber,2018-11-26 16:17:10.821,Back Bay,Northeastern University,25.0,1.0,Black SUV,2018-11-26 16:00:00
1.74,Lyft,2018-11-29 03:19:15.049,South Station,West End,5.0,1.0,Shared,2018-11-29 03:00:00
0.92,Uber,2018-12-03 02:48:03.382,West End,Haymarket Square,27.0,1.0,Black SUV,2018-12-03 02:00:00
3.47,Lyft,2018-11-26 20:29:10.371,North Station,Boston University,10.5,1.0,Shared,2018-11-26 20:00:00
2.85,Lyft,2018-12-17 20:50:03.590,West End,Fenway,22.5,1.0,Lux Black,2018-12-17 20:00:00
0.61,Uber,2018-11-30 23:43:03.980,West End,Haymarket Square,16.0,1.0,Black,2018-11-30 23:00:00
4.48,Uber,2018-11-29 21:53:04.458,Fenway,Financial District,31.5,1.0,Black,2018-11-29 21:00:00
1.38,Lyft,2018-12-18 09:40:09.709,Haymarket Square,Beacon Hill,7.0,1.0,Lyft,2018-12-18 09:00:00
1.05,Lyft,2018-12-18 03:25:11.681,Northeastern University,Back Bay,19.5,1.5,Lux,2018-12-18 03:00:00
1.8,Uber,2018-11-29 15:03:01.873,Northeastern University,Theatre District,10.5,1.0,WAV,2018-11-29 15:00:00
2.67,Uber,2018-11-26 23:30:14.357,Beacon Hill,North End,9.5,1.0,WAV,2018-11-26 23:00:00
1.83,Lyft,2018-11-29 04:14:19.935,Beacon Hill,North End,7.0,1.0,Shared,2018-11-29 04:00:00
4.73,Uber,2018-11-26 20:02:09.524,Northeastern University,Financial District,22.0,1.0,UberXL,2018-11-26 20:00:00
3.01,Uber,2018-11-29 03:04:20.011,Boston University,North Station,10.0,1.0,UberPool,2018-11-29 03:00:00
2.86,Uber,2018-11-29 22:33:00.505,West End,Northeastern University,8.5,1.0,WAV,2018-11-29 22:00:00
3.25,Lyft,2018-11-27 13:39:22.126,North Station,Fenway,38.0,1.0,Lux Black XL,2018-11-27 13:00:00
1.61,Uber,2018-11-30 03:08:00.331,Haymarket Square,Theatre District,10.5,1.0,WAV,2018-11-30 03:00:00
3.04,Uber,2018-12-02 17:22:57.965,West End,Boston University,7.5,1.0,UberPool,2018-12-02 17:00:00
3.1,Lyft,2018-12-18 15:00:13.540,Boston University,North Station,26.0,1.0,Lux Black,2018-12-18 15:00:00
1.46,Lyft,2018-12-18 16:55:08.275,Back Bay,Fenway,11.0,1.0,Lyft XL,2018-12-18 16:00:00
0.55,Lyft,2018-12-09 23:33:26.061,South Station,Theatre District,7.0,1.0,Lyft,2018-12-09 23:00:00
1.3,Uber,2018-11-28 16:05:07.926,Theatre District,South Station,19.0,1.0,Black,2018-11-28 16:00:00
0.43,Lyft,2018-12-01 08:48:01.767,South Station,Financial District,9.0,1.0,Lyft XL,2018-12-01 08:00:00
1.07,Uber,2018-12-01 16:13:01.337,Financial District,North End,7.5,1.0,UberPool,2018-12-01 16:00:00
0.58,Lyft,2018-12-18 10:15:13.429,North Station,Haymarket Square,7.0,1.0,Lyft,2018-12-18 10:00:00
2.04,Uber,2018-12-17 08:00:10.091,Back Bay,Haymarket Square,29.5,1.0,Black SUV,2018-12-17 08:00:00
0.92,Uber,2018-11-26 04:49:37.909,North Station,North End,16.0,1.0,Black,2018-11-26 04:00:00
1.39,Lyft,2018-11-28 21:05:08.081,Fenway,Back Bay,30.0,1.75,Lux Black,2018-11-28 21:00:00
3.15,Lyft,2018-12-02 11:23:01.015,Boston University,North Station,34.0,1.0,Lux Black XL,2018-12-02 11:00:00
3.42,Lyft,2018-12-15 18:00:13.623,North Station,Boston University,26.0,1.0,Lux,2018-12-15 18:00:00
2.56,Uber,2018-11-26 13:02:11.558,Northeastern University,Beacon Hill,21.5,1.0,Black,2018-11-26 13:00:00
0.74,Lyft,2018-11-27 03:15:23.906,Haymarket Square,North Station,27.5,1.0,Lux Black XL,2018-11-27 03:00:00
1.74,Lyft,2018-12-18 05:15:10.323,Haymarket Square,Theatre District,9.0,1.0,Lyft,2018-12-18 05:00:00
3.08,Lyft,2018-11-30 09:08:03.774,West End,Boston University,26.0,1.0,Lux Black,2018-11-30 09:00:00
1.61,Uber,2018-11-27 21:06:24.297,Haymarket Square,Theatre District,9.5,1.0,WAV,2018-11-27 21:00:00
2.48,Uber,2018-11-26 08:21:04.284,Beacon Hill,Fenway,10.5,1.0,WAV,2018-11-26 08:00:00
1.35,Uber,2018-11-26 16:05:10.044,North End,Beacon Hill,9.0,1.0,UberPool,2018-11-26 16:00:00
2.84,Uber,2018-12-01 05:08:02.556,Fenway,West End,8.0,1.0,UberPool,2018-12-01 05:00:00
2.43,Lyft,2018-11-29 00:02:07.892,Beacon Hill,Fenway,16.5,1.0,Lyft XL,2018-11-29 00:00:00
3.39,Uber,2018-12-18 17:40:04.960,North Station,Boston University,32.5,1.0,Black SUV,2018-12-18 17:00:00
3.54,Uber,2018-12-04 01:13:02.033,West End,Northeastern University,30.5,1.0,Black,2018-12-04 01:00:00
0.99,Lyft,2018-12-15 12:15:10.361,Financial District,Haymarket Square,3.0,1.0,Shared,2018-12-15 12:00:00
2.72,Lyft,2018-12-02 01:42:56.059,Theatre District,Fenway,16.5,1.0,Lyft XL,2018-12-02 01:00:00
4.72,Uber,2018-11-26 12:53:09.596,Financial District,Boston University,22.5,1.0,UberXL,2018-11-26 12:00:00
1.95,Lyft,2018-12-03 19:17:59.311,Back Bay,Haymarket Square,9.0,1.0,Lyft,2018-12-03 19:00:00
2.98,Uber,2018-11-26 12:20:10.381,Theatre District,Boston University,10.5,1.0,WAV,2018-11-26 12:00:00
3.05,Uber,2018-12-02 06:32:59.977,Fenway,North Station,22.5,1.0,Black,2018-12-02 06:00:00
3.27,Lyft,2018-12-13 20:25:17.676,North Station,Northeastern University,16.5,1.0,Lyft XL,2018-12-13 20:00:00
2.27,Uber,2018-12-04 04:28:03.115,Boston University,Beacon Hill,21.5,1.0,Black,2018-12-04 04:00:00
4.21,Lyft,2018-11-27 01:54:21.848,Financial District,Northeastern University,32.5,1.0,Lux Black,2018-11-27 01:00:00
0.46,Lyft,2018-11-27 00:09:14.393,South Station,Financial District,16.5,1.0,Lux Black,2018-11-27 00:00:00
1.57,Uber,2018-12-14 10:40:13.217,North End,Theatre District,12.0,1.0,UberXL,2018-12-14 10:00:00
1.26,Lyft,2018-11-30 09:08:01.778,North End,Financial District,16.5,1.25,Lux,2018-11-30 09:00:00
1.46,Lyft,2018-11-29 08:13:00.819,Boston University,Back Bay,30.0,1.75,Lux Black,2018-11-29 08:00:00
1.05,Lyft,2018-11-30 17:33:04.977,North End,North Station,13.5,1.25,Lyft XL,2018-11-30 17:00:00
0.61,Uber,2018-12-15 11:15:03.570,West End,Haymarket Square,27.0,1.0,Black SUV,2018-12-15 11:00:00
3.05,Lyft,2018-12-15 00:45:13.651,Fenway,West End,38.5,1.0,Lux Black XL,2018-12-15 00:00:00
0.68,Uber,2018-12-01 17:53:02.619,West End,Haymarket Square,7.0,1.0,WAV,2018-12-01 17:00:00
3.3,Uber,2018-12-16 04:55:07.193,Northeastern University,North Station,26.0,1.0,Black,2018-12-16 04:00:00
3.23,Uber,2018-12-13 19:10:05.883,Beacon Hill,Boston University,34.0,1.0,Black SUV,2018-12-13 19:00:00
0.58,Lyft,2018-11-26 06:49:46.701,South Station,Theatre District,3.5,1.0,Shared,2018-11-26 06:00:00
0.8,Uber,2018-12-17 13:50:06.466,Financial District,Haymarket Square,15.0,1.0,Black,2018-12-17 13:00:00
4.44,Lyft,2018-11-28 10:36:25.847,Financial District,Fenway,11.0,1.0,Lyft,2018-11-28 10:00:00
1.54,Lyft,2018-12-03 13:03:01.297,Theatre District,North End,19.5,1.0,Lux Black,2018-12-03 13:00:00
3.3,Uber,2018-11-26 06:25:02.599,Northeastern University,North Station,12.0,1.0,WAV,2018-11-26 06:00:00
2.73,Uber,2018-12-16 09:35:10.799,West End,Fenway,9.5,1.0,UberPool,2018-12-16 09:00:00
1.44,Lyft,2018-12-15 23:10:03.724,Back Bay,Northeastern University,16.5,1.0,Lux Black,2018-12-15 23:00:00
3.04,Uber,2018-12-15 10:55:03.128,West End,Boston University,11.5,1.0,UberX,2018-12-15 10:00:00
2.62,Uber,2018-11-26 22:17:10.603,Boston University,Theatre District,9.5,1.0,UberX,2018-11-26 22:00:00
1.75,Lyft,2018-11-27 13:30:22.263,Haymarket Square,Theatre District,5.0,1.0,Shared,2018-11-27 13:00:00
0.39,Uber,2018-12-16 06:25:06.990,South Station,Financial District,9.5,1.0,UberXL,2018-12-16 06:00:00
1.08,Uber,2018-11-26 09:32:10.174,Northeastern University,Back Bay,12.0,1.0,UberXL,2018-11-26 09:00:00
2.79,Uber,2018-11-29 01:32:08.208,Beacon Hill,Boston University,10.5,1.0,WAV,2018-11-29 01:00:00
2.46,Uber,2018-12-02 07:33:06.444,Beacon Hill,Fenway,9.0,1.0,UberPool,2018-12-02 07:00:00
2.62,Uber,2018-11-30 01:58:02.336,Boston University,Theatre District,25.0,1.0,Black,2018-11-30 01:00:00
1.56,Uber,2018-11-26 23:03:10.409,Back Bay,Boston University,7.5,1.0,UberPool,2018-11-26 23:00:00
1.11,Lyft,2018-11-28 18:05:08.279,North Station,North End,16.5,1.0,Lux Black,2018-11-28 18:00:00
0.68,Lyft,2018-12-04 01:43:00.640,South Station,Theatre District,3.0,1.0,Shared,2018-12-04 01:00:00
1.79,Uber,2018-12-13 03:50:09.114,Beacon Hill,North End,8.5,1.0,WAV,2018-12-13 03:00:00
0.63,Lyft,2018-12-13 20:10:06.300,Financial District,South Station,11.0,1.0,Lux,2018-12-13 20:00:00
2.66,Uber,2018-12-13 21:25:09.764,Fenway,Theatre District,32.5,1.0,Black SUV,2018-12-13 21:00:00
0.99,Lyft,2018-11-27 08:39:21.946,North End,North Station,5.0,1.0,Shared,2018-11-27 08:00:00
3.01,Uber,2018-12-17 06:40:10.739,Boston University,North Station,11.0,1.0,UberX,2018-12-17 06:00:00
1.49,Lyft,2018-12-13 08:25:04.976,Back Bay,Boston University,16.5,1.25,Lux,2018-12-13 08:00:00
1.35,Uber,2018-12-03 07:28:02.209,Haymarket Square,Beacon Hill,8.0,1.0,WAV,2018-12-03 07:00:00
1.41,Uber,2018-12-03 21:38:01.662,Theatre District,North End,11.0,1.0,UberPool,2018-12-03 21:00:00
3.14,Lyft,2018-11-28 18:41:08.404,West End,Boston University,26.0,1.0,Lux Black,2018-11-28 18:00:00
1.03,Uber,2018-11-28 00:18:23.465,North Station,North End,27.5,1.0,Black SUV,2018-11-28 00:00:00
1.01,Lyft,2018-11-28 16:23:07.927,Haymarket Square,Financial District,13.5,1.0,Lux,2018-11-28 16:00:00
2.69,Lyft,2018-11-30 05:53:02.763,Theatre District,Fenway,22.5,1.0,Lux,2018-11-30 05:00:00
2.3,Lyft,2018-11-26 19:53:09.879,Fenway,Beacon Hill,22.5,1.0,Lux Black,2018-11-26 19:00:00
1.28,Lyft,2018-11-27 20:33:24.232,Theatre District,Haymarket Square,5.0,1.0,Shared,2018-11-27 20:00:00
4.96,Lyft,2018-12-13 22:20:05.161,Boston University,Theatre District,38.0,1.75,Lyft XL,2018-12-13 22:00:00
2.68,Uber,2018-11-26 11:47:09.876,Northeastern University,Beacon Hill,18.0,1.0,UberXL,2018-11-26 11:00:00
1.24,Lyft,2018-12-13 14:40:12.786,West End,North End,13.5,1.0,Lux,2018-12-13 14:00:00
1.72,Lyft,2018-11-27 21:27:22.434,North Station,South Station,9.0,1.0,Lyft,2018-11-27 21:00:00
1.92,Uber,2018-12-01 22:57:57.975,Northeastern University,Beacon Hill,24.0,1.0,Black SUV,2018-12-01 22:00:00
2.84,Uber,2018-11-27 21:33:23.865,Fenway,West End,16.5,1.0,UberXL,2018-11-27 21:00:00
2.79,Uber,2018-12-01 15:03:02.026,Beacon Hill,Boston University,10.5,1.0,WAV,2018-12-01 15:00:00
0.65,Lyft,2018-12-01 12:53:01.078,South Station,Theatre District,7.0,1.0,Lyft,2018-12-01 12:00:00
2.32,Lyft,2018-12-14 06:10:03.590,Haymarket Square,Back Bay,19.5,1.0,Lux,2018-12-14 06:00:00
0.55,Lyft,2018-12-02 01:28:02.277,West End,Haymarket Square,16.5,1.0,Lux Black,2018-12-02 01:00:00
3.4,Lyft,2018-12-01 00:07:57.319,Northeastern University,Financial District,38.5,1.0,Lux Black XL,2018-12-01 00:00:00
2.68,Lyft,2018-12-17 15:40:08.878,Theatre District,Fenway,7.0,1.0,Shared,2018-12-17 15:00:00
2.62,Uber,2018-12-02 07:52:57.733,Boston University,Theatre District,28.0,1.0,Black SUV,2018-12-02 07:00:00
1.51,Uber,2018-11-27 18:03:22.200,Back Bay,Boston University,27.0,1.0,Black SUV,2018-11-27 18:00:00
2.34,Uber,2018-11-27 09:42:22.016,Back Bay,North End,16.0,1.0,UberXL,2018-11-27 09:00:00
3.45,Lyft,2018-11-30 07:17:57.083,Northeastern University,Financial District,16.5,1.0,Lyft XL,2018-11-30 07:00:00
1.91,Uber,2018-11-29 13:13:02.748,Theatre District,Northeastern University,17.0,1.0,UberXL,2018-11-29 13:00:00
2.95,Lyft,2018-12-01 21:53:04.532,Theatre District,Boston University,7.0,1.0,Shared,2018-12-01 21:00:00
3.04,Lyft,2018-12-13 14:00:09.098,North End,Back Bay,10.5,1.0,Lyft,2018-12-13 14:00:00
3.08,Uber,2018-11-29 15:02:58.570,Northeastern University,West End,11.0,1.0,WAV,2018-11-29 15:00:00
1.25,Uber,2018-11-28 16:56:23.619,Haymarket Square,Financial District,7.5,1.0,UberPool,2018-11-28 16:00:00
2.11,Lyft,2018-12-03 17:48:02.107,North End,Beacon Hill,7.0,1.0,Shared,2018-12-03 17:00:00
3.07,Uber,2018-11-28 18:14:09.561,North Station,Fenway,27.0,1.0,Black,2018-11-28 18:00:00
1.5,Uber,2018-12-02 16:53:05.194,Back Bay,Fenway,26.0,1.0,Black SUV,2018-12-02 16:00:00
1.4,Lyft,2018-11-30 23:27:56.528,Fenway,Back Bay,13.5,1.0,Lux,2018-11-30 23:00:00
1.26,Lyft,2018-12-15 12:40:05.975,Haymarket Square,Beacon Hill,7.0,1.0,Lyft,2018-12-15 12:00:00
3.31,Lyft,2018-11-26 13:44:10.870,Northeastern University,North Station,7.0,1.0,Shared,2018-11-26 13:00:00
1.24,Lyft,2018-12-03 00:47:56.449,Theatre District,Haymarket Square,13.5,1.0,Lux,2018-12-03 00:00:00
2.98,Uber,2018-12-13 21:05:05.081,Theatre District,Boston University,19.5,1.0,UberXL,2018-12-13 21:00:00
0.49,Uber,2018-12-03 16:48:05.087,North Station,Haymarket Square,7.0,1.0,UberX,2018-12-03 16:00:00
4.44,Uber,2018-12-14 04:05:09.457,Boston University,Financial District,12.5,1.0,UberX,2018-12-14 04:00:00
2.27,Uber,2018-11-29 03:50:08.454,Boston University,Beacon Hill,9.5,1.0,UberX,2018-11-29 03:00:00
1.96,Lyft,2018-11-28 14:14:07.592,Back Bay,Haymarket Square,19.5,1.0,Lux,2018-11-28 14:00:00
3.31,Lyft,2018-12-01 00:23:06.264,Northeastern University,North Station,27.5,1.0,Lux Black,2018-12-01 00:00:00
2.61,Uber,2018-12-14 14:40:18.434,Northeastern University,West End,15.0,1.0,UberXL,2018-12-14 14:00:00
2.82,Lyft,2018-12-15 15:40:11.763,West End,Northeastern University,19.5,1.0,Lux,2018-12-15 15:00:00
2.94,Lyft,2018-11-29 23:13:10.623,Theatre District,Boston University,7.0,1.0,Shared,2018-11-29 23:00:00
3.31,Lyft,2018-12-02 06:03:00.952,Northeastern University,North Station,22.5,1.0,Lux,2018-12-02 06:00:00
2.4,Lyft,2018-12-01 04:17:57.760,South Station,Beacon Hill,16.5,1.0,Lux,2018-12-01 04:00:00
2.86,Uber,2018-12-10 02:39:17.988,West End,Northeastern University,23.0,1.0,Black,2018-12-10 02:00:00
0.71,Lyft,2018-11-28 16:59:07.778,West End,Haymarket Square,9.0,1.0,Lyft XL,2018-11-28 16:00:00
1.38,Lyft,2018-12-02 06:32:56.412,Fenway,Back Bay,13.5,1.0,Lux,2018-12-02 06:00:00
2.72,Uber,2018-11-26 15:38:09.842,West End,Fenway,8.0,1.0,UberPool,2018-11-26 15:00:00
3.25,Lyft,2018-12-17 16:30:03.673,North Station,Northeastern University,7.0,1.0,Shared,2018-12-17 16:00:00
3.01,Lyft,2018-12-15 12:15:06.581,Northeastern University,West End,22.5,1.0,Lux,2018-12-15 12:00:00
1.08,Uber,2018-12-02 00:43:02.782,North End,North Station,8.0,1.0,WAV,2018-12-02 00:00:00
1.23,Uber,2018-11-29 07:53:01.544,Haymarket Square,Beacon Hill,9.0,1.0,UberX,2018-11-29 07:00:00
0.49,Uber,2018-11-29 23:43:01.910,North Station,Haymarket Square,7.0,1.0,WAV,2018-11-29 23:00:00
2.46,Uber,2018-12-14 17:00:09.093,Beacon Hill,Fenway,11.5,1.0,WAV,2018-12-14 17:00:00
0.63,Uber,2018-11-28 23:38:08.078,Financial District,South Station,9.5,1.0,UberXL,2018-11-28 23:00:00
4.13,Lyft,2018-11-30 18:03:04.652,Financial District,Fenway,7.0,1.0,Shared,2018-11-30 18:00:00
0.67,Lyft,2018-11-30 20:08:08.919,South Station,Theatre District,16.5,1.0,Lux Black,2018-11-30 20:00:00
4.75,Lyft,2018-12-14 09:50:09.016,Financial District,Boston University,34.0,1.0,Lux Black,2018-12-14 09:00:00
0.85,Uber,2018-12-14 12:20:05.342,Financial District,Haymarket Square,7.0,1.0,WAV,2018-12-14 12:00:00
2.7,Uber,2018-12-18 00:30:14.230,North End,Back Bay,26.5,1.0,Black,2018-12-18 00:00:00
2.86,Uber,2018-11-30 00:13:00.708,West End,Northeastern University,17.0,1.0,UberXL,2018-11-30 00:00:00
1.5,Uber,2018-11-27 18:57:24.200,Back Bay,Fenway,8.0,1.0,WAV,2018-11-27 18:00:00
1.39,Lyft,2018-12-13 04:40:11.572,South Station,Back Bay,13.5,1.0,Lyft XL,2018-12-13 04:00:00
1.04,Uber,2018-12-15 15:20:03.673,Financial District,North End,17.0,1.0,Black,2018-12-15 15:00:00
2.82,Lyft,2018-12-01 01:53:06.281,West End,Fenway,3.0,1.0,Shared,2018-12-01 01:00:00
2.98,Uber,2018-11-29 03:20:07.282,Theatre District,Boston University,9.5,1.0,UberX,2018-11-29 03:00:00
2.65,Uber,2018-11-27 14:45:22.078,North Station,Fenway,16.5,1.0,UberXL,2018-11-27 14:00:00
2.29,Uber,2018-11-29 03:29:19.507,North Station,South Station,22.5,1.0,Black,2018-11-29 03:00:00
1.3,Uber,2018-12-02 03:53:05.857,Theatre District,South Station,8.0,1.0,UberX,2018-12-02 03:00:00
3.14,Lyft,2018-12-04 02:42:57.366,Boston University,North Station,19.5,1.0,Lux,2018-12-04 02:00:00
3.24,Lyft,2018-12-13 17:00:07.352,North Station,Fenway,19.5,1.0,Lux,2018-12-13 17:00:00
3.06,Lyft,2018-12-14 02:55:10.835,Northeastern University,West End,22.5,1.0,Lux,2018-12-14 02:00:00
2.14,Lyft,2018-11-29 11:33:02.156,South Station,West End,22.5,1.0,Lux Black,2018-11-29 11:00:00
2.6,Lyft,2018-12-02 09:02:59.125,Beacon Hill,South Station,19.5,1.0,Lux,2018-12-02 09:00:00
4.54,Lyft,2018-12-01 04:27:56.267,Boston University,Financial District,13.5,1.0,Lyft,2018-12-01 04:00:00
1.18,Lyft,2018-12-01 06:17:58.818,West End,North End,13.5,1.0,Lyft XL,2018-12-01 06:00:00
3.3,Uber,2018-12-15 23:40:10.414,Northeastern University,North Station,18.0,1.0,UberXL,2018-12-15 23:00:00
2.48,Uber,2018-11-27 03:33:23.586,South Station,Beacon Hill,20.5,1.0,Black,2018-11-27 03:00:00
0.59,Lyft,2018-12-16 11:55:10.986,South Station,Theatre District,11.0,1.0,Lyft XL,2018-12-16 11:00:00
3.03,Lyft,2018-11-28 09:32:12.805,Theatre District,Boston University,7.0,1.0,Shared,2018-11-28 09:00:00
1.27,Lyft,2018-12-13 12:20:10.363,West End,North End,7.0,1.0,Lyft,2018-12-13 12:00:00
2.7,Uber,2018-12-13 16:10:11.659,North End,Back Bay,30.5,1.0,Black SUV,2018-12-13 16:00:00
1.41,Uber,2018-11-28 16:06:26.562,Theatre District,North End,9.5,1.0,UberX,2018-11-28 16:00:00
1.08,Lyft,2018-12-02 03:43:04.789,Haymarket Square,Financial District,11.0,1.0,Lyft XL,2018-12-02 03:00:00
2.67,Lyft,2018-11-28 11:05:08.186,Theatre District,Fenway,26.0,1.0,Lux Black,2018-11-28 11:00:00
1.21,Uber,2018-11-28 23:44:07.204,North End,Financial District,7.0,1.0,WAV,2018-11-28 23:00:00
1.71,Lyft,2018-11-28 13:56:08.270,West End,South Station,9.0,1.0,Lyft,2018-11-28 13:00:00
1.75,Lyft,2018-12-14 13:45:08.613,South Station,North Station,19.5,1.0,Lux Black,2018-12-14 13:00:00
2.08,Lyft,2018-11-28 23:08:40.768,South Station,North Station,9.0,1.0,Lyft,2018-11-28 23:00:00
5.7,Uber,2018-12-14 09:40:10.474,Boston University,Financial District,27.5,1.0,UberXL,2018-12-14 09:00:00
0.44,Lyft,2018-12-02 02:23:00.404,South Station,Financial District,11.0,1.0,Lux,2018-12-02 02:00:00
1.35,Uber,2018-11-28 13:32:08.471,Haymarket Square,Beacon Hill,7.5,1.0,UberX,2018-11-28 13:00:00
4.74,Uber,2018-11-29 09:42:56.037,Financial District,Boston University,14.0,1.0,UberX,2018-11-29 09:00:00
3.05,Uber,2018-12-03 08:23:02.295,Fenway,North Station,25.0,1.0,Black,2018-12-03 08:00:00
4.72,Uber,2018-12-15 22:15:08.323,Financial District,Boston University,13.0,1.0,UberX,2018-12-15 22:00:00
3.03,Lyft,2018-11-27 12:06:24.048,Theatre District,Boston University,22.5,1.0,Lux Black,2018-11-27 12:00:00
1.41,Uber,2018-12-17 16:50:10.993,Theatre District,North End,8.5,1.0,UberPool,2018-12-17 16:00:00
2.32,Lyft,2018-12-17 23:30:10.829,Haymarket Square,Back Bay,26.0,1.0,Lux Black,2018-12-17 23:00:00
1.03,Lyft,2018-12-03 11:03:02.852,Northeastern University,Back Bay,10.5,1.0,Lux,2018-12-03 11:00:00
2.42,Lyft,2018-11-28 19:53:08.910,Back Bay,South Station,11.0,1.0,Lyft,2018-11-28 19:00:00
2.8,Uber,2018-11-30 12:53:06.104,Boston University,West End,9.5,1.0,UberX,2018-11-30 12:00:00
0.62,Lyft,2018-11-27 08:27:21.888,South Station,Theatre District,7.0,1.0,Lyft,2018-11-27 08:00:00
1.46,Uber,2018-12-18 07:30:05.562,Beacon Hill,North End,28.5,1.0,Black SUV,2018-12-18 07:00:00
2.45,Lyft,2018-12-01 23:38:01.454,Beacon Hill,Northeastern University,16.5,1.0,Lyft XL,2018-12-01 23:00:00
1.0,Lyft,2018-11-28 14:29:08.529,North Station,North End,7.0,1.0,Lyft,2018-11-28 14:00:00
1.08,Uber,2018-12-14 04:15:12.215,North End,North Station,6.5,1.0,UberX,2018-12-14 04:00:00
1.25,Lyft,2018-12-02 20:28:03.328,North End,Financial District,7.0,1.0,Lyft,2018-12-02 20:00:00
1.56,Uber,2018-12-03 13:27:56.123,Back Bay,Boston University,10.5,1.0,UberX,2018-12-03 13:00:00
2.3,Lyft,2018-12-13 11:00:14.746,Haymarket Square,Back Bay,11.0,1.0,Lyft,2018-12-13 11:00:00
3.07,Uber,2018-12-17 02:35:09.055,North Station,Fenway,10.5,1.0,WAV,2018-12-17 02:00:00
2.92,Lyft,2018-12-14 00:45:11.411,Back Bay,North End,38.0,1.0,Lux Black XL,2018-12-14 00:00:00
4.12,Lyft,2018-12-16 12:40:07.655,Financial District,Northeastern University,19.5,1.0,Lyft XL,2018-12-16 12:00:00
5.41,Lyft,2018-11-27 06:57:22.124,Boston University,Financial District,13.5,1.0,Lyft,2018-11-27 06:00:00
1.83,Lyft,2018-12-01 12:22:59.864,Beacon Hill,North End,22.5,1.0,Lux Black,2018-12-01 12:00:00
0.49,Uber,2018-11-30 02:37:57.366,North Station,Haymarket Square,7.0,1.0,WAV,2018-11-30 02:00:00
1.34,Uber,2018-12-03 11:13:05.009,Fenway,Back Bay,26.5,1.0,Black SUV,2018-12-03 11:00:00
2.11,Lyft,2018-11-27 18:09:22.113,North Station,South Station,10.5,1.0,Lyft,2018-11-27 18:00:00
2.74,Uber,2018-12-16 00:15:08.213,West End,South Station,29.5,1.0,Black SUV,2018-12-16 00:00:00
1.5,Uber,2018-11-28 14:08:08.034,Back Bay,Fenway,8.5,1.0,UberX,2018-11-28 14:00:00
3.05,Uber,2018-11-30 19:58:10.792,Fenway,North Station,23.0,1.0,Black,2018-11-30 19:00:00
3.07,Lyft,2018-11-27 10:54:22.011,West End,Boston University,19.5,1.0,Lux,2018-11-27 10:00:00
1.35,Uber,2018-12-02 22:02:56.121,South Station,Beacon Hill,9.5,1.0,UberX,2018-12-02 22:00:00
1.45,Lyft,2018-11-26 06:27:02.321,Back Bay,Fenway,27.5,1.0,Lux Black XL,2018-11-26 06:00:00
1.75,Lyft,2018-11-27 23:51:23.662,North End,Theatre District,5.0,1.0,Shared,2018-11-27 23:00:00
2.14,Uber,2018-12-15 23:00:13.450,South Station,West End,7.5,1.0,WAV,2018-12-15 23:00:00
2.48,Uber,2018-12-02 13:07:57.372,South Station,Beacon Hill,19.0,1.0,Black,2018-12-02 13:00:00
3.15,Uber,2018-12-02 01:18:02.186,Northeastern University,West End,23.0,1.0,UberXL,2018-12-02 01:00:00
2.74,Uber,2018-12-16 01:50:14.039,West End,South Station,29.5,1.0,Black SUV,2018-12-16 01:00:00
1.24,Lyft,2018-11-26 22:26:10.494,Theatre District,Haymarket Square,7.0,1.0,Lyft,2018-11-26 22:00:00
0.59,Lyft,2018-12-16 09:40:11.332,South Station,Theatre District,3.5,1.0,Shared,2018-12-16 09:00:00
1.25,Uber,2018-12-01 07:18:03.475,Haymarket Square,Financial District,11.5,1.0,UberXL,2018-12-01 07:00:00
0.63,Uber,2018-11-26 16:20:10.034,Financial District,South Station,9.5,1.0,UberXL,2018-11-26 16:00:00
2.73,Uber,2018-11-28 15:59:08.378,Back Bay,North End,11.5,1.0,UberX,2018-11-28 15:00:00
2.44,Lyft,2018-11-28 19:35:08.494,North Station,South Station,19.5,1.0,Lux,2018-11-28 19:00:00
1.07,Lyft,2018-12-02 06:08:02.814,North End,West End,11.0,1.0,Lyft XL,2018-12-02 06:00:00
1.43,Lyft,2018-12-14 12:30:09.982,Back Bay,Fenway,16.5,1.0,Lux Black,2018-12-14 12:00:00
2.7,Lyft,2018-12-13 18:35:03.996,Theatre District,Fenway,19.5,1.0,Lux,2018-12-13 18:00:00
1.8,Uber,2018-11-28 09:40:33.405,Northeastern University,Theatre District,15.0,1.0,UberXL,2018-11-28 09:00:00
1.16,Uber,2018-11-27 19:42:24.171,Theatre District,Haymarket Square,11.5,1.0,UberXL,2018-11-27 19:00:00
1.74,Lyft,2018-11-28 16:41:23.646,North End,Beacon Hill,19.5,1.0,Lux Black,2018-11-28 16:00:00
0.89,Lyft,2018-12-03 13:08:03.806,Haymarket Square,North Station,16.5,1.0,Lux Black,2018-12-03 13:00:00
1.17,Lyft,2018-11-28 22:58:40.387,Theatre District,South Station,26.0,1.0,Lux Black XL,2018-11-28 22:00:00
3.04,Uber,2018-12-18 12:00:08.482,West End,Boston University,10.5,1.0,WAV,2018-12-18 12:00:00
2.89,Lyft,2018-12-18 14:35:09.355,Boston University,West End,19.5,1.0,Lux,2018-12-18 14:00:00
3.0,Lyft,2018-11-29 00:17:07.679,North End,Back Bay,11.0,1.0,Lyft,2018-11-29 00:00:00
1.57,Uber,2018-11-28 23:44:07.635,North End,Theatre District,15.0,1.0,UberXL,2018-11-28 23:00:00
1.04,Uber,2018-11-27 15:45:22.608,Financial District,North End,26.5,1.0,Black SUV,2018-11-27 15:00:00
4.48,Uber,2018-12-02 05:08:04.073,Fenway,Financial District,28.0,1.0,Black,2018-12-02 05:00:00
2.16,Lyft,2018-12-15 13:50:12.409,South Station,North Station,13.5,1.0,Lyft XL,2018-12-15 13:00:00
1.72,Lyft,2018-12-03 16:07:56.632,North End,Theatre District,9.0,1.0,Lyft,2018-12-03 16:00:00
2.8,Uber,2018-12-16 20:05:08.013,Boston University,West End,10.5,1.0,WAV,2018-12-16 20:00:00
1.51,Lyft,2018-12-02 00:42:59.611,Boston University,Back Bay,13.5,1.0,Lyft XL,2018-12-02 00:00:00
3.07,Lyft,2018-11-26 12:11:09.889,Northeastern University,West End,34.0,1.0,Lux Black XL,2018-11-26 12:00:00
2.98,Uber,2018-12-04 04:27:58.490,Theatre District,Boston University,16.0,1.0,UberXL,2018-12-04 04:00:00
0.59,Lyft,2018-11-28 14:06:23.249,South Station,Theatre District,16.5,1.0,Lux Black,2018-11-28 14:00:00
1.94,Lyft,2018-12-16 10:30:06.897,Beacon Hill,North End,9.0,1.0,Lyft,2018-12-16 10:00:00
2.01,Lyft,2018-12-18 18:00:09.181,Theatre District,Northeastern University,13.5,1.0,Lyft XL,2018-12-18 18:00:00
1.72,Lyft,2018-12-16 21:15:07.831,South Station,West End,30.0,1.0,Lux Black XL,2018-12-16 21:00:00
2.73,Lyft,2018-12-13 19:40:12.599,Beacon Hill,Boston University,22.5,1.0,Lux Black,2018-12-13 19:00:00
2.35,Lyft,2018-12-17 11:05:05.335,Boston University,Beacon Hill,30.0,1.0,Lux Black XL,2018-12-17 11:00:00
0.8,Uber,2018-11-28 16:31:26.933,Financial District,Haymarket Square,26.0,1.0,Black SUV,2018-11-28 16:00:00
4.59,Lyft,2018-12-03 20:58:02.266,Financial District,Boston University,13.5,1.0,Lyft,2018-12-03 20:00:00
3.05,Uber,2018-12-02 13:08:02.481,Fenway,North Station,11.5,1.0,UberX,2018-12-02 13:00:00
2.27,Uber,2018-11-27 21:27:22.283,Boston University,Beacon Hill,9.5,1.0,UberPool,2018-11-27 21:00:00
3.21,Lyft,2018-11-28 18:11:08.124,North Station,Fenway,22.5,2.0,Lyft,2018-11-28 18:00:00
1.56,Uber,2018-11-29 02:34:20.934,Back Bay,Boston University,25.0,1.0,Black SUV,2018-11-29 02:00:00
1.27,Lyft,2018-12-16 05:25:06.064,Haymarket Square,Beacon Hill,7.0,1.0,Lyft,2018-12-16 05:00:00
1.48,Lyft,2018-12-01 05:13:02.201,Back Bay,Fenway,7.0,1.0,Lyft,2018-12-01 05:00:00
4.54,Lyft,2018-12-14 12:30:07.248,Fenway,Financial District,32.5,1.0,Lux Black,2018-12-14 12:00:00
1.56,Uber,2018-11-30 01:07:57.702,Back Bay,Boston University,8.0,1.0,WAV,2018-11-30 01:00:00
0.59,Lyft,2018-12-17 13:15:12.140,Financial District,South Station,7.0,1.0,Lyft,2018-12-17 13:00:00
3.01,Uber,2018-11-30 12:53:04.585,Boston University,North Station,10.5,1.0,UberX,2018-11-30 12:00:00
1.01,Lyft,2018-12-13 14:25:03.532,Haymarket Square,Financial District,16.5,1.0,Lux Black,2018-12-13 14:00:00
3.05,Uber,2018-12-14 04:30:03.837,Fenway,North Station,18.0,1.0,UberXL,2018-12-14 04:00:00
1.65,Lyft,2018-12-03 15:42:56.438,West End,South Station,13.5,1.0,Lyft XL,2018-12-03 15:00:00
1.71,Lyft,2018-12-18 15:40:10.110,Haymarket Square,Theatre District,9.0,1.0,Lyft,2018-12-18 15:00:00
2.5,Uber,2018-12-03 08:53:02.650,Beacon Hill,South Station,14.0,1.0,UberXL,2018-12-03 08:00:00
1.07,Lyft,2018-11-27 06:45:22.400,North End,North Station,9.0,1.0,Lyft,2018-11-27 06:00:00
1.02,Lyft,2018-11-27 17:24:22.012,Beacon Hill,Haymarket Square,10.5,1.0,Lyft XL,2018-11-27 17:00:00
3.45,Uber,2018-11-28 16:20:08.026,South Station,Back Bay,32.5,1.0,Black SUV,2018-11-28 16:00:00
2.86,Lyft,2018-11-30 10:28:02.411,Financial District,Northeastern University,10.5,1.0,Shared,2018-11-30 10:00:00
1.94,Lyft,2018-12-13 21:25:03.564,Beacon Hill,North End,3.0,1.0,Shared,2018-12-13 21:00:00
1.08,Uber,2018-12-16 20:55:12.862,North End,North Station,9.5,1.0,UberX,2018-12-16 20:00:00
3.45,Uber,2018-12-02 16:18:01.166,South Station,Back Bay,10.5,1.0,UberX,2018-12-02 16:00:00
3.04,Uber,2018-11-28 15:44:07.972,West End,Boston University,8.0,1.0,UberPool,2018-11-28 15:00:00
1.72,Lyft,2018-11-28 11:11:26.269,North End,Theatre District,16.5,1.0,Lux,2018-11-28 11:00:00
2.99,Lyft,2018-12-15 17:20:08.985,West End,Boston University,38.5,1.25,Lux Black,2018-12-15 17:00:00
3.05,Uber,2018-12-18 17:30:10.113,Fenway,North Station,9.5,1.0,UberPool,2018-12-18 17:00:00
3.96,Uber,2018-11-29 19:18:00.802,Financial District,Boston University,14.0,1.0,UberX,2018-11-29 19:00:00
1.3,Uber,2018-11-29 01:33:42.470,Theatre District,South Station,7.5,1.0,WAV,2018-11-29 01:00:00
2.17,Uber,2018-11-29 15:38:09.851,South Station,North Station,18.0,1.0,Black,2018-11-29 15:00:00
3.3,Uber,2018-12-02 13:37:58.285,Northeastern University,North Station,9.5,1.0,UberX,2018-12-02 13:00:00
3.01,Uber,2018-11-28 14:32:08.226,Boston University,North Station,22.5,1.0,Black,2018-11-28 14:00:00
3.26,Lyft,2018-11-27 16:21:23.724,North Station,Northeastern University,19.5,1.0,Lyft XL,2018-11-27 16:00:00
4.15,Lyft,2018-12-14 10:20:07.600,Financial District,Northeastern University,42.5,1.0,Lux Black XL,2018-12-14 10:00:00
1.39,Lyft,2018-12-02 04:03:00.911,Haymarket Square,Beacon Hill,10.5,1.0,Lyft XL,2018-12-02 04:00:00
1.46,Uber,2018-12-01 02:23:06.959,Beacon Hill,North End,19.5,1.0,Black,2018-12-01 02:00:00
2.56,Uber,2018-11-29 00:39:27.984,Northeastern University,Beacon Hill,22.0,1.0,Black,2018-11-29 00:00:00
1.22,Uber,2018-12-17 12:05:06.389,Northeastern University,Back Bay,7.0,1.0,UberX,2018-12-17 12:00:00
1.82,Uber,2018-12-15 09:45:05.745,Back Bay,Haymarket Square,21.0,1.0,Black,2018-12-15 09:00:00
5.24,Lyft,2018-11-29 00:02:08.071,Boston University,Financial District,42.5,1.0,Lux Black XL,2018-11-29 00:00:00
0.72,Uber,2018-12-01 23:12:58.999,Haymarket Square,West End,8.0,1.0,UberX,2018-12-01 23:00:00
3.05,Uber,2018-12-14 18:35:03.990,Fenway,North Station,29.5,1.0,Black SUV,2018-12-14 18:00:00
4.55,Uber,2018-12-18 02:20:11.449,Financial District,Northeastern University,11.0,1.0,UberPool,2018-12-18 02:00:00
5.24,Lyft,2018-11-28 18:06:26.820,Boston University,Financial District,13.5,1.0,Lyft,2018-11-28 18:00:00
2.22,Lyft,2018-12-04 01:08:03.058,South Station,Beacon Hill,27.5,1.0,Lux Black XL,2018-12-04 01:00:00
1.21,Lyft,2018-12-16 14:15:04.857,Haymarket Square,Financial District,13.5,1.0,Lux,2018-12-16 14:00:00
5.22,Lyft,2018-12-13 21:45:16.968,Boston University,Financial District,22.5,1.0,Lyft XL,2018-12-13 21:00:00
0.63,Lyft,2018-11-27 19:03:24.187,South Station,Theatre District,9.0,1.5,Lyft,2018-11-27 19:00:00
2.32,Uber,2018-11-26 23:21:14.792,Haymarket Square,Back Bay,9.5,1.0,WAV,2018-11-26 23:00:00
1.56,Uber,2018-11-27 04:51:23.634,Back Bay,Boston University,8.0,1.0,WAV,2018-11-27 04:00:00
3.39,Uber,2018-12-18 01:50:08.525,North Station,Boston University,36.0,1.0,Black SUV,2018-12-18 01:00:00
4.55,Uber,2018-11-28 16:41:25.647,Financial District,Northeastern University,41.5,1.0,Black SUV,2018-11-28 16:00:00
1.35,Uber,2018-12-15 22:55:09.528,North End,Beacon Hill,27.0,1.0,Black SUV,2018-12-15 22:00:00
2.87,Lyft,2018-12-03 14:07:58.735,Boston University,West End,16.5,1.0,Lyft XL,2018-12-03 14:00:00
2.8,Uber,2018-11-28 14:36:25.081,West End,South Station,16.0,1.0,UberXL,2018-11-28 14:00:00
3.04,Uber,2018-11-30 10:32:56.186,West End,Boston University,33.0,1.0,Black SUV,2018-11-30 10:00:00
1.34,Uber,2018-11-28 23:08:07.847,Fenway,Back Bay,17.0,1.0,Black,2018-11-28 23:00:00
3.17,Lyft,2018-12-17 01:05:05.777,Fenway,North Station,19.5,1.0,Lyft XL,2018-12-17 01:00:00
3.14,Lyft,2018-11-27 04:42:23.427,West End,Boston University,34.0,1.0,Lux Black XL,2018-11-27 04:00:00
1.05,Lyft,2018-12-14 08:40:12.757,Northeastern University,Back Bay,7.0,1.0,Lyft,2018-12-14 08:00:00
3.53,Uber,2018-12-18 12:15:05.456,Back Bay,South Station,9.5,1.0,UberPool,2018-12-18 12:00:00
2.86,Lyft,2018-11-28 15:31:26.893,Boston University,West End,27.5,1.0,Lux Black,2018-11-28 15:00:00
0.54,Uber,2018-12-14 10:10:11.341,Financial District,South Station,7.0,1.0,WAV,2018-12-14 10:00:00
1.61,Uber,2018-12-02 18:13:02.810,Haymarket Square,Theatre District,8.5,1.0,UberPool,2018-12-02 18:00:00
1.0,Lyft,2018-12-02 16:33:05.757,North End,Financial District,16.5,1.0,Lux Black,2018-12-02 16:00:00
4.57,Uber,2018-12-13 06:55:05.447,Financial District,Northeastern University,29.5,1.0,Black,2018-12-13 06:00:00
4.4,Lyft,2018-11-30 18:58:05.780,Fenway,Financial District,27.5,1.0,Lyft XL,2018-11-30 18:00:00
1.55,Lyft,2018-11-29 02:32:08.328,Back Bay,Northeastern University,16.5,1.5,Lyft XL,2018-11-29 02:00:00
2.69,Lyft,2018-12-14 11:45:08.848,Theatre District,Fenway,10.5,1.0,Lyft,2018-12-14 11:00:00
2.81,Uber,2018-12-16 11:35:09.895,Theatre District,Northeastern University,25.0,1.0,Black,2018-12-16 11:00:00
1.25,Lyft,2018-11-27 23:18:22.022,North End,Financial District,19.5,1.25,Lux Black,2018-11-27 23:00:00
2.98,Uber,2018-11-28 16:50:07.891,Theatre District,Boston University,32.0,1.0,Black SUV,2018-11-28 16:00:00
4.55,Uber,2018-12-13 23:15:17.689,Financial District,Northeastern University,9.5,1.0,UberPool,2018-12-13 23:00:00
2.32,Uber,2018-11-28 09:47:07.640,Fenway,Beacon Hill,22.5,1.0,Black,2018-11-28 09:00:00
1.97,Uber,2018-11-28 21:14:07.975,Northeastern University,Beacon Hill,20.5,1.0,Black,2018-11-28 21:00:00
2.45,Lyft,2018-11-26 18:44:11.348,Back Bay,North End,10.5,1.0,Lyft,2018-11-26 18:00:00
1.64,Uber,2018-12-17 05:55:08.755,Back Bay,Northeastern University,8.5,1.0,WAV,2018-12-17 05:00:00
2.27,Lyft,2018-11-27 05:03:23.591,Haymarket Square,Back Bay,26.0,1.0,Lux Black,2018-11-27 05:00:00
2.56,Uber,2018-12-17 12:35:09.610,Northeastern University,Beacon Hill,16.0,1.0,UberXL,2018-12-17 12:00:00
2.41,Lyft,2018-11-27 02:18:23.489,Beacon Hill,Fenway,9.0,1.0,Lyft,2018-11-27 02:00:00
2.66,Uber,2018-12-14 15:30:15.722,Fenway,Theatre District,9.0,1.0,UberPool,2018-12-14 15:00:00
1.91,Uber,2018-11-28 19:05:08.303,Theatre District,Northeastern University,7.0,1.0,UberPool,2018-11-28 19:00:00
1.76,Lyft,2018-11-28 19:01:27.273,Theatre District,North End,22.5,1.0,Lux Black,2018-11-28 19:00:00
0.85,Lyft,2018-11-26 22:05:10.531,Financial District,Haymarket Square,13.5,1.0,Lux,2018-11-26 22:00:00
2.14,Uber,2018-12-15 08:10:11.852,South Station,West End,28.0,1.0,Black SUV,2018-12-15 08:00:00
2.34,Uber,2018-12-18 12:40:03.721,Back Bay,North End,32.0,1.0,Black SUV,2018-12-18 12:00:00
1.85,Lyft,2018-12-17 21:25:11.288,South Station,Back Bay,9.0,1.0,Shared,2018-12-17 21:00:00
0.92,Uber,2018-11-28 18:01:23.323,North Station,North End,11.5,1.0,UberXL,2018-11-28 18:00:00
2.27,Uber,2018-12-13 09:45:10.532,Boston University,Beacon Hill,9.5,1.0,UberX,2018-12-13 09:00:00
2.87,Uber,2018-12-01 21:32:57.741,Northeastern University,Financial District,17.0,1.0,UberXL,2018-12-01 21:00:00
1.53,Lyft,2018-12-17 05:15:11.026,Back Bay,Boston University,16.5,1.0,Lux Black,2018-12-17 05:00:00
0.62,Lyft,2018-12-17 00:05:09.417,Financial District,South Station,10.5,1.0,Lux,2018-12-17 00:00:00
1.03,Lyft,2018-12-01 22:58:08.133,Financial District,Haymarket Square,27.5,1.0,Lux Black XL,2018-12-01 22:00:00
1.36,Uber,2018-12-16 14:45:12.759,Financial District,Haymarket Square,27.0,1.0,Black SUV,2018-12-16 14:00:00
1.25,Lyft,2018-12-03 15:13:00.212,West End,North End,7.0,1.0,Lyft,2018-12-03 15:00:00
1.34,Uber,2018-11-27 00:15:12.129,Fenway,Back Bay,7.5,1.0,UberPool,2018-11-27 00:00:00
0.91,Uber,2018-12-14 21:50:03.829,Beacon Hill,Haymarket Square,8.5,1.0,UberPool,2018-12-14 21:00:00
1.5,Uber,2018-12-03 02:18:02.482,Back Bay,Fenway,6.5,1.0,UberPool,2018-12-03 02:00:00
2.04,Uber,2018-12-17 14:15:11.333,Back Bay,Haymarket Square,10.0,1.0,UberPool,2018-12-17 14:00:00
1.46,Uber,2018-12-03 04:33:05.081,Beacon Hill,North End,12.5,1.0,UberXL,2018-12-03 04:00:00
1.07,Lyft,2018-12-16 09:15:03.179,North Station,North End,26.0,1.0,Lux Black XL,2018-12-16 09:00:00
3.44,Lyft,2018-12-18 06:15:09.272,Back Bay,North End,5.0,1.0,Shared,2018-12-18 06:00:00
2.66,Uber,2018-12-17 11:10:08.353,Fenway,Theatre District,9.5,1.0,WAV,2018-12-17 11:00:00
5.7,Uber,2018-11-27 20:15:22.994,Boston University,Financial District,27.0,1.0,UberXL,2018-11-27 20:00:00
3.97,Lyft,2018-12-02 03:58:03.659,Financial District,Northeastern University,27.5,1.0,Lux,2018-12-02 03:00:00
2.48,Lyft,2018-11-27 06:54:22.055,South Station,Beacon Hill,7.0,1.0,Shared,2018-11-27 06:00:00
1.21,Uber,2018-12-01 20:58:01.450,North End,Financial District,11.5,1.0,UberXL,2018-12-01 20:00:00
0.77,Lyft,2018-12-18 19:05:08.436,Haymarket Square,West End,16.5,1.0,Lux Black,2018-12-18 19:00:00
1.46,Lyft,2018-12-17 18:15:14.004,Boston University,Back Bay,13.5,1.0,Lyft XL,2018-12-17 18:00:00
0.62,Uber,2018-11-27 03:18:22.021,West End,Haymarket Square,15.0,1.0,Black,2018-11-27 03:00:00
3.22,Lyft,2018-12-14 17:40:06.316,North Station,Northeastern University,22.5,1.0,Lux,2018-12-14 17:00:00
1.04,Uber,2018-12-13 15:05:15.971,Financial District,North End,15.0,1.0,Black,2018-12-13 15:00:00
2.67,Uber,2018-12-16 13:55:08.479,Boston University,Theatre District,17.0,1.0,UberXL,2018-12-16 13:00:00
0.62,Lyft,2018-12-14 02:00:10.702,South Station,Theatre District,7.0,1.0,Shared,2018-12-14 02:00:00
1.9,Uber,2018-11-28 09:37:36.509,Beacon Hill,North End,29.5,1.0,Black SUV,2018-11-28 09:00:00
1.5,Uber,2018-12-14 02:50:11.762,Back Bay,Fenway,14.0,1.0,UberXL,2018-12-14 02:00:00
1.73,Lyft,2018-12-01 05:08:03.185,South Station,West End,19.5,1.0,Lux Black,2018-12-01 05:00:00
1.8,Uber,2018-11-29 16:37:59.784,Northeastern University,Theatre District,28.5,1.0,Black SUV,2018-11-29 16:00:00
1.47,Lyft,2018-12-16 00:50:13.809,North End,Beacon Hill,27.5,1.0,Lux Black XL,2018-12-16 00:00:00
3.1,Lyft,2018-11-30 02:27:58.815,Fenway,Theatre District,19.5,1.0,Lyft XL,2018-11-30 02:00:00
2.86,Uber,2018-11-27 13:09:22.118,West End,Northeastern University,12.5,1.0,WAV,2018-11-27 13:00:00
1.56,Uber,2018-11-28 19:29:07.698,Back Bay,Boston University,6.5,1.0,UberPool,2018-11-28 19:00:00
1.4,Uber,2018-12-17 19:15:15.308,Boston University,Back Bay,17.5,1.0,Black,2018-12-17 19:00:00
4.44,Uber,2018-11-30 10:08:05.013,Boston University,Financial District,12.0,1.0,UberPool,2018-11-30 10:00:00
0.74,Lyft,2018-12-03 06:23:05.501,Haymarket Square,West End,3.0,1.0,Shared,2018-12-03 06:00:00
0.72,Uber,2018-12-16 21:05:09.709,Haymarket Square,West End,10.5,1.0,UberXL,2018-12-16 21:00:00
2.29,Uber,2018-12-13 22:35:14.620,North Station,South Station,13.5,1.0,UberXL,2018-12-13 22:00:00
3.01,Uber,2018-12-01 15:32:58.100,Boston University,North Station,10.5,1.0,WAV,2018-12-01 15:00:00
0.63,Uber,2018-12-16 22:15:05.242,Financial District,South Station,4.5,1.0,UberPool,2018-12-16 22:00:00
0.5,Lyft,2018-12-16 18:20:09.886,South Station,Financial District,16.5,1.0,Lux Black,2018-12-16 18:00:00
2.2,Uber,2018-12-13 05:25:09.803,Haymarket Square,Back Bay,28.5,1.0,Black SUV,2018-12-13 05:00:00
2.62,Uber,2018-12-03 00:18:05.264,Boston University,Theatre District,7.5,1.0,UberPool,2018-12-03 00:00:00
2.81,Lyft,2018-12-01 21:43:01.022,Back Bay,North End,34.0,1.0,Lux Black XL,2018-12-01 21:00:00
3.39,Uber,2018-12-15 08:30:07.070,North Station,Boston University,34.0,1.0,Black SUV,2018-12-15 08:00:00
0.61,Uber,2018-12-15 00:30:10.974,West End,Haymarket Square,6.5,1.0,UberPool,2018-12-15 00:00:00
2.67,Uber,2018-11-27 14:57:22.400,Boston University,Theatre District,10.5,1.0,UberX,2018-11-27 14:00:00
3.22,Uber,2018-12-16 01:30:04.304,North Station,Northeastern University,19.5,1.0,UberXL,2018-12-16 01:00:00
1.22,Uber,2018-11-27 21:30:22.286,West End,North End,12.0,1.0,UberXL,2018-11-27 21:00:00
1.27,Lyft,2018-12-02 20:53:07.495,North End,Financial District,26.0,1.0,Lux Black XL,2018-12-02 20:00:00
4.32,Lyft,2018-12-04 03:48:02.344,Northeastern University,Financial District,5.0,1.0,Shared,2018-12-04 03:00:00
3.04,Uber,2018-12-01 07:03:02.342,West End,Boston University,21.5,1.0,Black,2018-12-01 07:00:00
0.62,Uber,2018-11-27 02:36:22.198,West End,Haymarket Square,10.5,1.0,UberXL,2018-11-27 02:00:00
1.36,Uber,2018-12-13 18:20:05.661,Beacon Hill,Haymarket Square,27.5,1.0,Black SUV,2018-12-13 18:00:00
2.4,Lyft,2018-11-28 13:53:08.073,Boston University,Beacon Hill,16.5,1.25,Lyft XL,2018-11-28 13:00:00
1.16,Uber,2018-11-28 15:41:08.232,Theatre District,Haymarket Square,9.5,1.0,WAV,2018-11-28 15:00:00
1.21,Uber,2018-11-29 18:43:06.411,North End,Financial District,15.0,1.0,Black,2018-11-29 18:00:00
1.44,Lyft,2018-12-13 09:25:05.242,Back Bay,Northeastern University,22.5,1.25,Lux Black,2018-12-13 09:00:00
2.48,Uber,2018-11-30 16:12:56.146,South Station,Beacon Hill,29.5,1.0,Black SUV,2018-11-30 16:00:00
1.35,Uber,2018-12-17 14:55:12.402,Haymarket Square,Beacon Hill,7.5,1.0,UberX,2018-12-17 14:00:00
0.57,Lyft,2018-11-27 04:45:22.408,North Station,Haymarket Square,27.5,1.0,Lux Black XL,2018-11-27 04:00:00
1.0,Lyft,2018-11-27 17:42:24.300,Haymarket Square,Financial District,3.5,1.0,Shared,2018-11-27 17:00:00
1.89,Lyft,2018-11-28 10:53:07.618,North Station,South Station,3.0,1.0,Shared,2018-11-28 10:00:00
2.39,Lyft,2018-12-02 13:03:05.632,Back Bay,South Station,16.5,1.0,Lyft XL,2018-12-02 13:00:00
2.27,Lyft,2018-11-27 20:00:24.318,Boston University,Beacon Hill,10.5,1.0,Lyft,2018-11-27 20:00:00
5.36,Lyft,2018-12-14 12:50:08.753,Boston University,Financial District,45.5,1.0,Lux Black XL,2018-12-14 12:00:00
2.32,Uber,2018-11-29 02:44:22.303,Northeastern University,Theatre District,10.5,1.0,UberX,2018-11-29 02:00:00
1.57,Uber,2018-12-15 05:40:12.500,North End,Theatre District,19.5,1.0,Black,2018-12-15 05:00:00
2.98,Lyft,2018-12-16 23:05:10.098,North End,Back Bay,9.0,1.0,Shared,2018-12-16 23:00:00
0.56,Uber,2018-12-03 02:03:00.785,Haymarket Square,North Station,16.0,1.0,Black,2018-12-03 02:00:00
1.04,Lyft,2018-11-28 00:36:22.421,North End,North Station,7.0,1.0,Lyft,2018-11-28 00:00:00
5.27,Lyft,2018-12-18 14:40:13.214,Boston University,Financial District,22.5,1.0,Lyft XL,2018-12-18 14:00:00
1.0,Uber,2018-11-28 23:59:08.312,North End,West End,8.5,1.0,UberX,2018-11-28 23:00:00
0.72,Uber,2018-11-30 23:27:59.032,Haymarket Square,West End,11.5,1.0,UberXL,2018-11-30 23:00:00
1.57,Lyft,2018-12-16 10:00:08.609,Back Bay,Boston University,16.5,1.0,Lux Black,2018-12-16 10:00:00
0.69,Lyft,2018-11-29 19:23:08.588,West End,Haymarket Square,7.0,1.0,Lyft,2018-11-29 19:00:00
2.5,Uber,2018-11-28 16:56:11.921,Beacon Hill,South Station,20.5,1.0,Black,2018-11-28 16:00:00
0.67,Uber,2018-11-27 18:12:22.188,Haymarket Square,North Station,7.0,1.0,WAV,2018-11-27 18:00:00
1.15,Lyft,2018-12-17 22:40:04.821,Financial District,North End,5.0,1.0,Shared,2018-12-17 22:00:00
0.91,Uber,2018-11-27 20:42:23.558,Beacon Hill,Haymarket Square,8.5,1.0,UberX,2018-11-27 20:00:00
2.17,Uber,2018-11-27 22:51:22.221,South Station,North Station,19.5,1.0,Black,2018-11-27 22:00:00
1.08,Lyft,2018-12-18 11:10:09.832,North End,North Station,16.5,1.0,Lux Black,2018-12-18 11:00:00
2.44,Lyft,2018-12-14 10:15:11.670,Beacon Hill,Northeastern University,13.5,1.0,Lyft XL,2018-12-14 10:00:00
2.29,Uber,2018-11-29 18:23:05.022,North Station,South Station,14.0,1.0,UberXL,2018-11-29 18:00:00
3.47,Lyft,2018-12-01 16:43:05.943,North Station,Boston University,27.5,1.0,Lux Black,2018-12-01 16:00:00
3.03,Lyft,2018-12-03 04:08:01.746,West End,Boston University,10.5,1.0,Lyft,2018-12-03 04:00:00
0.63,Uber,2018-12-14 16:10:08.706,Financial District,South Station,7.0,1.0,WAV,2018-12-14 16:00:00
3.19,Lyft,2018-11-30 06:37:58.797,Back Bay,South Station,19.5,1.0,Lyft XL,2018-11-30 06:00:00
1.28,Uber,2018-12-16 22:25:05.178,Theatre District,South Station,27.0,1.0,Black SUV,2018-12-16 22:00:00
2.79,Uber,2018-12-03 07:07:57.575,Beacon Hill,Boston University,21.5,1.0,Black,2018-12-03 07:00:00
1.01,Lyft,2018-12-16 13:35:06.570,Northeastern University,Back Bay,26.0,1.0,Lux Black XL,2018-12-16 13:00:00
1.44,Uber,2018-12-13 03:25:11.132,South Station,West End,28.5,1.0,Black SUV,2018-12-13 03:00:00
0.63,Uber,2018-12-16 01:50:08.871,Financial District,South Station,16.0,1.0,Black,2018-12-16 01:00:00
2.41,Lyft,2018-11-27 20:18:22.338,Fenway,Beacon Hill,32.5,1.0,Lux Black XL,2018-11-27 20:00:00
1.24,Lyft,2018-12-18 15:35:10.850,North End,Financial District,7.0,1.0,Lyft,2018-12-18 15:00:00
4.44,Uber,2018-12-14 07:35:12.491,Boston University,Financial District,20.5,1.0,UberXL,2018-12-14 07:00:00
2.66,Lyft,2018-11-27 21:18:22.554,Beacon Hill,Boston University,30.0,1.0,Lux Black XL,2018-11-27 21:00:00
4.49,Lyft,2018-12-17 19:55:11.804,Fenway,Financial District,26.0,1.0,Lux,2018-12-17 19:00:00
0.62,Lyft,2018-11-28 11:38:07.361,Financial District,South Station,5.0,1.0,Shared,2018-11-28 11:00:00
3.47,Uber,2018-12-17 04:20:11.148,West End,Boston University,27.0,1.0,Black,2018-12-17 04:00:00
1.08,Uber,2018-12-01 07:38:01.676,North End,North Station,11.0,1.0,UberXL,2018-12-01 07:00:00
3.01,Uber,2018-12-16 21:10:12.786,Boston University,North Station,11.0,1.0,UberX,2018-12-16 21:00:00
2.33,Uber,2018-12-18 13:05:09.953,North End,Back Bay,17.5,1.0,UberXL,2018-12-18 13:00:00
0.56,Lyft,2018-11-26 12:29:10.004,North Station,Haymarket Square,16.5,1.0,Lux Black,2018-11-26 12:00:00
1.44,Uber,2018-12-16 04:55:06.707,Boston University,Back Bay,7.0,1.0,UberPool,2018-12-16 04:00:00
1.61,Uber,2018-12-02 21:38:01.542,Haymarket Square,Theatre District,11.0,1.0,UberPool,2018-12-02 21:00:00
1.16,Uber,2018-11-26 20:44:10.225,Theatre District,Haymarket Square,9.5,1.0,UberX,2018-11-26 20:00:00
1.3,Uber,2018-12-14 16:40:09.898,Theatre District,South Station,9.0,1.0,UberPool,2018-12-14 16:00:00
2.83,Lyft,2018-12-13 08:40:11.166,Boston University,West End,11.0,1.0,Lyft,2018-12-13 08:00:00
2.31,Lyft,2018-12-16 02:35:05.458,Fenway,Beacon Hill,13.5,1.0,Lyft XL,2018-12-16 02:00:00
2.97,Lyft,2018-11-27 06:09:22.094,Financial District,Northeastern University,55.0,1.25,Lux Black XL,2018-11-27 06:00:00
1.72,Lyft,2018-12-14 05:20:07.252,South Station,West End,5.0,1.0,Shared,2018-12-14 05:00:00
2.81,Uber,2018-12-17 01:15:03.519,Theatre District,Northeastern University,19.5,1.0,Black,2018-12-17 01:00:00
7.46,Uber,2018-12-13 16:05:13.592,Northeastern University,Financial District,52.0,1.0,Black SUV,2018-12-13 16:00:00
5.44,Lyft,2018-11-27 04:12:22.010,Boston University,Financial District,45.5,1.0,Lux Black XL,2018-11-27 04:00:00
3.15,Lyft,2018-12-16 19:35:11.664,Fenway,North Station,34.0,1.0,Lux Black XL,2018-12-16 19:00:00
4.57,Uber,2018-11-30 18:12:59.292,Financial District,Northeastern University,11.5,1.0,WAV,2018-11-30 18:00:00
3.11,Lyft,2018-12-01 09:07:58.106,Northeastern University,Financial District,19.5,1.0,Lyft XL,2018-12-01 09:00:00
1.64,Uber,2018-11-29 01:11:07.971,Back Bay,Northeastern University,7.0,1.0,UberPool,2018-11-29 01:00:00
2.44,Lyft,2018-12-15 04:35:03.512,Beacon Hill,Northeastern University,9.0,1.0,Lyft,2018-12-15 04:00:00
3.17,Lyft,2018-12-01 23:28:00.994,Fenway,North Station,22.5,1.0,Lux,2018-12-01 23:00:00
1.26,Lyft,2018-11-30 14:57:57.432,North End,Financial District,26.0,1.0,Lux Black XL,2018-11-30 14:00:00
2.52,Lyft,2018-12-01 08:18:01.981,Northeastern University,Beacon Hill,10.5,1.0,Lyft,2018-12-01 08:00:00
4.48,Uber,2018-12-03 09:48:00.571,Fenway,Financial District,12.0,1.0,WAV,2018-12-03 09:00:00
0.49,Uber,2018-11-27 23:51:23.452,North Station,Haymarket Square,7.0,1.0,WAV,2018-11-27 23:00:00
1.35,Uber,2018-11-28 18:41:23.265,Haymarket Square,Beacon Hill,8.5,1.0,WAV,2018-11-28 18:00:00
1.34,Uber,2018-11-29 18:28:02.359,Fenway,Back Bay,11.5,1.0,UberXL,2018-11-29 18:00:00
2.84,Uber,2018-12-17 07:40:09.494,North End,Back Bay,31.5,1.0,Black SUV,2018-12-17 07:00:00
0.72,Uber,2018-12-01 20:43:06.410,Haymarket Square,West End,9.0,1.0,UberX,2018-12-01 20:00:00
2.3,Lyft,2018-11-29 01:32:08.033,Boston University,Beacon Hill,16.5,1.0,Lux,2018-11-29 01:00:00
5.56,Uber,2018-12-02 19:08:01.035,Boston University,Financial District,18.0,1.0,UberX,2018-12-02 19:00:00
2.42,Lyft,2018-12-01 14:02:56.518,Beacon Hill,Fenway,7.0,1.0,Shared,2018-12-01 14:00:00
1.4,Lyft,2018-11-27 19:18:23.548,Beacon Hill,Haymarket Square,3.5,1.0,Shared,2018-11-27 19:00:00
2.19,Uber,2018-12-16 19:15:04.923,North End,Beacon Hill,9.5,1.0,WAV,2018-12-16 19:00:00
3.12,Lyft,2018-12-01 22:18:01.094,Boston University,Theatre District,27.5,1.0,Lux Black,2018-12-01 22:00:00
2.48,Uber,2018-12-18 12:20:04.289,South Station,Beacon Hill,14.5,1.0,UberXL,2018-12-18 12:00:00
1.7,Uber,2018-11-27 05:00:22.293,West End,South Station,8.0,1.0,WAV,2018-11-27 05:00:00
0.44,Lyft,2018-12-04 00:13:03.069,South Station,Financial District,9.0,1.0,Lyft XL,2018-12-04 00:00:00
2.5,Uber,2018-12-04 05:22:58.798,Beacon Hill,South Station,30.5,1.0,Black SUV,2018-12-04 05:00:00
1.46,Uber,2018-11-27 07:03:21.780,Beacon Hill,North End,12.5,1.0,UberXL,2018-11-27 07:00:00
1.55,Lyft,2018-12-17 16:35:03.562,Theatre District,North End,16.5,1.0,Lux,2018-12-17 16:00:00
1.57,Lyft,2018-11-28 00:24:22.102,South Station,Back Bay,27.5,1.0,Lux Black XL,2018-11-28 00:00:00
3.22,Lyft,2018-12-03 20:52:57.356,West End,Fenway,22.5,1.0,Lux,2018-12-03 20:00:00
2.01,Lyft,2018-12-18 18:00:09.181,Theatre District,Northeastern University,19.5,1.0,Lux Black,2018-12-18 18:00:00
2.61,Uber,2018-12-14 05:10:03.547,Beacon Hill,Northeastern University,10.5,1.0,UberX,2018-12-14 05:00:00
1.89,Uber,2018-12-17 09:05:08.838,South Station,Back Bay,28.5,1.0,Black SUV,2018-12-17 09:00:00
1.16,Uber,2018-12-16 00:20:11.010,West End,North End,8.5,1.0,UberX,2018-12-16 00:00:00
2.32,Uber,2018-12-14 18:40:13.974,Fenway,Beacon Hill,9.5,1.0,WAV,2018-12-14 18:00:00
0.91,Uber,2018-11-29 01:05:08.287,Beacon Hill,Haymarket Square,7.0,1.0,UberPool,2018-11-29 01:00:00
1.1,Lyft,2018-12-18 14:30:13.022,North End,North Station,16.5,1.0,Lux Black,2018-12-18 14:00:00
1.3,Uber,2018-11-28 15:41:08.441,Theatre District,South Station,7.5,1.0,UberPool,2018-11-28 15:00:00
2.73,Uber,2018-12-17 00:35:12.328,West End,Northeastern University,15.0,1.0,UberXL,2018-12-17 00:00:00
3.52,Uber,2018-12-18 06:15:03.574,West End,Boston University,12.0,1.0,UberPool,2018-12-18 06:00:00
1.5,Uber,2018-12-15 04:40:12.662,North Station,South Station,14.0,1.0,UberXL,2018-12-15 04:00:00
2.29,Uber,2018-11-28 16:16:24.900,North Station,South Station,9.0,1.0,UberPool,2018-11-28 16:00:00
1.03,Uber,2018-12-03 16:48:05.087,North Station,North End,16.0,1.0,Black,2018-12-03 16:00:00
0.61,Uber,2018-12-16 14:15:11.828,West End,Haymarket Square,7.5,1.0,WAV,2018-12-16 14:00:00
1.7,Uber,2018-12-15 23:00:13.450,West End,South Station,26.5,1.0,Black SUV,2018-12-15 23:00:00
1.07,Lyft,2018-11-27 14:33:22.377,North End,North Station,3.0,1.0,Shared,2018-11-27 14:00:00
1.78,Uber,2018-12-01 05:38:04.527,West End,South Station,13.5,1.0,UberXL,2018-12-01 05:00:00
2.73,Lyft,2018-12-01 17:52:56.512,Beacon Hill,Boston University,30.0,1.0,Lux Black XL,2018-12-01 17:00:00
2.37,Uber,2018-12-03 20:12:59.708,Fenway,Beacon Hill,10.5,1.0,WAV,2018-12-03 20:00:00
3.1,Uber,2018-11-27 10:45:22.089,North Station,Fenway,35.0,1.0,Black SUV,2018-11-27 10:00:00
2.34,Uber,2018-12-18 10:20:10.211,Back Bay,North End,24.0,1.0,Black,2018-12-18 10:00:00
2.69,Uber,2018-12-01 04:33:02.670,Financial District,Northeastern University,19.5,1.0,UberXL,2018-12-01 04:00:00
1.37,Lyft,2018-11-29 11:53:01.634,Haymarket Square,Beacon Hill,7.0,1.0,Lyft,2018-11-29 11:00:00
3.37,Uber,2018-12-17 10:55:12.961,Northeastern University,North Station,27.0,1.0,Black,2018-12-17 10:00:00
2.12,Uber,2018-12-14 17:20:09.492,South Station,North Station,8.5,1.0,WAV,2018-12-14 17:00:00
3.65,Lyft,2018-12-15 09:55:13.073,Back Bay,North End,13.5,1.0,Lyft,2018-12-15 09:00:00
1.46,Lyft,2018-12-14 20:05:12.027,Fenway,Back Bay,13.5,1.0,Lux,2018-12-14 20:00:00
1.8,Uber,2018-11-28 18:26:26.358,Northeastern University,Theatre District,28.0,1.0,Black SUV,2018-11-28 18:00:00
3.16,Lyft,2018-12-02 14:42:57.548,Boston University,North Station,13.5,1.0,Lyft,2018-12-02 14:00:00
3.45,Lyft,2018-12-16 14:00:03.636,North Station,Boston University,19.5,1.0,Lyft XL,2018-12-16 14:00:00
2.45,Lyft,2018-12-15 02:50:07.532,Fenway,Beacon Hill,13.5,1.0,Lyft XL,2018-12-15 02:00:00
1.26,Lyft,2018-12-03 18:33:03.330,Haymarket Square,Financial District,3.0,1.0,Shared,2018-12-03 18:00:00
1.16,Uber,2018-12-17 23:20:12.487,Theatre District,Haymarket Square,9.5,1.0,UberX,2018-12-17 23:00:00
0.43,Lyft,2018-11-27 02:36:22.922,North Station,Haymarket Square,26.0,1.0,Lux Black XL,2018-11-27 02:00:00
1.87,Lyft,2018-12-01 21:48:04.105,Beacon Hill,North End,9.0,1.0,Lyft,2018-12-01 21:00:00
1.63,Uber,2018-12-16 20:00:13.162,West End,South Station,9.5,1.0,WAV,2018-12-16 20:00:00
1.54,Lyft,2018-12-01 23:38:00.512,Beacon Hill,North End,13.5,1.0,Lyft XL,2018-12-01 23:00:00
2.42,Lyft,2018-12-17 23:55:12.242,Beacon Hill,Northeastern University,7.0,1.0,Shared,2018-12-17 23:00:00
1.97,Uber,2018-11-27 01:15:22.368,Northeastern University,Beacon Hill,8.5,1.0,UberX,2018-11-27 01:00:00
1.64,Uber,2018-12-17 18:15:13.565,Back Bay,Northeastern University,17.0,1.0,Black,2018-12-17 18:00:00
2.97,Lyft,2018-11-30 15:03:00.884,Fenway,West End,10.5,1.0,Lyft,2018-11-30 15:00:00
0.56,Uber,2018-12-17 14:15:05.545,Haymarket Square,North Station,7.0,1.0,WAV,2018-12-17 14:00:00
1.23,Lyft,2018-12-03 16:57:56.026,Theatre District,Haymarket Square,5.0,1.0,Shared,2018-12-03 16:00:00
1.54,Lyft,2018-11-30 12:33:05.804,Back Bay,Fenway,9.0,1.0,Lyft,2018-11-30 12:00:00
3.09,Lyft,2018-12-02 20:52:56.639,Boston University,Theatre District,22.5,1.0,Lux,2018-12-02 20:00:00
2.32,Uber,2018-11-27 22:57:24.091,Fenway,Beacon Hill,14.0,1.0,UberXL,2018-11-27 22:00:00
1.25,Lyft,2018-11-28 20:44:08.051,North End,Financial District,5.0,1.0,Shared,2018-11-28 20:00:00
1.39,Uber,2018-11-28 10:44:07.929,Boston University,Back Bay,15.0,1.0,Black,2018-11-28 10:00:00
0.49,Uber,2018-11-28 17:41:26.785,North Station,Haymarket Square,27.0,1.0,Black SUV,2018-11-28 17:00:00
2.47,Lyft,2018-12-15 15:30:05.454,Northeastern University,Beacon Hill,7.0,1.0,Shared,2018-12-15 15:00:00
0.94,Uber,2018-12-01 10:33:00.463,Haymarket Square,West End,7.0,1.0,UberX,2018-12-01 10:00:00
3.14,Lyft,2018-12-15 14:45:15.150,West End,Boston University,16.5,1.0,Lyft XL,2018-12-15 14:00:00
1.9,Uber,2018-11-30 17:17:57.314,Beacon Hill,North End,8.5,1.0,UberX,2018-11-30 17:00:00
3.39,Uber,2018-11-27 20:12:23.674,North Station,Boston University,17.5,1.0,UberXL,2018-11-27 20:00:00
3.04,Uber,2018-12-02 00:02:56.243,West End,Boston University,9.5,1.0,UberX,2018-12-02 00:00:00
2.46,Uber,2018-12-03 19:43:03.407,Beacon Hill,Fenway,9.0,1.0,WAV,2018-12-03 19:00:00
1.1,Lyft,2018-12-17 12:45:12.821,North Station,North End,26.0,1.0,Lux Black XL,2018-12-17 12:00:00
2.79,Lyft,2018-11-28 15:51:25.937,Back Bay,North End,34.0,1.0,Lux Black XL,2018-11-28 15:00:00
2.84,Lyft,2018-12-02 21:58:01.590,West End,Fenway,22.5,1.25,Lyft XL,2018-12-02 21:00:00
1.57,Uber,2018-12-16 07:25:10.776,North End,Theatre District,7.5,1.0,UberPool,2018-12-16 07:00:00
1.42,Lyft,2018-11-27 03:30:22.050,South Station,Back Bay,27.5,1.0,Lux Black XL,2018-11-27 03:00:00
4.44,Uber,2018-12-01 00:32:59.773,Boston University,Financial District,42.5,1.0,Black SUV,2018-12-01 00:00:00
2.74,Lyft,2018-12-14 10:45:12.200,Theatre District,Fenway,19.5,1.25,Lyft XL,2018-12-14 10:00:00
2.32,Uber,2018-12-16 20:10:05.254,Haymarket Square,Back Bay,20.5,1.0,UberX,2018-12-16 20:00:00
2.32,Uber,2018-12-18 18:50:04.549,Fenway,Beacon Hill,11.5,1.0,UberX,2018-12-18 18:00:00
3.39,Uber,2018-12-01 15:08:06.244,North Station,Boston University,11.5,1.0,WAV,2018-12-01 15:00:00
1.44,Uber,2018-11-28 10:20:07.942,Boston University,Back Bay,12.5,1.0,UberXL,2018-11-28 10:00:00
5.56,Uber,2018-11-30 07:32:56.700,Boston University,Financial District,24.0,1.0,UberXL,2018-11-30 07:00:00
0.43,Lyft,2018-11-26 15:17:09.532,South Station,Financial District,16.5,1.0,Lux Black,2018-11-26 15:00:00
4.37,Lyft,2018-12-18 19:00:14.271,Boston University,Theatre District,16.5,1.25,Lyft,2018-12-18 19:00:00
2.98,Lyft,2018-11-27 00:30:14.084,Fenway,West End,26.0,1.0,Lux Black,2018-11-27 00:00:00
2.31,Lyft,2018-12-03 05:37:57.426,Fenway,Beacon Hill,16.5,1.0,Lux,2018-12-03 05:00:00
1.68,Lyft,2018-12-01 23:33:03.624,West End,South Station,13.5,1.0,Lyft XL,2018-12-01 23:00:00
1.39,Uber,2018-11-28 16:20:08.206,Back Bay,Northeastern University,8.5,1.0,UberX,2018-11-28 16:00:00
1.35,Uber,2018-12-14 01:10:12.115,Haymarket Square,Beacon Hill,27.5,1.0,Black SUV,2018-12-14 01:00:00
4.48,Uber,2018-12-01 07:52:57.768,Fenway,Financial District,37.0,1.0,Black SUV,2018-12-01 07:00:00
1.74,Lyft,2018-11-29 15:57:59.242,Haymarket Square,Theatre District,30.0,1.0,Lux Black XL,2018-11-29 15:00:00
2.17,Uber,2018-11-30 12:02:56.658,South Station,North Station,19.0,1.0,Black,2018-11-30 12:00:00
1.25,Uber,2018-12-16 16:50:05.258,Haymarket Square,Financial District,7.0,1.0,UberX,2018-12-16 16:00:00
1.03,Uber,2018-11-30 01:23:04.337,North Station,North End,7.0,1.0,WAV,2018-11-30 01:00:00
2.53,Lyft,2018-12-17 07:10:11.849,Beacon Hill,South Station,22.5,1.0,Lux Black,2018-12-17 07:00:00
3.42,Uber,2018-12-14 18:20:09.159,North Station,Boston University,11.5,1.0,WAV,2018-12-14 18:00:00
3.15,Lyft,2018-11-28 13:41:23.461,Boston University,North Station,32.5,1.0,Lux Black XL,2018-11-28 13:00:00
3.44,Lyft,2018-12-03 12:58:05.499,Northeastern University,Financial District,16.5,1.0,Lyft XL,2018-12-03 12:00:00
4.53,Lyft,2018-12-10 02:41:01.134,Fenway,Financial District,45.5,1.0,Lux Black XL,2018-12-10 02:00:00
3.32,Lyft,2018-12-03 02:33:03.282,Back Bay,South Station,5.0,1.0,Shared,2018-12-03 02:00:00
3.24,Lyft,2018-11-27 13:30:22.036,North Station,Fenway,10.5,1.0,Lyft,2018-11-27 13:00:00
1.07,Lyft,2018-12-14 15:25:12.217,Theatre District,South Station,7.0,1.0,Shared,2018-12-14 15:00:00
1.44,Lyft,2018-11-27 09:48:23.771,Fenway,Back Bay,16.5,1.0,Lux Black,2018-11-27 09:00:00
1.0,Lyft,2018-11-28 14:20:07.836,Haymarket Square,Financial District,10.5,1.0,Lyft XL,2018-11-28 14:00:00
3.61,Uber,2018-12-01 11:43:02.720,Back Bay,North End,12.0,1.0,WAV,2018-12-01 11:00:00
1.61,Uber,2018-11-28 01:03:22.683,Haymarket Square,Theatre District,15.0,1.0,UberXL,2018-11-28 01:00:00
2.55,Lyft,2018-12-02 01:52:56.240,Back Bay,Haymarket Square,16.5,1.0,Lyft XL,2018-12-02 01:00:00
1.72,Lyft,2018-12-14 09:45:05.471,West End,South Station,9.0,1.0,Lyft,2018-12-14 09:00:00
2.04,Lyft,2018-12-15 02:40:10.604,South Station,North Station,30.0,1.0,Lux Black XL,2018-12-15 02:00:00
3.22,Uber,2018-11-29 06:33:01.931,North Station,Northeastern University,9.5,1.0,UberX,2018-11-29 06:00:00
4.31,Lyft,2018-12-15 05:25:05.288,Financial District,Fenway,13.5,1.0,Lyft,2018-12-15 05:00:00
3.19,Lyft,2018-11-29 00:05:08.286,Fenway,North Station,7.0,1.0,Shared,2018-11-29 00:00:00
0.73,Uber,2018-11-29 00:44:07.873,Haymarket Square,West End,7.0,1.0,WAV,2018-11-29 00:00:00
1.35,Uber,2018-11-28 14:44:07.687,South Station,Beacon Hill,10.0,1.0,UberPool,2018-11-28 14:00:00
1.3,Uber,2018-11-28 10:05:07.747,Theatre District,South Station,7.0,1.0,UberPool,2018-11-28 10:00:00
1.22,Lyft,2018-12-02 22:48:04.229,North End,Financial District,13.5,1.0,Lux,2018-12-02 22:00:00
1.46,Lyft,2018-11-29 21:32:33.609,West End,North End,9.0,1.0,Lyft,2018-11-29 21:00:00
